"y","V1","V2","V3","V4","V5","V6","V7","V8","V9","V10","V11","V12","V13","V14","V15","V16","V17","V18","V19","V20","V21","V22","V23","V24","V25","V26","V27","V28","V29","V30","V31","V32","V33","V34","V35","V36","V37","V38","V39","V40","V41","V42","V43","V44","V45","V46","V47","V48","V49","V50"
1.64284080169026,2.38714352572104,3.90262225323018,6.19335497466567,4.32869448862042,2.57942293589027,1.63095245887069,5.12833277998779,1.55352573183958,4.7893667320056,2.22036945589448,3.47854385229685,0.355395032018177,0.254968852613275,1.08815317216451,1.84858186064882,5.13956904852633,2.18439972794236,4.93352094744158,0.705570713189442,4.85334973928039,3.89957477397043,3.11831407937231,4.3871000153879,5.9280289063585,4.10249696436846,2.61105714080474,4.12550624316299,3.38998836803977,0.329845441329457,5.53526887949259,2.00615093246741,1.2157057426582,1.3413543808626,5.44419674750417,2.25248719765877,4.75089538487957,2.49756161262043,5.38735750275576,1.87658675745089,5.9116348772871,3.54028231752888,5.33863925419945,5.73688301339339,4.26227271937284,2.34996581364582,3.32054105160028,1.07773022463548,1.07125533605038,2.16523631156057,4.24480783719325
-1.47067690073492,3.54067089636618,3.28181503238042,4.19199851189574,3.78238025449686,1.95957771095151,4.27326294118255,5.22409499076539,0.394651097179433,1.30492444228944,3.92874375418697,0.211113510525103,5.48354782919467,5.68797903275773,4.82712175690536,2.77896495458772,3.02294175089201,2.3467551429485,3.31666713919628,5.60253373281801,6.25195136250328,5.76963197212468,6.18106769165101,0.712934859935712,0.709219747289216,3.46042154936162,3.40376300425437,2.50767120017104,2.18010977333996,0.079020266139836,1.84468439818957,6.14154252124615,6.25006387341321,4.70114413036869,0.933059631301714,0.232055248661126,2.28943699587475,1.45704325041981,1.80431071774373,5.04127456605231,5.94458548318352,0.366679402766085,1.23081567929342,5.42163132829531,2.23802066263523,0.765507223225664,1.71090825380762,0.368599185772753,3.50982074093338,5.43419962324382,5.40934931910033
1.63436579913773,0.293373113242024,0.491667419350094,3.65081454568557,0.480529786600127,2.14348278847902,3.00539766632761,0.528228120855777,4.34948519655686,5.36754658712875,4.53663416765128,0.863004081801167,3.62298598756585,6.01719862310369,4.66395825667351,5.96989538498538,3.83629834296167,3.014212840555,3.02241104517456,5.85447110171782,3.80176745492015,0.346803492614647,4.64427277749428,2.94584193484949,0.463636535271259,3.70237802361425,1.30977403766598,5.88888902322526,0.708547139980993,3.27211680861619,2.62842028142067,1.73798481936955,1.97126779130742,1.49109833459648,5.61967126367068,2.446591292382,3.59496867936679,3.1216885310632,3.29854823461975,1.54402128620413,6.02948224297148,0.26813586872949,3.42211945307986,0.967392169595456,5.91607367502656,2.01677395745047,4.06329058868268,5.8063831704339,3.03045401077922,2.8560495387272,4.06030732860078
1.53944246721444,5.69881380489233,2.82980317478651,0.215633624565996,5.15099139292997,5.32624644944081,4.27636212143013,4.20826599123869,2.87464026071682,2.44664391647115,1.45853549708073,3.86849324780297,1.17538604974115,2.39331900032578,1.88685608395242,1.99020815949549,0.0312208369303185,5.62248159513226,2.6510154519945,2.42444657037687,0.574783825390598,2.13113371765637,4.06327264306661,4.51711240656014,0.271986912798076,6.21297777365687,4.08744982788054,2.6395385480611,0.86690526738692,2.84404664552424,1.5063981097221,4.67904332370139,4.53310782702789,5.1486312276939,6.14148402792967,6.11791094197031,2.09013587004574,4.30851543989919,1.23897523654316,3.17230670351326,5.29866248976103,1.12850272323956,3.0165627960858,2.86358929708554,5.97921828541303,6.24297612602008,5.70862748800305,6.19298840396795,5.4677712788266,2.2525835234997,3.3114681258365
4.69304614718764,4.58586864488773,0.0393479100841081,4.7184195792862,4.70152118287444,1.11344997938664,5.57349860960573,4.72152191943683,0.0287868089604265,0.0891275057069335,4.24381994470642,2.91996129018819,0.113096833268494,5.49455077254,0.973433374653038,4.12161873439836,1.25769640840083,5.8617329378253,4.96090311512734,5.35824901712764,0.899958931473275,4.39880969592024,3.52079564891663,4.09166873732934,3.11776914092487,5.86753886908279,4.94302639956467,0.55304142633812,0.341772823089926,0.397124438146869,3.34496646289099,0.736157818396576,4.57961705026658,1.31812632266932,0.250418333283023,4.8152201883344,5.30223343768249,5.00725478647765,2.40333132869373,4.13097917622976,2.36104592591983,2.00274545082114,0.0309765383885894,4.84127531230918,0.9428362191987,5.3999625447435,6.07368092900702,1.82771699008035,1.26657687412501,2.24627502721693,1.78519118012681
4.69414775806137,6.00052271897678,5.61858210506856,1.9451284866376,0.562482090208236,2.46836295418482,3.07542055618204,2.98544096945108,2.24662535367229,1.75707215377078,2.59993417380852,2.96187042604334,4.17704541470779,2.95588988673559,4.32360375753104,2.12423259618553,5.82694371893184,1.68519914799446,1.40396281568093,3.79724599499462,3.82082015473586,2.6946743783126,3.61164609322516,1.50418240472052,4.96141694315891,4.29711576341119,6.24324924697381,2.9927132712745,4.85171497221435,4.0439298890204,5.24749392949368,4.29865057074779,5.8782602855471,3.27623921521097,2.51767097670187,4.10807068225047,2.15897557662726,0.676888957839205,1.56816141969187,5.09037429975615,1.48355170491192,2.92618898219084,0.49764018032242,5.68152816967624,4.05284835843045,4.01763273695275,1.46200812081517,2.2737014642667,1.14589430444586,5.39979403120995,2.06382603447834
7.74217941359113,5.88851804036662,3.2567928660839,5.67119564365077,4.88368577994968,0.562887870036309,1.3687588112357,1.36159968075489,0.00693883111016755,2.48552788549311,3.32860772964409,5.32606240995769,0.474693625603453,5.37404889372449,2.37063201993912,3.70848072828497,1.13385053438593,4.49953780406169,1.98630553586127,3.70443285444049,5.81447187856106,3.28373830005796,3.0565132367763,0.633914959525396,0.831746961576646,1.07555056886121,5.81132936229121,4.47999040825705,1.43837810539875,3.9741660000344,5.48594822175209,0.886373567599768,5.89545502234834,3.83546907614509,4.65127601210997,0.890672810269053,1.61199044973547,1.12921043765584,1.97045089931488,1.04126195321988,2.56560662406542,1.93076290173904,4.89034877200432,0.905163302039056,6.12952056768353,2.64536360989831,2.8229166210539,5.18376585324922,5.71717176198636,5.11156400689537,6.24616389619779
1.77113562866389,1.11986112570519,2.01992846233397,0.126279091528177,4.97255934941057,4.43473587865282,4.25350886138583,0.188769204069337,5.41895240491311,0.372401323027031,2.00428762102444,4.58178255377135,4.07498219925091,1.61095316474553,1.34087363087172,0.344646234116171,4.20348434255526,1.85625463483351,3.37174105144007,3.13145390423019,5.69128650181852,2.61877188172038,1.40298154143549,1.0632149744399,5.68363301328286,3.33072237041308,6.16003697591157,3.75892006777735,3.33559141089673,2.47221832263925,1.61819050428977,6.18942692112647,6.28158334458856,5.47725787539856,3.83899209740735,4.4548786001923,2.98131007500561,3.58978142347962,0.382439667930103,5.00233293611425,0.01499065907255,4.83142078159985,1.01081869235872,2.86302469701911,3.26891473548842,5.86150354495588,2.82370681771734,4.82867780142372,1.95633506964248,0.678458474370154,2.11238636249092
4.67352381941201,6.14930501765957,0.531537004558351,1.60459133632126,2.40194270783495,2.57078138955803,4.55741950814128,3.12522909563907,2.84266730980651,4.37092091238904,2.7449494101609,4.61458047051909,5.77201204621289,4.37101331468368,1.74779646902414,2.24716188472954,2.81898655746526,6.19788673207155,5.19761573026648,2.05435236863927,0.758637672989894,5.71964247994168,4.15077134163576,0.992119224353682,3.1464222435616,0.0175455372420523,2.00698627331985,3.0398691993939,4.78843294115517,4.38480663236215,3.73786861517413,4.43425324734928,0.922347192765651,2.08847547119203,4.52441589779701,0.590714375681962,0.36196772838022,2.16791240419629,4.99826464285922,0.325320685449498,0.723940176134164,3.73714756040788,3.54659263514466,0.796055730802195,5.94665771688323,3.94670841306998,3.98466857712032,0.11730377165865,0.759614678440379,0.0475021203682681,0.937999449224959
4.63678355099614,4.87313191588173,2.29213692676056,4.31019900113484,0.220153137347559,5.11339113598548,2.28552702107718,2.30152098447852,4.50839598076602,1.57888742386728,1.62092065321143,1.5336518010163,3.08232727185162,5.48478351367161,0.0320251595307261,2.70092858716836,6.24386025519047,3.46684537917992,5.24491921561794,2.24332073437592,3.12802196717338,0.317722261150341,5.18483003691389,0.54164159185497,2.03645417158752,1.54338089820368,3.50164004305447,4.38414308636851,1.55356136267232,3.77251347184862,3.84855737410238,0.506483787825598,0.927077557392896,3.66017740864639,3.91824790359838,1.92788586706472,4.37310113284968,3.1171367214392,0.756678894438905,0.448482386325842,2.62449786304191,3.13949968010047,4.98005151172921,2.74472598599725,3.33422500444899,0.878958499600993,2.06857683753407,2.66668654791283,1.89329269674889,0.475382272345497,0.928871737179114
-1.46259803383587,5.82891496300778,1.43797975280576,5.6784879084543,1.42836365579958,0.343326854633006,0.800944623084182,3.81543889104177,1.27088161882919,5.13843610917486,2.14397789993669,6.25553365974319,3.65304381486358,5.73071633238923,2.18450409690689,3.05493552497827,5.8019518218733,4.35086040538268,1.85389633189216,2.54469464460897,5.32362497631451,2.97644169283509,0.654462549494995,3.94360572035609,4.58654877890947,4.13565400848672,3.23252912333305,4.84812090433557,3.1302294300945,4.30060931272583,0.963799175498544,0.963866812053021,3.60248834747115,5.64535397697877,5.64069409135583,3.18827536282058,4.2011383471437,3.39474230466602,4.15621761594637,2.63583242943495,4.46985530595221,3.78790853121749,0.021308616046532,5.39429927433127,1.45601496822773,3.93564304262145,4.52256275217177,1.70126076111654,2.73996452704622,3.50502016062708,5.82667898488746
1.64417480555176,0.890287812655214,0.980194222760928,2.78652563560043,0.837860502081576,1.95622538150782,3.60204939304979,2.94361623958035,3.22068696386529,2.33117639812268,1.49534972375247,3.47316321180586,4.99545025326289,2.22956551547299,0.18476945730383,0.387405667698212,3.67277277343103,4.4051746315825,3.57364373276574,5.31903522591012,4.30717444287557,2.50383146592213,3.03228572758043,2.89029025989353,1.22377048233555,6.15850117671651,0.157414855383432,0.596393808413132,0.205887090858031,1.29592721961043,3.35310363310536,3.4587586079563,4.37351849898895,3.32621134109346,4.32326462239899,4.79134461480378,4.30790035745568,5.77712068341957,4.40664119525362,5.88216200802379,3.26493135146163,2.71813263398025,5.59498371501518,3.67519940635004,4.303495850516,5.36739981840953,5.14461516792889,3.4047787082768,3.66580207850218,2.5072757558592,0.593138653302856
-1.57925251371485,0.0590372762366682,0.173789056063186,1.38209157889613,5.77571839890593,1.00183751057645,2.27824586567354,3.05084718389388,1.55634511583824,1.62267018034911,5.71627331669965,0.748324432613465,4.71712434819177,4.71340733960344,4.03013693414561,5.21922992064141,5.18908732894433,0.389383491979675,3.20101432471805,1.92261332305352,3.88344945661767,4.51999808122864,2.14287543755756,0.308880281874985,1.45422200266352,1.88673360406207,4.68945178834143,5.63083733993686,2.54509124901485,1.15369675461495,4.72763091319237,4.18756777044614,4.39277023758685,2.47502357192342,1.21679106548911,5.85478214882276,5.11880414207606,6.00550086389078,4.30885353197065,5.55957715493269,3.23576598172691,3.94932623621568,3.0733348475439,3.10553511105413,4.56852113847732,3.47948263023501,5.64229826880483,4.25894327143082,2.92488963883369,1.80574399271395,0.709293294032733
7.94245107164782,2.80106020070341,1.23798392082802,0.574258260367277,4.68287604325811,5.91852158023735,3.62739334426995,0.760204035469465,4.09374636188217,4.81113855034065,4.02805415865822,2.58914942762055,1.60080346836993,2.22476775713566,1.2413866521883,1.06130954851126,6.19422073836249,2.84285468327994,6.20556337860041,2.74054456089839,0.492199106685577,1.98961538947853,4.00967157333833,4.07927057682762,1.24175391045751,2.95273972525586,0.398654401761709,0.120733786441105,5.2152693376558,5.91896938823892,5.18907915269518,5.70738395058187,1.7515999565518,5.86024785068546,0.812840604770997,3.50074375703485,1.14143288560415,0.0876556170140043,2.0449905779974,5.84410534989694,1.01980196318801,4.94138293398773,2.73620519623786,1.62212000172911,1.2527318715508,4.76003605545376,1.26174265840624,3.63067417505543,0.75692935040283,3.13909188290837,2.99740087188046
1.74279291197031,0.635217702704164,2.00540134787277,1.3523210467654,5.64699496290957,5.70023986475059,5.0616320088558,3.37010346533089,0.471166917787631,1.49335197891552,5.47816363381275,3.13841942481779,3.41194289752833,4.20687471079485,4.57631616580006,3.98804883952182,4.1087603310914,2.91847847203429,3.44335467598927,4.02618795063745,4.77586452332155,0.844257832601785,5.87215628326805,4.63089660944319,3.07382215725945,1.38491298903633,4.51881434058395,2.41971022826635,2.13541900701301,1.05116167639451,4.43936842526269,2.34215152700656,1.891687856598,0.839711400664646,0.591880763192398,5.17323567675082,2.27480488193133,1.51458787623017,0.400343264612483,0.187438450398105,3.08594490148898,3.28772722708135,2.73480412594623,1.35390506812911,0.611267707605021,2.29369160930219,4.36739965979473,0.389804319383112,0.203511756624398,1.89891333772829,1.5839481622102
1.66557749286213,0.323273458871437,5.01822335709978,2.57328946020067,2.2326842315286,1.79768445663621,1.82043014685122,0.954878529266393,2.59114289927379,5.31332824789444,2.20210646120173,3.08347565230341,0.333528611159693,5.06881307871904,2.30221378005624,2.59635908875473,3.08399050876639,4.00412909168315,5.98198629465459,5.36401062635608,4.39646545454747,0.993555852332146,5.8878514529663,0.712231592790385,5.14800120154221,3.36560080975436,0.847538970600067,2.51092358158864,4.3639040068039,4.46948351556279,6.04878733858049,3.76572095010139,3.24675495713042,0.520650531435905,5.82763119680234,5.15082651767368,3.45345664319961,2.72276984437296,4.51925219781675,3.12904278848325,4.74431374716223,1.416196411065,4.31891647584123,1.97911420070187,3.03732671214053,5.76016221959148,4.54046403305483,3.14232608318008,6.13233836149024,2.6552410777002,0.17585149845219
1.66771307511006,0.7934841519599,3.32198385748179,0.15746450097137,1.11583344159312,5.51231728502084,0.935053206822137,4.09683299468139,1.38634882557612,2.09179538090817,1.96767727100498,2.04023808088253,2.72408218429433,2.7020685075649,4.13349551089663,3.27087273869283,1.02659084373214,1.82782670454754,3.72978903858162,2.38505955795542,3.65889808239732,1.58665370923853,2.17274091160872,2.82263381704541,0.824607675579585,5.7542730087965,1.16636946680428,3.70201442410316,3.35422047889504,3.54211356619631,1.35439709429254,3.33786931478628,2.77202062290557,3.672152664401,4.25969596033762,5.98852126821104,3.85822807598879,2.83853633636346,3.33583357504098,6.26868064997382,3.58731204702018,4.26495647769929,3.223844268774,0.39306895566546,1.53056538326604,5.61401176319834,6.1202638584473,5.127380745086,2.32616783621597,0.865046414918253,4.35017300065809
4.68213134896688,5.4052348707799,1.6014413416142,3.53817519615882,2.53064538063502,5.86496586535828,2.61281875603451,1.16644893836601,0.880099720531712,2.89035148447807,0.0374963795204282,6.05562694434609,3.17969334116208,0.924455642465329,1.20851214875328,6.17642800161215,0.965249734845878,6.1931748484884,4.6566588806252,0.545556767326315,2.13040505425318,1.94300573983953,3.66451155507813,0.347908683335991,5.27137854824678,3.21216223300461,5.02362362263681,2.67460733937702,2.95201772544453,3.82485496472189,0.044145961005045,0.979985931021884,0.942048512421836,2.0376056490369,3.65385002462831,1.81666550126148,5.31740363776507,1.17224722733945,3.69708047833308,4.21221150616808,1.6300254193872,2.2280563677195,5.05139070016132,3.52358752420373,5.46474991704332,1.1110617948806,2.51107543979986,2.17121076951787,5.50787988144232,3.60844445897281,6.11833770735823
1.86082722978803,2.98432594499441,1.60985622634507,0.498155635118895,2.25433251374645,3.19885404675666,1.92623197673354,5.52073539548608,5.86152407847405,5.24859313541716,6.13772912976309,2.04451856747913,2.21764135213229,4.32234774434448,4.46876111491191,0.378910261030425,4.03619381729625,3.84130280869775,5.70181311903723,5.94743359011575,1.94197947940024,0.890670080463917,0.404389390269857,0.193274075966762,5.52046352679023,5.31513309089054,5.80977589543451,0.7962365723464,2.39060179530328,0.176672777736055,4.14786459070648,2.09736208848674,4.56136633384527,0.0108797100521652,2.22453830136077,4.87481470908539,4.22705524437793,4.5365859513343,3.18085200153922,0.623636941827561,3.80247369178918,3.6887614542352,4.22344688086368,1.13061981439633,2.77971433583674,0.642418162083628,0.16831180738808,5.93120171381009,0.697630103574035,0.583931225387954,0.361502482395143
4.62500395509684,4.58295934555517,1.88767209526828,6.26344763400913,3.13844750991908,3.18314895993676,2.36183421640101,2.47543453779609,0.447522558459445,3.62309267964429,3.8572667764268,1.65753258610825,2.98097753617117,5.9918967132233,0.930608184366252,2.25912490756317,4.65488502808569,2.55321296642555,1.11892726170886,0.0924099559427327,1.17132206477986,5.57632232384191,2.10977977163023,2.31994727301311,5.9542278132367,4.64711525511774,5.45497423176679,5.99911546346751,1.85804951096874,2.53507827403711,1.03926782910518,3.92376239085319,1.36822188957933,0.724883462785839,1.86257632810027,2.21084007189453,3.44404224017194,0.287949411757373,5.03986079616883,1.70036263913473,1.58530632365165,2.42492194999548,6.17850396136421,5.2954487191403,4.9196259818262,0.262188663473091,5.89920347636078,0.899013425574873,3.50920833709287,6.11519775997253,2.69770586348898
7.90665615461696,2.31088798457167,0.31073087909693,4.59291799653295,0.480564466536115,3.66165093141882,1.06934468311544,0.607423663599445,3.813131168493,2.52562565666337,1.96502287344438,1.44383871484362,3.65702928647447,2.1829152054889,4.33246376288297,0.775652574734563,4.66871906170015,0.584955003255268,0.920837459844929,2.15223818348494,3.36154452413092,4.66438701455585,3.56015847491348,3.38046286369856,5.82234059891913,5.4423961147863,6.11579759003215,2.11207067939859,4.44539685026793,3.11108927849893,4.22725211804137,6.20297557307078,1.48329464533578,1.77524907328958,0.70495042275757,0.349644770645281,1.88372892978532,1.32942902378076,4.47792457628686,2.10638345809157,3.7152872165111,6.16122574167986,0.608114886540226,3.85134562281556,5.20918969442568,2.12682682392553,3.7120732059718,3.51582307186884,4.08359157601458,5.77621044701314,1.65048434335493
7.72392802498966,1.86211303511083,0.040228181539519,1.13589244910844,0.483925750501369,2.62728775022334,2.28925803125444,2.70773259428542,3.62595410790855,0.634086520317306,3.05650598070262,1.08296146900638,4.86805090588298,4.41360148005742,1.28573518931145,1.51727091187509,3.48991549195986,5.17378035041009,4.26806140282617,1.73126442679822,1.93500185462845,5.50618956737681,2.98543226069976,3.44202055760646,2.6918175670178,5.72693520995316,0.304488800757884,2.84936968215293,1.68453180865424,0.336763948118749,0.54687240027628,4.91630816700875,4.1046180990308,3.38825697962335,4.18181018131659,1.36076514597031,2.69824953504937,6.03425195424338,0.480405605336051,6.05293095017283,5.81992919351441,0.972802166463541,1.61117242398141,5.48881575477349,1.48709934562254,0.834858270878024,2.87467833608567,1.32272572248135,3.63564415542363,0.382623474809255,3.67483839474102
4.607786469328,4.11319425877657,5.79621503543883,2.38452593956807,5.86832255576077,6.03647488459736,5.87955840590474,1.32562772770438,0.210714839015977,3.55935809048854,3.43547726004613,5.30310581669486,1.0721152495378,1.83933341836264,3.95729037101671,5.490246131703,3.514835251065,4.94040808341558,2.41854629406954,0.587486410367107,6.134679388832,2.12812941057206,4.59922686878566,0.938692494961667,2.10436094897737,2.67678816255992,2.69311055253298,3.32412202343642,3.5860237955079,4.20712796532106,2.85785378631564,1.09032629308372,5.99658241496159,2.40473948536053,2.99735152911656,3.95741710799868,3.04839532880427,5.62984465346748,3.57395660851827,0.96614820061344,3.980136113125,3.36972948934186,5.7480181094434,3.83965253908883,4.34626416839954,2.90425709135955,0.180676031116198,3.15162738654813,3.78760942591284,3.43384295965096,0.00298039715121867
1.73817115761069,2.67676918704951,2.97436820980334,3.58723713683701,2.70856464942386,5.48415237277634,2.90732101820726,4.16884892462822,5.96553723938255,5.85287272473901,0.143112278366547,1.88535105723916,2.98752137501118,5.35793834014098,1.23718496274821,3.84721105351986,3.31736844895722,2.48145702627976,4.84003577011727,0.344420061129444,5.610262039373,2.33724699027863,6.1238084314187,1.20259049774989,0.129234996504913,4.42493699295847,0.270978703304961,2.69532476096936,4.8227168227936,1.29481012658759,0.57515439570634,5.57187953965068,2.13993820526719,6.12619659836973,0.955598770650195,5.71963327672404,0.748213694103619,2.12939473084344,1.56736867023639,5.4794092807618,1.89407517066778,0.791311409936473,5.16567750903137,3.30805829347187,1.74843719056991,1.90569166478139,4.5350745697049,2.58207133841258,5.25252481114152,6.07245278148403,2.91355788416919
1.57735898449161,1.13412037694024,5.07408318258287,5.05127134652691,0.279084308135938,6.06998172705755,0.415784125020583,6.11472970372182,1.49799750746044,5.11961278613647,2.90055803862773,3.06331857661173,2.25115808977038,3.58535258821228,0.943336465498823,1.4129754414244,4.32118233845207,5.62889300623898,0.632000570297687,3.71233062542578,3.55644768226407,2.56650426913594,3.44893214771907,1.40516801001926,2.7610048746383,1.8727533283789,0.561197122947049,2.27182260346746,3.24780774173741,0.116092737351353,0.316888013097704,4.1919990838967,3.37707925706633,4.26752940681497,1.8281375761023,3.91767054542338,5.57864901019773,2.47054815441861,6.13275194159751,1.93212249098854,3.30687384038607,6.04641602737157,2.69087307492162,5.51008570296935,3.38381268423775,4.37909216713174,4.87349495948395,5.05358436630204,6.26066935654558,5.04421489241442,1.22351110257134
7.80224015067342,1.35517481665351,2.96407311253693,0.186023382906293,0.139142338556905,5.38739321843775,5.75796030698155,5.83509153626399,6.13713734867875,3.22504506119183,2.84605066189099,3.09625494392649,0.720644454305549,1.71161693521276,2.6442417375221,0.650552419628105,0.744599686651416,2.22314010277733,1.60496343246056,2.72975583118449,3.11679773259895,5.65065936057501,1.70436659325263,3.90555782071977,0.162876538610176,4.7104692280993,5.93870983802789,4.57677681675945,2.89854913172584,3.50005182311588,4.10075818675282,0.619232121823413,1.92988645581441,4.98113870563234,1.09600539226956,0.708863147841132,1.78893674780188,5.59922982888858,0.536336777333867,4.67447247273567,3.00723617838331,3.04118275792603,3.36010853252182,4.70206658652984,1.47992392993767,5.35957172913819,0.753451799560308,3.31073148660395,5.53751125202784,5.46440536911437,4.70454242469844
7.83512119991945,1.86858225488837,4.24862643666467,3.87473173467813,0.563436898802703,0.2036884873688,4.929103170372,3.99347699998078,6.24595828891342,1.88724135366902,2.33773885259525,0.54495712013146,1.89084686595593,4.64911625494742,3.36798640635832,0.202903134427126,4.41147992407467,0.0985294739309344,6.23565082267465,2.49936980569893,1.1554512073978,5.36352834907872,0.862299875462432,3.08405948389091,4.89250929866179,3.16768242677928,3.21328201048212,6.20572681873406,5.4642319343244,0.154826461760734,4.04260883010728,5.44500296165765,1.54029303509036,4.19336934220775,1.38239130155221,1.5594133597572,4.52755604852832,4.23228491464897,2.04110704251827,4.92412994671442,1.81587252797953,2.62567273840304,2.54437253638044,5.47713831110395,2.9663680184604,1.58313414192585,5.2241706163155,5.75594656220957,3.14743361003193,5.75151770207263,5.07467336469776
1.65189110771179,0.921115867784594,2.76368308704231,4.94868277085524,5.38647986016414,3.44439217163941,4.13461673227429,2.23160460237485,6.26144930546787,0.949002155577556,5.7582205879033,0.47213574698897,3.73651441092609,5.85456414330767,1.56291379649016,5.78034066266463,2.52450194539914,3.90471563779947,5.42407048964474,2.34587394692886,1.32743165783959,0.191993292651282,2.43026920523298,4.62803450238495,5.67811158155592,5.51672096833764,5.66079857660548,2.67068823158188,4.35210716707531,0.591408599067724,3.05709653293578,0.366342090429958,2.68453794328939,1.56091832356498,3.63028818850897,1.90910628381398,6.25593582470069,5.06605726289968,6.04308911466659,5.49736884576406,2.74111047759109,3.43397750715255,0.414419817860285,4.43371152000702,2.20824411644828,4.44333136208349,4.73327166929536,2.56690088524517,1.46810591446989,2.41709178484339,5.92467577084695
1.59612570407211,1.70998440055971,4.95169112144512,3.02580144120959,5.85205052381675,5.14195127602995,5.82708244891621,1.49303893639033,0.591227289389734,4.5702430969238,1.53338373298162,0.366406679726075,5.92567362288006,4.47964188119093,2.56060794124451,3.98949992990841,6.03586998406368,2.91517323246065,4.54207387053388,5.33974824997071,1.6987740359116,5.17072092935007,6.13285925980489,0.00013881775945974,5.25443457315935,0.395670900298326,4.65937433599767,5.67982523062771,1.32466315120589,5.52946719069754,3.88092591415342,1.64779360252049,4.94790902324269,3.59778887967374,3.70159529368469,6.18031467505056,2.05009774936016,5.02967321460374,3.91255291419635,3.6591248259221,1.66523437873597,0.0991932481397945,2.55283611872833,1.31848879865933,3.32683837996643,1.15521461989727,1.1807457865957,3.28195751328675,4.98959273512517,0.395139098855233,1.73875259827634
7.81936306740308,5.88123458525577,2.38313979981836,1.86612543172897,0.73003807511899,0.655124911987908,1.70539888822901,2.72772415103686,4.53456806796707,1.62929022990646,4.36108565416248,0.833261775211858,0.437894153923462,4.99069665895946,6.24036851111674,3.26321041413197,1.73759044006207,3.22569478260962,1.126461023566,0.787206395974736,2.03465749167431,1.32766651763387,3.69922351580491,5.31671380313355,6.16432310352027,4.93651153820597,3.88013702826459,5.45796028163347,2.94003386041702,2.76621926326709,1.51049077226649,1.8286871637034,3.36197145629151,4.95586181750278,0.230735213790661,3.94181595858247,1.11251808594097,4.42856737046397,0.778103875378217,2.70261337579228,5.73499090733386,4.49640073277293,0.413072860908407,2.78752509538051,2.64877635639575,6.06875418518265,6.11158111634195,1.4806788380912,2.62647995026666,5.41404194190405,6.11811034794494
7.85469760676675,0.758394408731247,0.525519718211364,1.41338426997375,3.99448768765712,0.528021000914115,4.41645948948213,1.73840777678171,2.03280216044946,2.78841992433373,1.32895088070989,0.606521015349093,6.0918758511957,1.94303512401207,2.04769540234419,1.36330250715873,3.23297172334626,3.22188925577415,3.54957615562597,1.88876702800805,2.70729540121743,1.14715641507498,0.888680387528077,4.50322763748377,1.223537502391,2.39292556898921,3.56615255645389,6.25049021309197,1.85712820319829,2.96163120967902,1.13558884094194,5.54870057259938,4.0727874008116,1.07672948333916,3.28366860664066,1.83646828306397,3.22395471616315,2.73575680306906,5.26509659514965,1.53712137017779,5.57562584171063,5.10919191595111,2.92090395509968,0.0760124319600407,6.12998297853337,4.82993735194619,2.5931153546459,5.17420768779898,1.72116505480456,2.65034140078613,1.73642310896947
8.03603073089827,6.20531756740139,1.118747467614,2.98917739388816,3.69436712371097,0.100287916091394,5.23670413770126,1.23412377594607,0.398072243752491,2.71593040099126,3.09003235165626,5.09806256916915,6.18769473395678,0.860121874248511,0.844105694973214,2.12599036686659,3.14335999468093,3.38460503139076,1.67276635144429,3.56828125001395,5.30763570741728,4.96538018865543,2.08096453085693,4.81777019937545,0.0210235489037698,1.13350673547104,0.223764355014984,2.5081610758449,2.59009849279864,2.33900264850599,5.31312996397797,1.88618026407609,5.76335530601349,2.20145883614555,6.0020818678073,3.5659146611046,1.81067031521792,3.20622375990622,5.22764778094765,5.69552179741272,2.92600111278818,1.43411991952536,4.69695902895671,5.22786107879236,5.28435301947416,0.160255404880863,6.02036537261152,0.641837102725888,0.431392845037852,3.34165017682293,6.21210073525041
7.70203743753906,3.09875406443632,2.77539594649563,0.731467988303471,3.30819569512663,2.43422512589867,0.457599220112849,5.86732346171021,5.88921984898263,2.59550532830075,2.37018651895936,4.03552830075196,3.85485299963188,5.84296384516011,4.91828190682294,5.17147466278037,2.56166911861252,4.88032862580216,0.435735211606278,3.02147808965036,5.08940880454512,0.754073775273807,0.178828013018827,2.66365652858037,4.24069721147776,4.03306183257366,5.28541865727939,6.26793894904472,2.45274737600759,2.6562802366882,0.682717387313831,5.40540060184326,4.77955036882896,0.154684245642576,2.38807960311242,4.14869443830154,0.675313102484219,4.75801106376759,1.85852932615497,0.687118434452252,5.39765734280259,5.66825449220287,0.490856921772474,4.51572306594567,2.84370810726276,2.69180811217825,0.836339947955822,2.52618971252427,3.63415550461535,4.15951477436054,1.70269935086815
4.68769468843075,4.41494773627154,2.30980455183092,1.79683994036158,3.01714072479885,2.57675699590602,2.52306065948951,0.611584824357064,4.73707306631309,4.91718374542297,0.904590791974571,3.48549864384326,5.99281352105774,5.5091622432464,4.10924249718698,0.799976150834854,0.577214112678962,2.63973936136292,0.411146847333639,1.96159901023245,5.30258604043838,3.24218585142597,2.10967481749847,2.81353798344743,0.813194961565666,2.80809670353914,4.25047177762196,1.96012302390598,5.24678312100565,4.97916732989377,5.46664323147318,2.47339017122287,5.05177925851777,0.443483573305215,1.93027022311414,2.99424814590534,5.3199466311881,3.15509540647936,3.38486415807014,0.435181210381332,5.43706178296711,1.01415014888726,2.96924546714055,1.39061485415333,4.46325667644138,2.41962104731732,4.67775204248577,3.48024838153734,4.58907165574599,3.89381107276914,0.766375748911816
1.73956254494316,2.85548688141598,1.3631803769058,3.78691186999969,3.18004721226794,3.12504867395235,3.22564694226259,1.45272335427309,5.96460200463199,4.48963991684924,5.30433406662211,5.84613637319435,2.42960619466736,0.396702111252401,0.0846906024463891,1.13056577712832,2.64958055611104,1.32234208830716,2.44876944720232,2.71123856816331,6.19365903779969,4.47076069717396,2.73715105031077,0.194645239824098,1.49198041860739,2.84997632794788,5.94625813105031,1.59206821335721,2.59682044630355,4.36477653503391,2.95559340883181,5.42723253148219,0.298950072950496,3.64597841793286,5.89208294643641,1.74381618199492,3.79532589746057,4.34397592753083,1.19698855286354,4.00526683818343,0.243160341724256,0.635781173397838,0.971900672455554,0.780967313691916,1.19391300313169,5.12560475376026,4.96408862655954,0.275510645038525,0.269166536940958,3.81689374259074,2.0119772714321
1.71083625031473,2.23640864540824,5.26050779271618,5.30694901805962,0.40879370410435,3.7541765544424,1.54966579030324,5.31707933808526,5.85232959299539,3.20059772953662,2.81011252126604,1.14270830586195,2.19153952742366,3.24198939323127,2.18984270483562,5.87555816321001,2.9169800460074,3.61403803450483,3.75099038615999,2.60374242606036,0.628868427579942,0.433746550027684,4.64205655461971,3.23276695723979,4.93999373235048,2.69604085790624,5.63836040347408,4.38065215128848,1.43837494988445,5.45407051704916,1.08038197724019,5.2351390625896,3.95922891009608,5.63692443527167,0.485342086343156,3.71541829689683,6.09398960397342,1.76360681279985,4.54615861722855,5.46712064015917,3.26616763280914,2.04804078413644,3.09817982081391,4.79199325073636,1.0149822362099,3.39193511701539,2.81443969250437,0.402030742079835,2.89606076220098,1.83586230143383,2.62998701401851
4.66550607552255,3.90899991189097,2.97055412050836,2.86640486579385,0.887443191856768,3.70825703055563,0.0525588751852607,0.26563064053668,4.71279534684291,0.894421071176308,1.41832110208119,2.18717603778109,1.39011868354297,0.456294734598649,1.58665100284008,0.323807330343612,6.04265118867664,2.8174666338572,4.75353776310523,1.89620186880758,1.37240481855797,2.97948271477443,0.514555653376912,0.770061546142923,0.263776188525596,2.4267873285417,3.61036305409,3.73438220051097,3.99108581795559,5.86997622519131,1.14702923775468,0.144031222061384,6.07378664824494,1.47488206031214,1.16397376289931,0.69674372736148,0.108253023732956,0.0206281484794693,4.85848414286319,4.73210334780722,5.44731346521369,0.941459298758722,5.22644400125111,4.70715976361825,5.54374087508236,1.98806474166497,6.22827466098219,5.38910227540969,1.0220505531251,3.24834854158961,3.31120015142858
1.66544845310345,2.91128601774255,3.33744728779002,6.04770430082762,5.49857827232439,4.54626527419695,3.12848073096844,4.28177836349549,2.73659405449251,3.90134256856617,3.76242805170467,2.16549246266458,1.76232451536416,4.05453362103983,3.9473761649531,2.35360621360309,1.77208501847686,2.41205722688241,1.36124427065921,4.40182866290662,5.76369788339178,0.639888179853999,3.1707380603444,1.74796045336332,1.29499976026945,2.03032878729783,2.85823089441228,3.5710437645352,6.20223461530406,5.73371360722633,1.58573722324606,4.25677586905839,5.9175106087549,1.5292219812051,5.58946517401437,5.59063115922233,4.19841836257686,4.31070504205348,5.11482124666391,1.38025628964897,1.99161401352924,1.95665093559957,2.12886855285745,3.55955931487034,2.95844828029724,3.84905894288045,1.42931159306783,3.04771120833077,1.83375941374869,4.69838341962544,3.95036562195598
1.37212962571982,2.97474312937453,4.35138553591934,4.64009751128054,3.27964040904435,0.862603869839304,0.359852032847295,5.30757324812988,1.72277498591036,5.94599327265789,2.05788984060632,0.552794618891885,2.43064060648619,2.86812302943084,3.07922701489633,3.97428558627279,5.98342762298884,3.22416143233942,0.807587061139818,6.02718526409309,1.02648015349859,4.44626116421293,3.45532341298092,2.31229389565923,1.26361777120936,1.81566859427345,1.5999846350851,6.20531274416048,3.80879675288434,2.75349546012676,3.87801144633128,0.98638929607917,0.409082254455059,3.06254656987169,3.05741186492777,1.00610450906835,6.12787194678328,4.05490137816411,1.54254936971575,2.54311692695927,1.28270369682048,3.62006002413344,6.08914390581064,1.51566937206739,3.61053608218875,4.95148386106332,1.46097717903802,1.52699187231211,2.42673744596103,5.27151450453848,1.4870937514238
-1.44207968557417,3.07619749003017,5.66968118404174,2.61559631813112,1.58192195337619,5.05485480386086,1.72496159200843,0.420029722483901,4.19001531431617,6.21042138575591,3.18329799471608,0.854393359152863,0.299953135897808,2.84696889607056,0.4381026636373,3.01656485733737,3.12340633335941,2.00480089168422,5.47606073881302,1.56207788217383,2.26013303952163,3.55024199693808,1.44605092493391,5.91508625652518,0.668234689971354,2.51334344851153,4.87141338066356,4.52374344263227,0.901830461590016,4.29554630685988,6.19081398251457,0.271727989464309,3.37193847662362,4.82408608046868,0.873971141228927,0.117834560762433,0.488261131635967,2.7365044785556,6.05297756166867,0.699922244582337,3.09740252269918,2.06441686612885,1.81347823579051,0.834031610981464,1.71756957082107,2.30083690204088,3.78056401683184,0.253182903204171,3.62131361326475,4.91995797499219,6.00402865628171
-1.41723171915554,5.88585745466255,4.92687832066951,0.937974563525512,3.65304208423149,4.46357129599226,3.70012138177606,4.43509866624437,1.99381100780859,3.8732022655296,2.96475062647239,0.825947983568793,0.53742193778087,1.81378378086054,4.44188307757377,2.35849944782594,0.207163409347534,4.52426673428089,1.33276203685413,2.44178491599427,5.56215111686854,2.97720631915342,0.159852012535096,3.39918340942729,3.86532670456659,0.814310732110559,4.94190798698973,4.37768546606842,5.40899436104633,5.59976753028029,6.05297199526538,4.5826783965268,5.51194051485828,4.64612526626931,5.9524152986982,6.25788632606119,0.309810373005585,5.4826751590616,0.0745920921114706,2.16930288442394,1.70717637904578,5.33988710137729,5.11262150648733,5.1270461055012,6.25359558879762,2.94712491254209,1.57067442475719,5.38440200300734,5.79124693930911,1.05769164238238,6.13860076853892
1.62359117115676,0.267488605014073,5.16192636032382,4.60638010809536,0.800187252839528,2.96425114088967,1.75673861868914,0.798340644995185,4.23375011049169,2.83360971835004,0.847121854619798,5.04101321866328,3.07702498232712,1.22783502759446,1.17696058408111,1.74630233081014,4.97481580253233,0.766134244543619,2.88722472676177,3.87854124065077,3.24703232932408,3.22615637276241,0.506387833565861,5.76249043908545,5.95153606298879,2.44440984453308,0.373139954754007,0.0955940293264554,4.89399100646087,1.23957184964592,3.98698804836418,5.439681263599,2.50591554486952,0.158400933851844,0.0594521393230952,0.225432061144495,5.29597454456304,0.442049723408183,3.60152422155143,6.11012444345996,2.73496721497955,5.3458731880704,4.46144251173128,5.71860038634001,5.64113897644708,3.88507158260858,1.39960306525697,0.30803728849807,2.58440950574949,2.62101950320569,5.37422466625755
-1.56147056797513,4.70333194776293,5.91267386803952,3.46582577940664,1.28950894888083,5.51476771376532,2.67494770043443,0.750795770846051,3.22548899831216,4.50403671603086,4.55791129731199,0.490745795589337,4.77665824708048,5.64248182406208,1.5279160956783,2.66725998107863,2.18120720035505,1.01302804975876,2.27235449268564,1.45123633169263,3.96524046326711,0.598127857877538,2.71701602225746,1.4744714367623,3.95218674430446,4.26395521414121,2.74337600811953,4.40531140271957,5.90166149911301,2.5981747646592,3.44581521349768,0.0150094502552782,3.92895662778544,5.74215114524365,4.19470259161722,3.50514191344715,1.89535967272102,5.9996845751733,6.06406763348896,1.98056129732211,6.12794845008424,5.41856797344857,4.28704584873597,3.73480972222753,5.87021423903697,0.420831091452707,2.14659170883518,2.12142198384367,0.444298267994805,5.22764172592972,3.35145567344408
4.70912776683169,4.90895244374478,3.09365107263051,1.52523095489426,5.81450342785235,0.844780499584391,5.8130753784255,2.49569002837572,3.9315379379588,3.16038586684827,4.83789435063284,1.401699186946,3.46005619434883,0.432087909601509,4.31804722162187,1.42054453275315,2.71842198308423,0.98961536106344,4.31490137867632,1.26272029437442,5.8082044888134,1.64851239122664,4.50772750473845,4.67898653614738,5.05119307309508,0.62502871381188,4.86483530368882,5.85161082330718,2.98304141660865,3.27490164141565,6.09895496152049,3.61659750770002,3.85246127778992,3.64159587085647,4.16216145941702,4.38069105320605,4.82642945433103,1.50098506266982,2.5620925470843,0.00154268515045728,5.62504531956739,4.07387081014566,4.11160610466929,1.3885607767299,3.54903876876165,1.4716080145407,0.395291104821177,0.748749274264111,4.87621241173961,1.06702583214885,1.61261593352652
-1.38994001209862,0.0281431133022043,0.156570105041904,0.58958264031207,1.06910123599204,0.875170009909477,5.31188909053061,4.55968183780496,1.33459761722199,0.388193254515793,1.42561719973009,3.93175501744674,3.81501880094904,1.72693591406401,2.85119944303268,2.52881728163021,2.78969367832784,0.493019634029549,4.92284247201164,1.52256072417129,5.51011494523884,0.121424703632008,3.59633034742287,4.39987654355873,1.5839629128132,2.44829170058226,4.99747995993403,5.68863607461759,3.81835676746303,3.86135348928337,4.55223868763074,6.17101367304364,0.0564473070511986,4.86280515521641,1.76781798048617,2.2054251523071,4.26497618905749,2.24188012140861,2.05567223234832,4.29371168177753,4.10156957524755,2.95901440179847,3.17340815062723,4.94667790014433,1.69653683479177,4.22719566842144,4.40995104594505,1.27827404670777,2.68460394722729,0.325811057052587,6.18617031187562
1.63155248759208,2.16519662844476,2.29095939181436,4.93274086393083,4.36929926477233,2.80558291873848,5.57302687850481,4.8894399926643,4.83909763440015,3.90506507626356,3.98774122149686,3.12538662265784,4.68604454826763,1.52129647329302,2.77386911937716,2.74101999610789,5.99529826693452,1.76301240870339,2.07889589008403,5.4402426086727,2.78600980483401,5.81301466878813,0.0818631446028494,5.84487871568787,2.93811729290429,2.69232334314826,6.07280447723071,1.8081913273867,3.24162405723641,2.6586925710459,6.0329608456521,3.51937979437489,4.98126639936272,2.57323044901119,3.00899459421124,4.67148826760869,4.83423668239056,2.67312145055807,3.9336237329091,4.68080359304653,5.74081429998154,0.291482214089913,1.62431468313497,1.35804748012862,5.3567122319258,6.21446485475405,1.5524450318298,1.39551691416095,1.4465816584468,1.10938115655526,2.99484772434304
7.82000132928403,2.4077967252097,0.79387917934009,5.1859219545795,2.86147310416047,1.61121693618981,4.83175997524863,0.079643545313344,3.79818345776942,1.05964980650778,5.69240736331833,0.389725038000724,4.08109525845579,1.64138426290577,6.02644030085667,2.88714980048651,5.43113329867338,5.89387677365937,4.38791457548903,5.31489464694696,5.49031999589974,5.13565635416405,3.5258565364772,0.76143058548591,0.386211938248875,1.47096173829499,1.70904792818045,0.84718431537011,1.67621257389615,0.751139707275241,2.31323890123965,2.51697364607811,6.26153843082601,5.53155281594934,5.4700447603148,3.35505805069756,2.66178278506857,4.1741472394043,1.35042292811257,3.79796162526064,3.08846065830321,4.9199937974672,3.1771982626949,2.92365677486281,0.0133589729119863,2.49144535255079,3.32925609054806,2.37909567104416,6.0240129262382,3.32616662115069,4.77670313818466
1.7876503345723,0.4017726628498,1.6547875256626,2.8375925493938,2.64977612631447,1.40525952871138,2.58267579860791,0.840158711274071,5.99596967464992,3.34506154378863,0.451119290312049,4.07949652891372,3.91462265362074,6.15695644494366,0.73399620332806,1.58075963570385,1.74361243407943,2.24423008717983,1.62393164729428,5.80787008475842,1.05043010763602,4.57350329324978,3.35395770954964,1.12040067476243,2.42526623313626,4.09584311262597,1.66710410800055,2.38879434685008,1.07090075104049,3.71535440687556,1.30291579432404,2.48163420614002,1.40911022167963,6.25457462624131,3.72028741491514,3.06941265445453,2.30108840837999,5.4116620345885,4.52328673716293,3.04725891063361,0.0846123948458715,6.05044074614869,2.74067038355655,5.29734699578828,0.193438102730564,1.27933382113735,1.10738190198686,3.77393245849796,2.98756760468541,4.75411527927538,1.12106755913513
1.58290008178596,2.23018401821896,4.16179777798252,1.52069632578019,0.74981809976784,5.04892468109888,0.594228865205986,4.46155305567302,4.19270128603767,2.39555071111406,3.09234084808869,0.944244283701667,0.864272727285344,6.05585974874047,4.96495122596455,4.48161890233036,1.84474336695443,0.0700335779339148,4.55296057333446,5.79192549776808,4.3543773862562,5.33263052007155,1.45706237075911,1.66810464595126,0.492191296165952,2.17970152410617,3.62511110721704,0.0545663206319927,3.91821415407829,1.25128598915256,5.90200612165078,0.187974735685111,4.70864618932813,0.509187725644033,0.223799312905406,6.01192011623841,1.44063767892477,1.03799558045377,2.71320923292369,1.3819803883446,3.30567435142826,2.23144725822084,5.5062485873438,0.6864546690209,4.49341562648842,0.835885134039568,5.73981869060184,2.73821247052318,5.85829133234291,0.474440425205212,3.60354793611013
7.58167830718836,5.72099933207145,2.61889758441926,0.176282436082472,2.282925617724,4.68748442831299,3.88628206539577,4.74073936869787,3.07476830391597,1.33787992409182,0.147460894521008,3.72080404882359,3.18466308892631,5.58192736133707,5.79584926349439,1.84924882401909,1.73477215178905,2.85251620096664,0.232287687325987,4.81578541452977,5.53471127656334,5.32391990791388,1.35510101389933,4.74809287856679,5.63081962399892,5.28727839042474,0.519019235874469,0.521009824116173,6.11302321563403,2.81390450586885,2.75894762853431,0.979323106246857,0.261803304518487,4.88430291779309,5.24910131658495,3.12119688964722,0.209449144237567,4.70704526394602,4.01072610613243,4.84563514465655,3.40698406167005,3.34794696244647,4.00372004808484,5.73356209718961,3.23828153226969,0.811361960322378,2.39529846600133,2.47599316184217,5.9769385704309,5.36447738353553,4.57550593447353
4.51154892581393,3.58681241075689,1.36754383436418,3.7811148230437,2.09801464796561,3.32697411535749,4.49647930610297,1.42493755724882,0.567131305306706,6.0448755907262,5.30071969636623,3.2773095211878,1.85862541646609,4.48553576308334,0.945609784603117,1.32597116088975,1.89742013285603,4.38650519874855,3.16060806508658,0.834451936604,2.56694598554663,4.04276898745276,0.512558976470162,2.23614993858635,0.608365003107156,0.326608568306417,2.77927741779735,2.17335362997661,5.17668949467334,0.3999824899962,0.746720351717057,4.14542140779525,4.4990295980243,3.42058628274859,4.25895368594463,5.54207810044969,2.7178395163993,1.84816079625265,2.75725897341791,5.68976980540774,5.33720896797086,0.11293530663169,5.53739798266971,3.66805885054008,3.95344047533882,1.02224917058688,1.23772943745063,5.34790768726117,1.77608630423219,2.46934751121843,1.90218413435867
7.80809608538474,0.559813692521619,4.94092718965558,1.16422243264026,0.85626942431565,3.09825806352446,0.68572038947521,2.45679411462764,3.63206054887204,3.37781044546612,3.29607687005464,4.31566178155015,5.82786883467805,4.5105926385742,1.28016921465484,3.8594645036281,0.638148606410925,5.76183521270693,4.16238527271689,0.849229981014581,5.30926148777756,3.80220849107393,0.376281922429572,1.25477126566546,1.81942236745602,0.985356588559899,3.89612427833487,5.69587593184384,2.93951718115811,6.16717683683544,2.7054878284162,5.30115701378225,4.87284873444037,1.21301570841319,0.827291885947721,0.234907007036881,5.27157703550886,1.1118647174684,2.852839598026,3.79327540418643,0.221174406310367,4.98488558261909,3.51008060784931,1.03003410962655,0.85341704566263,4.98354053184947,4.15606166595328,2.0608793210159,5.58984547419826,4.41455047062669,2.12467542441396
4.67800029587635,4.69504758604601,4.92976687143496,2.13365226718121,4.50233469423196,3.15507100939456,2.56309277635929,5.67999940858006,4.03383176782169,1.39388258597033,1.84112965793752,6.07708211406289,2.85234290369097,1.40653594229056,3.91096756889179,5.2709657522636,1.31231504298333,0.408586695344461,5.27772888398661,5.91056821543921,3.2368241791308,1.09891780176597,1.16224462591381,2.31323372104673,2.4856015843801,5.45854139365626,1.2938898677294,5.64652897083627,2.43463877183726,1.71188802271036,2.06840813967284,1.40642915658536,1.16568015589742,2.50466840281819,0.810769547257424,4.45879184753762,3.1787287485715,2.66292142102304,0.22647114844951,3.76245101659268,4.98195213343487,0.752318798766277,5.19034528049735,0.42065741820709,5.68421804007443,3.99890272175529,2.93046197279519,1.61868346525786,4.44328012045192,0.232089935911704,0.940122387665295
7.84553785320998,0.24564889411388,2.60012186912392,2.02432464526978,3.59657605329179,1.64397537609318,0.738588325122651,3.96693410547125,5.81585299465008,3.20219310753337,0.201797743286005,3.44231940982628,1.0920777541991,3.13420304914311,0.96776378882346,1.40317642406742,4.29089183988551,0.813745358160465,3.99674253595774,4.75828163924385,0.817929486731929,0.929625679806708,1.02904296507283,6.01261391537793,2.38895955857753,2.73611490932277,0.933902504719347,1.83036204983485,0.953736595894571,5.81537020242556,0.36556641322846,4.23118386983747,4.17732045062128,5.09188106587901,3.49212453483251,2.17000183157218,6.18016603525912,3.67271365544853,0.306204328216488,2.90397275421291,4.60549216509755,3.83200730141113,5.4858801068234,1.10443185453411,1.91945839684961,3.79973818273567,4.47150241419517,6.1396711110887,5.40695186993409,1.27559621173663,1.06746798304621
4.60053904809644,5.19368953755908,5.94573752239344,5.82472607410089,0.375167746465385,2.96499223617069,0.607344042820062,1.13485330913838,0.780917540830105,3.43378237143579,0.488296859021299,0.999463431526532,4.25004908499797,4.2261017333918,0.383124730522853,2.10107936040032,2.842039709173,5.2068786525158,3.57409440077216,1.94035375609377,5.30395636458074,2.38932122411092,4.27345781503697,1.42720517682428,3.81474724385474,1.19020869120937,1.80065216443601,0.296910516451924,2.05709779627735,2.35603273241448,4.28604172809889,2.13840074858595,0.108417711735729,4.99546872991823,0.733265440637432,5.99866326086003,1.33362820285342,2.61579201853426,5.85921116549194,1.52635819032814,3.38214094191725,0.863652897672667,4.37824004807185,4.22749609035236,0.846049231380735,3.51570765202114,1.29487856189534,3.88196619666251,0.50132498423215,1.55924291809762,2.36334777192667
-1.32923391229502,3.88009044895294,1.42631138069123,1.6520558684724,5.53935135281256,5.61017053531006,0.0352433584044839,2.4174593020491,2.82084940370029,3.23699088157177,2.41217771427834,2.10380277112131,3.15691443392916,5.15862500187185,0.523732498989367,0.623733713858505,6.10718818986179,3.47807920025652,0.729437093742846,0.531815648027827,4.84605519086174,4.62335953553953,1.97063014920421,0.0531800448308983,5.47322678268737,3.86378263403271,3.8268548103092,0.190105597289765,0.0474721071409538,5.73418230716099,3.15941051449522,2.58699037265867,4.52878938648465,4.83754520475237,5.44271205681513,6.06234762364936,4.13849987276553,0.563989453201669,0.532545203811039,0.223082993604975,0.999136779474449,2.85818242208464,4.49443709148225,0.959926494871566,3.12690768002741,4.73093371408157,2.20486022600994,4.55510771575442,4.29450774474246,4.94563656872298,5.85853917846098
1.59055130397411,1.99968333067726,1.59814602647681,5.35093008332753,2.21384675475779,2.52715326351718,0.504204856967552,1.94402739208688,1.37499609412928,1.47913581208083,0.253304740873484,3.90717482942325,0.164418240679684,0.762834697184227,5.42153849882859,1.9600127359749,4.18942136957599,2.5351894528853,0.627168107154771,3.67793426440499,0.73260971101509,3.4884401537061,1.02828429721984,6.03800520370129,1.5250220545813,4.38351769035254,2.77394127781142,0.123023987620034,3.4690525963308,4.28397760627993,2.48389055100584,4.47460976337731,4.97653796432443,4.56014922989086,2.17998240145155,5.49373395515628,4.03448634320167,4.27764136429287,3.48069901589664,5.34040526549805,5.56910175665344,3.60259811460339,1.92734502917665,5.36723488463652,6.22921634573857,2.03311490307644,4.24509758128511,3.18902735245254,4.76468150353818,4.02280000791604,2.9949264205582
1.80851296944995,6.16163064960876,2.12137276689073,3.51903340024333,3.49853575429696,5.7249244202757,5.65602758528026,0.426390439090422,6.20879046031274,0.69487902760925,5.5223266685347,0.894156350298192,4.84783079890294,5.85629331247736,3.81510794093637,6.20598543339211,3.89469784982125,5.99008331800811,3.97648049735679,4.33161486809452,2.71052707941837,5.30310555629544,1.19460966227606,4.99482940253339,3.92134993653621,0.572147698213892,1.99868930417493,1.40186049268217,4.26648031022446,2.14512369102348,3.85143265620085,0.511024016990081,3.2403219899258,1.66045724169189,2.33033989278744,3.3557155124149,3.16614887462639,2.0194580463964,4.06242034260487,5.0517044448872,2.78649282234791,4.90845341312958,3.86573846334085,6.26542557532404,0.991747267191601,5.30944395169791,0.244556179157916,1.49511378725048,2.46971963954192,4.19445873195092,3.83289984236048
1.71022686992273,2.81730283677154,2.23708465546392,1.09326607231446,2.5949035774297,1.10694993592517,4.9467266343343,4.7604493824762,3.46652837653549,5.82197609678758,3.12703693322847,1.84431443352192,0.177654111961136,5.18286624640556,1.3828103207889,5.50811216357494,4.77255545236546,5.93396212026639,4.95550831358935,1.09736772302754,5.8007388535883,0.161003934711564,1.15203560089551,0.736839704994175,3.63232291591496,3.81033355125244,4.83793676209088,2.66491814181734,0.754827305358502,3.49021941611666,3.24321916605624,4.68542924199766,0.703151084722204,1.80253084968508,2.23899947040079,2.5560721286297,0.582426453222439,3.14151666377308,0.00451381910439803,0.76458931381391,4.61096030271885,1.77037471509872,3.53556088840527,2.3417397682323,1.22396798651667,4.63346627332572,3.92910536559239,1.02509223045174,2.28346441045259,5.62404409111935,5.26824041049075
7.62280559841606,2.37980094238726,5.40768470996839,0.764953546768531,3.81210498119961,2.98567526309607,0.0955617324840195,0.850204120608548,5.56751757583167,5.58264095083237,1.32595903037303,2.01757423508239,6.17725655891346,5.65401894901821,5.46268215548418,4.37114781537189,3.76449793303211,6.21893016934661,3.08838510736192,5.77839319978498,4.81589592189856,1.59844425549353,2.79700411696267,3.65463960394031,4.8358760693519,5.21950506919959,2.86093705440328,2.75005722228178,0.778937650908314,4.24656347201392,5.55887097658039,5.9030841064846,0.920258435406237,0.748774631023179,2.95900037826576,5.50673131519992,5.89342350604753,3.17273353473249,0.376682738576602,2.23681664448304,1.03853782859487,2.12208068611555,5.56650575146798,5.24338564737295,3.01023516776039,3.01524874308736,6.00241930010271,4.00728288997722,2.50584174942993,3.5531694174369,6.13047156683932
-1.57572141349816,3.13537119508107,0.726607734105803,0.673717338277091,3.17310652617765,3.48584246909068,0.800901247563132,4.74083385126202,1.66310775081624,2.81459558251782,4.87704638037489,2.87226744123937,0.239076648330606,1.17857106085536,2.53494027404885,1.16425079862181,2.29758520088019,2.778112760919,3.74073511391245,1.17765623820075,4.37953902862531,0.35822446041237,2.90093465810973,2.25251610784585,2.27448090555641,0.528152141279494,4.21917878079446,4.40327783687053,0.335526575434353,0.56609593673945,4.395773261692,0.522402538219734,2.50753811558754,4.58095287294896,2.39911407819403,1.89916408188708,1.34434167128381,1.11811366567075,6.01255818843953,5.58723776420524,3.12295918220806,5.95371407590605,5.88919943396083,3.30161267202587,3.20380740544965,2.34912356635713,1.24899367844576,1.21401871576961,3.3740190182351,2.83717959980422,3.21191184579783
-1.48687316205295,4.53298123048607,4.83581515344308,3.19236309825689,2.62731635319763,5.42620275565075,5.83905239866695,3.04809767617728,6.08406372382353,5.11405497309982,1.45865305425175,2.04870116144952,4.0262626486975,2.4072367318723,0.323518765363723,4.4223441754715,2.91309878829172,5.36463945584078,4.97703812284946,3.62025305471108,5.27902145549597,3.28314841052669,4.57136410910417,4.31890587699974,2.46214033265623,2.63239669464281,0.226008332371362,6.19806536314654,1.92087002794686,3.38613183071379,4.52174667502459,1.2844385728336,3.22754732258677,0.0418630363806424,3.28563177394589,5.29618177861231,5.41464635382309,4.3187833166489,1.30094565914,3.69754103859155,0.00124590442263443,4.41024076809314,5.11585148770329,0.146261870771142,3.16103686831938,5.43595110337714,3.06052846121508,4.95621232097122,5.27473116003366,1.636941345589,0.927823038502319
7.76399902542268,0.390927859485924,1.56852761588255,2.79787391246171,0.0115852403317619,1.41656347769194,1.21419679825032,1.97784436586529,1.61342922381475,5.23131707792574,5.43524500255949,2.69974632845968,0.122067601999877,5.39237674981612,0.57134425482725,4.82361383149476,5.00085186322162,6.28283444822205,3.59269650865319,1.36870035010342,5.45192098275814,4.65193351917778,4.25703025149444,3.81498854048857,4.37108231906656,5.16646858344565,0.664372451653625,4.03149629810572,4.01866887647784,3.0442635288125,4.52211920565056,4.5097534575618,4.68590474889014,3.41053629886928,5.75341266959992,5.45088926709733,5.67654361132938,6.18879944484099,2.23116768287255,0.0797176918532736,2.43536857485363,0.534156597834926,1.94351689804561,1.29663253630398,4.92909755861825,3.3422051187042,3.96618280779954,3.58007178163978,0.36486634694789,3.39919637673315,2.75560338756468
-1.36677570000573,6.1478715364179,5.93505882898871,4.94864589946797,1.46191818353749,1.16653188289527,1.6680866535218,0.789754047328927,2.34553294072459,4.20779749611256,0.695764065251763,0.679794365809681,4.46962370992817,0.558714488061055,0.772432273647525,3.7825399071356,4.66820067082709,5.24888630273733,2.29993894829465,2.22700461154391,5.55427026453084,6.25384887111927,5.15324501384232,1.07684505094158,2.06713649959536,2.94992527860572,4.61175238508369,0.150996641707642,6.27502502724832,3.26030894433696,0.979938937704424,6.22217593544865,0.665681009931759,4.10336639998966,4.57368861571206,1.05788757100074,4.34889651393301,5.07858602102417,2.72859533338225,0.288220035509938,0.222385616167834,3.43002121929442,4.77708500807964,4.23723800270212,6.25959468814704,1.41814821149675,4.83496572615245,2.64666977337954,3.90755949056593,0.280214845375923,0.583520950012623
1.70700846791252,2.50824467429854,3.50371391668535,4.88287924980589,5.23539628747548,1.75370577153602,1.70138204872866,0.573353619622502,3.62580881234783,5.40611781791248,2.18532066559454,4.82880769391997,6.07642989544393,3.49563120798523,5.99078981527656,5.10212781809166,5.91007153719628,0.00335467889012685,2.68778392590331,0.599479930653939,3.80382906490876,4.21893441934726,2.55678404893547,3.13408386667011,5.85287746020483,1.96135778235577,2.06790346073094,2.03000857647404,5.15990990622756,0.303847694464662,1.56087397081466,1.81004178563142,0.66506959063512,4.39993641494404,2.61459246228221,0.664975551335148,4.4651363535489,5.71617095924748,6.07986395373196,6.02786019012647,3.18725702554561,3.53778588439957,6.0421747952558,3.07344285917445,3.71962740333158,3.53877412652382,1.97244626837286,4.80281349755736,5.11477720844097,3.14542263163804,3.86528477001985
-1.49882235033486,2.74455395999739,5.21654275079,3.52495185477072,3.54363064442871,3.93302402866044,2.96099532746626,4.23718504360473,5.84675254551183,5.95625387431599,4.35007298680068,5.57782591543253,1.26349167791135,3.33603907992108,1.20238283799145,2.94727091615515,1.7928035167769,1.04401131610759,3.50663682700773,4.59641848885679,2.83315453431551,1.53643580726705,3.84381140306506,5.70510753448,6.14125570299045,6.14072330760262,1.47446188683308,6.12207189206772,1.17376866214189,4.81295110730378,2.54091753349427,5.2424659824595,1.20499545022295,2.59802578985952,3.84526670519281,5.78045450987539,1.91366353549323,3.26877213023405,2.98649372918847,4.64572092156387,0.999637853786205,1.8878614509957,4.57727189018125,2.39050769163492,4.1495279197851,3.94032814602624,0.419954426090361,0.290086250845298,4.83608779894843,0.480949882544524,0.524376929032465
7.70202406643797,0.421087287907175,5.37983714707991,3.67232737485554,3.04129696355173,5.09851521065205,3.95345606126804,5.49612561848151,5.03226303018281,1.15648979877359,6.19084398403854,4.15138131849517,0.0927765471212982,4.70183512802009,3.68994053402289,5.30166076084534,2.23788380664892,2.42804849997741,0.465503332848014,3.95577106183425,4.82186592965906,0.660190622789382,1.29145042842553,2.92274585088489,5.26136842157054,4.26578663689589,5.05204417542691,3.50455943067012,6.25674165118089,5.34375497485546,0.552459636984258,3.59058551347605,2.455370508083,2.30199520985477,0.855139871619532,2.37105403669496,6.16818685888405,6.01449052328332,5.30089638761184,1.83592583742893,4.8286696515071,4.19486779017841,4.22413561976956,5.85940905003176,0.58722808829267,4.66533168073928,5.75468154915099,1.44389284573839,5.69456485149494,3.22269911113073,0.835618231950596
-1.41696896387189,5.47607708399672,3.85522789579638,3.79976781560429,3.74979858337376,2.55478634798607,3.51553772677164,1.95542540523702,3.45286656202608,4.78822557251744,1.3069767100832,4.85270652053346,2.49646482051178,3.70226421736519,0.703861913691083,2.99926763434718,4.85768086039754,5.73177609657837,5.91131565832178,2.21750361839513,3.94474079703087,5.30957270896974,4.35599368837024,0.705283208825159,3.22239968690994,5.57069969768267,1.37578817795704,5.79641830644303,0.534253365477115,4.17042355844661,2.19546683048589,5.15912450062083,0.778879903680053,1.30008846814313,5.85952607323768,2.3685591293892,5.08517308177883,2.45526975984072,6.25425051674085,3.40872724120619,4.13343355777889,0.463325668105251,3.4835677514367,3.51757963125373,0.496558390438672,4.95775913886525,0.829919819320266,3.19578081136121,4.65259705054224,5.52769474987398,0.659517083602343
1.6409628331991,2.24357216903204,4.97277512251268,5.27988870551756,3.95171673505812,2.79642380515607,5.78479897426834,1.4988379802295,5.79329901838644,0.333775300109564,5.44239814677952,1.03495847620905,2.67115342929066,3.88665788612449,6.13012364834712,6.22054668065794,1.1911656971068,2.65974093471445,1.66822877455029,5.30916066638937,3.53566110707121,4.25496924276515,3.24207600237032,3.79976496437695,3.68113950621332,4.3164747339043,1.40935775619615,4.97562101751277,3.59621926366436,1.57000361976404,0.136830695387688,4.9485851254622,0.40111052564627,4.7459360077416,0.890290769212652,5.63462036562935,1.42671876095168,2.92054618970588,0.796602353068349,5.62982703261922,1.34483106565762,0.266259756753325,0.503639128991282,5.19165337356753,2.10562418312758,3.77014782066975,0.144987299005826,4.70637652605612,4.68318837187928,4.25591794513955,3.04147739694179
1.70841260527156,1.99752290349823,2.25001713070199,2.11987959566558,3.36751489030635,2.72340207367928,2.42728828728293,1.71677785272284,2.69460144599467,1.91656480340554,1.65556709568911,0.849589918841722,0.872041875587269,3.9502109754229,4.53212270238207,5.11870066402864,1.58879531305063,3.65189176395032,1.13078546792503,5.93559137359419,4.29037324420392,0.051355948369959,0.98147946797655,6.20368833894319,2.9367905564061,5.5686044054682,0.401323674273337,3.37075486032697,2.04302381045078,4.01395246223739,2.34810468633954,2.22574059473254,3.30619226100127,1.38490073856034,5.17695387030279,6.00802879218343,4.99788438217413,3.01447138060423,4.21519205399986,2.95714005702734,3.0033057285843,0.252750973715431,5.84645961811023,2.02580758484588,0.60565646587428,6.27101665072906,0.204960939365818,0.355419149685632,1.98571771635908,2.02175638725153,1.78402811051458
4.61192821674118,3.28235077931358,4.60675616142807,4.05027312375588,2.98660252055435,4.22333305120793,1.51307462499147,5.40681809192742,4.44477918577401,2.37229376906622,2.95757741101632,1.33748750948332,1.71296945271626,1.64936984554877,2.44821780566424,2.75732399866361,2.53937028257649,1.8258270666946,5.42553191847341,2.67793511666659,1.69659829783195,3.08515740829816,5.89569103638499,2.69484787893388,0.412061212094887,2.23478651210274,2.4223483976767,1.11671754004223,4.41588069033282,3.92909291615954,3.80120839492448,2.15617829585786,1.90377917588427,2.63863882564691,1.95013328299317,0.177491100462481,2.93428565883278,0.772405446655787,5.83395810829788,4.11082134420944,0.954503096210957,6.17474764709293,2.25502751247879,3.01985291201233,4.97140194129131,2.64658029692106,5.72992237456341,5.14984529755621,4.12479881401573,2.05084922843371,2.81927968382373
-1.50551447584404,0.017717463763482,6.08227828936159,3.12305842803348,3.86680875176266,3.63337374752632,1.84021011152043,5.87412920092228,3.39977179800461,6.02573131370165,3.31613817727718,5.34779068307319,5.12709171343524,1.83641594278093,6.22390865365761,4.26442714419899,3.52358534445579,3.9947526001775,0.284940171713303,3.86952004220736,2.47010185907433,2.63063679395303,4.68493098234029,4.36501876354656,2.82218223764103,3.63224509745066,5.08455828021559,5.67345322029362,4.21451956372508,5.19245411055573,1.23775575242104,3.87598008948855,5.82898494461994,5.61213328422072,6.23228346174769,5.46670211392587,3.89086418229361,1.71377003609806,0.700630272063095,2.53657981315367,2.79428904487473,3.22154258661399,0.0120666457099425,3.40979052517624,1.59752591013219,2.41329235983923,3.16095754158654,3.23004918899383,6.27973781784067,4.56629811888534,6.02044941579226
1.65287044141422,0.551839520639638,3.82995154602067,1.20149574641196,2.01958272358971,5.20188769536526,2.32200385348937,4.8752323297724,6.25878579392764,4.8519053329665,2.34027925957911,3.51968652733441,1.54811543361037,1.66626943277584,4.9241185520455,0.609105021680472,3.77387938529297,0.648829140166598,5.50565031821777,2.37916435065923,1.84081471947049,1.52683730331369,3.61848097083953,6.2604043065109,4.42510900140331,2.01874666590741,1.3131565836826,5.718052440133,6.22574441103856,0.608132665383643,0.614432859606307,0.793690411705732,5.11430344827267,1.67205116590537,1.85615130161499,1.776352262739,1.54541630147783,6.20984496823723,1.19511566808466,4.66288383989688,0.712217572183513,4.3272182960225,2.25745220117967,5.07032902026409,3.42770495915575,0.781315325810875,1.10025102191708,3.94518624095683,4.20900014643634,4.55955375640129,1.83551936417769
4.7913802091949,0.0298452711524825,5.13461826310625,1.26347235422644,5.33609945140075,2.41529987111728,1.42315371444175,0.482552600001282,2.09339346969213,5.09861258394233,3.37827840516424,3.54326662359721,4.46984031543066,4.07751935855663,1.55092897764006,6.20977579269293,4.86517968338219,0.992231074681268,0.941614392944732,3.0140910526249,2.35135664936257,3.36386853773542,0.522830475405036,3.69163837041316,1.83982982596573,5.5355262770028,0.735429877674923,4.399323806295,5.93263459379244,5.64538760946542,3.71041325330811,1.32165898895048,4.04573819913235,0.074389660822252,3.91408120423291,5.48261412173058,2.58135652152902,0.644569479671784,3.72422246851735,6.03454625239923,6.24968547355991,0.614361085919502,6.210872666725,2.00884531596787,4.60588887337061,0.310159224839522,2.51092163298176,2.09549879021003,0.898437446931622,3.66488206834007,4.52077669011797
-1.4968791419247,6.09569809918482,5.88353591338961,0.0857851328836895,0.333275072827375,4.67370229171739,4.02659504124013,2.14057099048238,2.84670575660689,1.64350767533156,5.33002818630248,4.29766861770836,4.55002747817642,6.16445244742225,1.33625332010866,6.19354832415945,2.31341125932191,3.445882084946,0.456546592038093,3.33120357537148,4.43260401202344,3.76026012560756,0.942517466904244,4.55842792683168,1.53687077377373,4.47098312216457,1.9783626470195,4.04199357357652,2.00065797936672,2.27583226004004,1.49833611301614,1.15323997599971,0.823047533427688,1.2992080328409,1.25484000964893,2.07998651453006,3.54689080857049,5.36629817233869,2.21671982638704,1.23457744147163,0.117732156496884,3.10288490475383,6.27573073161516,0.109175150737533,2.81758167919787,2.89419135185253,4.16289367624822,5.59034011167046,6.03843921492246,4.77665253438538,1.57256036315409
1.80146441945002,3.08484943039536,1.79004951643888,5.88049574725734,4.5581430849783,3.39363807508186,2.97669993444903,4.62197735005738,5.37259476631996,5.49307507587131,2.03590726990402,1.60377861657108,1.4978202807868,4.49819213594064,6.05366712419743,6.06135967703456,1.96923730928969,4.49890228318969,5.01727419098035,5.75432850605675,1.09174873368265,3.05721340984989,2.21476730912544,5.65501055146529,2.86150030858507,2.00202189446497,1.08954021746051,1.26168579039174,1.99581332426453,5.69106768145806,2.4226968823182,4.33237534118842,2.20566566042809,1.73021764015536,2.946018342289,1.66381429928682,1.92680606674956,0.71711692140393,5.36507747838332,1.20277020553258,1.67496064371394,0.165439078081659,1.16231424472228,5.33037517145294,4.11144249337422,0.0332379332476194,5.15016792658357,3.55351468512154,2.25831015874561,5.85573304557428,0.998015872624179
-1.41506072416013,5.45458146605795,1.92515865568256,0.533561933339048,3.87935358735684,3.30700104111307,0.974780918235066,4.31727215592013,5.73562575672646,0.222671887292175,0.515626743477829,3.90552252635819,1.9324305712956,0.617247525694161,2.51662229411718,3.96471279749343,3.96996803810958,6.01296441884637,0.659963355539932,3.10839910673962,4.87253545931121,5.76131359463659,4.62905145573942,3.30353969208827,1.06495917948161,5.47065122909666,5.4595091066511,6.1790136478747,5.24969090621801,1.13622891587792,0.894906884326661,3.02112818158957,2.33986307986641,1.2836379002138,5.40966190958384,2.15183937592443,2.43021885012978,4.66105601592067,0.371446589041385,1.61391079011392,3.69695689393958,0.381364246128754,5.11296390977837,3.06996700239106,3.58970043487183,4.85952600386088,0.34130701241847,1.14550950140013,3.54289133390775,2.10219410105089,6.01898511818124
7.85614046012491,1.56375298628006,0.877435228836366,3.41862513865906,5.44171651326674,2.84122190139373,6.12019374809835,4.63568227237384,6.18346134893359,1.14373362125616,4.16452928156632,3.19424188005855,4.39344730240646,1.18402785062113,0.752700055698587,5.80710873537659,0.139310906218425,4.19199948619918,5.74142944386761,4.51176639187717,4.2558610478667,3.41289663965552,3.25359094656253,5.66719944153577,2.10257889678203,0.888242275747534,3.28472334424329,5.85657490226385,5.7441870663908,6.28051791744353,1.93504497267591,4.30674358424286,2.52671291493489,2.07238023874957,3.64086341849546,1.18453670180539,4.64715317834311,5.93995888479856,1.56999423221872,5.1820782002317,4.56464541644365,0.878061802501389,5.2759593924059,4.34189296478993,2.16768184391824,3.46019895906127,0.752254731731913,5.04074694416617,4.60550295850713,4.68650092896915,0.0047434109306763
-1.41431444271342,4.88573757668382,2.59744550731128,5.10113890009925,5.22549696806623,0.309816210048722,5.27484713140148,5.49586906507503,1.4495744260333,3.66782938745059,1.40744671266208,1.63785629259164,4.57818464865845,3.81710293256149,5.80158102919401,0.772830324879385,4.72654949488981,6.13387794671729,3.78327455241082,0.292480844395445,5.92592349075092,3.68410295984735,5.61069833713513,0.871770537930681,2.84444315484044,4.0815041484477,1.99504811570481,3.96980871023865,5.0508113085302,6.03650460231522,0.123875514198105,4.14027523357358,3.93305056306856,0.0887494628056436,2.9854740094559,0.71907051244741,2.61290280652984,5.38585752896155,4.41354682836382,5.17489628919056,5.45602055320171,4.88561951041731,4.34179045812012,5.6315374120691,1.84858237852182,1.07530251793461,6.07597978188347,5.49873475481966,1.77775294974609,5.06176354128322,0.646282198327676
4.65880495348759,4.76704210033508,3.32395278575842,4.69761608398283,0.70419241760647,0.760187385998805,3.58449835669868,5.05917235641283,0.938645034973339,5.55493223935046,0.241307159526064,1.80236010227562,4.05994787061077,1.79332561468438,5.09726683389787,3.04531648604383,1.83887873172026,2.1774672093237,6.08761269140084,5.60460086824822,4.54388543271271,2.37655483249947,0.878565134095741,5.72374798544389,5.83256002235913,4.39028435794855,4.59153391072022,5.08180762995997,2.85756237596009,3.26397004312214,1.32844044225951,3.1027569564757,3.60851221987533,4.05749718878147,5.14422932621132,0.357027007836521,3.52010590206019,6.00262345324651,4.7359381183751,2.93132414795396,3.14084242969996,4.47096827939774,4.5699192112498,2.26860662676626,2.3868436684765,5.50603769746224,1.41581223853696,1.52937922441777,1.21872626618941,1.29684884044535,1.75510952481941
4.6284937126204,3.46641494479346,4.2591439194229,4.1211271675912,4.15490386723489,0.63728880410528,0.111663441264821,3.73733153259677,5.57771456688585,4.17514158921153,5.88669442666865,3.5598174848013,2.45790349222053,3.90673581355933,3.91235378617616,2.69992548179642,6.21925115551697,6.27437330602151,5.66312622117265,2.14024693364696,3.31830635207036,2.57816502968771,6.26182515399204,4.13617916243006,2.08807400112062,5.07772617190515,4.07918696228188,6.14170732774529,2.05654094967674,3.80447587804541,3.96005828955735,2.22435876473949,0.39723603392671,4.00440258275515,4.09889955372187,2.23152548483929,4.42500595637964,4.86126902979062,4.46326347023294,3.38592800087489,0.359928189436665,5.50092872232149,5.90236521976294,1.78689666757864,0.107819242189928,5.75877242400949,3.98688622195127,6.23434035967718,3.66633205861227,3.75254232719314,2.41644447138876
1.58133067717545,0.963533404245248,2.19071067900166,2.96240051879812,5.47726555279264,1.43107036584778,2.73071270980804,2.86809443377114,2.07124308765695,0.392724407736512,0.811844623810107,3.2699367461507,2.46414887236568,1.33651213372357,5.39063887043218,0.0573031594780303,0.127829610604949,5.27978454575032,1.29054636407048,4.05466422451428,3.70672871126071,5.80773839141,3.0721505802487,2.22396124600981,3.23154307851176,1.00280573705554,2.77028151467045,3.93920632192634,5.53414490197727,4.76301486972762,5.53510947993868,0.341649038276648,0.783975763760223,2.84998317586741,3.04066316746015,1.84759942045767,4.09003734521531,3.47587483433297,1.99993033561744,4.3076168263769,6.0950253221781,1.04833002436484,4.44052209123751,6.03019521657826,3.58747641610681,4.58723877153615,5.11303391772305,2.79302268007984,1.13632515101793,5.89823870675711,1.02640852756651
7.72104891662435,1.84864428628909,3.57280063991039,2.04956309961557,0.203160463180187,3.84660605058192,4.51363154805984,6.13756586810545,2.02056222331552,2.06600611888761,0.632528478915771,3.4676866624056,0.0238582057671776,5.69805434560066,3.34326828271497,3.93674491983335,0.029961808669595,3.37206922492696,3.18273419047709,4.49233870373312,5.59678164426044,2.53555014118941,2.31052099840523,4.346719978563,4.94260795964354,5.79206331928033,1.50931289499746,5.38141163606941,2.99132023679188,0.820680175023423,2.52401717092062,4.43278831775766,3.91838686618673,5.40358274765377,3.88791372961256,0.381887893266474,4.90335731313085,4.10261896149584,2.52719444904987,0.399335450107249,4.19795933545653,3.5921487511626,2.57346534245259,5.33694326547471,1.64044310187406,2.96299807402012,5.90018823088833,2.45947805581885,1.10726961570968,4.26206475532744,3.4861317889363
1.68220079252653,1.74336782101032,2.81103155858763,5.90239573184532,3.32184407565932,4.03546847179127,3.03498029248274,2.72973629683938,4.0935209218174,4.20347320828576,5.32520859391282,6.08327814120371,2.87326025205678,3.51340120806278,2.16035354744242,4.19608889667668,2.83690928326445,5.0102596553225,4.42079421961818,1.3157561364444,1.85344515917901,0.200393990002618,0.589654038028928,3.9360637895644,0.512105278760403,3.45924280458217,0.182147024503263,2.8604513524347,0.979226266921682,1.12801836569269,0.735266111310539,0.788140308247359,2.69766914278227,4.77373026482112,1.05454750373638,5.31597327546474,0.298646055166935,3.77667642029213,1.52432728113834,1.36137187807743,0.863771588605192,2.7817540693484,5.53233058073494,2.75106296822085,3.69969444668964,5.24456724923142,2.44494561779876,4.69849931492151,4.77644645165263,2.27429604098749,3.88115423177805
-1.50664073843707,4.39305519354784,3.3542268352741,5.77820328814869,2.9922285948115,2.76962674033361,0.616553391546402,2.93215393264354,5.07740692368146,2.5863782467726,1.37354686750032,0.588022372349218,2.88768085291555,6.05947082596776,5.29439436921096,0.0424581587698787,3.67210623576992,3.2576863096537,1.27986482967884,1.63400565375137,5.12420027779534,0.546549136342468,0.390815659520916,4.54107831674507,1.48516690105989,4.1939597803333,0.892049373757019,0.032438394389331,2.35965247889431,1.94064737545562,5.30100713928795,3.22419260419786,0.0207140115302958,0.120500417360346,4.05254106809915,4.86498380304013,4.10184127863366,6.07173073778516,4.78609825117454,5.84189533857253,3.82446202053704,2.42112459502041,5.00472968454273,5.553524879974,3.10953467934363,1.27646007217703,1.23391339077125,1.47263629526986,4.91508979031562,2.79608133457079,6.11128642466114
7.83662539746017,2.06825607226434,1.18819411696284,3.52212135990925,4.34493317919849,1.25446589907143,3.32297558281399,6.18874520130153,2.22357889920353,5.76105566901295,2.03642946290117,1.89657859069385,6.27910014209035,0.564598416258853,0.346925271767237,4.66299289019926,4.08457313260321,3.33471167486933,3.22751609367453,0.272465689312469,5.22357361407653,5.12808310668504,1.52598617611226,2.6968366238988,0.83008842209182,1.55520054775096,5.35673930907653,2.85330830820109,2.36770967430313,5.26392107171581,3.32095578887575,3.59313500518119,3.58649848755502,3.29630740838891,1.68280828781125,0.775497976477782,1.24878129492485,2.71471473069657,5.28477911191976,2.01823263891898,6.15174525279088,3.73055659658778,5.43574509817905,4.34975138181597,1.38456191356692,6.22047100975737,1.51652071870653,2.59303582456744,3.70587949755612,2.77505613988418,1.4508187417269
1.77573101483488,1.37318486695869,0.79699706738407,2.51307856817534,3.32792017716477,5.82562722871188,0.450021956923709,3.57403767173488,3.35317937715183,0.126386970033179,2.71714909513762,2.83184242992396,1.93566543134337,2.82499665064406,6.13167580735506,5.8730123551326,4.26847695640993,0.267855834024921,0.817500453820986,0.377344599288615,0.380633002138078,2.79063419274976,4.72872059405624,6.22528590617999,0.840736095781596,3.25176640098574,6.14531922420671,3.0526668608793,6.14543819748242,0.150612246816052,2.11393710685707,2.95344521603667,5.85775619690951,4.02104164329024,5.44618180006386,0.0666108645755936,5.74258663693792,4.05844996245689,4.13076624411457,2.00471628674294,2.44618283248801,5.94196471664665,5.0116228623684,3.826161344715,5.07547393491329,5.35204392867223,0.00179855244835727,0.76199306139529,5.21721522058392,1.03507180554681,5.23670499497125
-1.55779190748933,3.04384395220403,5.66262401163647,4.6913255377049,4.96292525119743,1.88580404689656,4.44568316674273,0.928769723512693,0.618966311071329,5.09822911215205,2.74414042962933,4.09227860739573,5.20103898344157,4.9144422032953,1.355201808955,2.60746232537482,0.347735731308987,1.56037953522514,4.57025936896159,1.3760798560266,5.41429789697703,1.04356420591794,4.89506573045029,3.00930296856484,3.91947140196771,2.93362433208587,1.30612839022156,6.16785810169285,5.93692103446561,1.89254809485323,4.81642368568775,3.6482296016237,2.67339281015843,6.15773039590182,3.5191492545777,0.0354033167931072,3.76261313424839,4.49344046244865,5.34404145664,2.57036668592968,3.50947736187598,4.63855967277768,4.97047907697602,0.980402513037054,2.68122421293922,1.94667006874783,5.9338093989335,3.38150733454211,0.694536104982289,0.400653912340779,2.40522442514879
4.68458379455656,3.98900333066306,3.85956187399254,3.61624066540753,5.85916232304602,3.58047328243247,1.71730505036273,3.04427469380329,4.69824187937543,1.36366260298103,4.61521196105178,2.72006740897139,2.879912180062,3.36221435774647,2.69685097073641,5.93377977337948,5.790462344159,0.169823980456158,3.02645935204279,0.828064252565606,1.48084471837221,6.13986442547244,4.49050837524116,3.03857037390975,3.68488434096644,6.01503833490187,1.86452966459601,2.6962684089618,1.26595552892921,5.51857005143938,4.03608255945048,3.25910158341696,0.596433908460603,2.21691918701122,2.13059400328938,1.82534106482781,4.60123762189017,1.75424655090737,5.15721784584101,5.93428537688561,4.78195594011637,2.87243201074578,5.30410107790006,2.46475589998225,1.31118955281072,5.18729519431759,5.09928489720402,5.33778289706588,3.2129384441712,1.53201362535114,2.62510595419992
-1.40555951755567,5.30865391449255,4.15224614153566,5.79197218094691,3.86898067894072,1.65799039608073,5.36437307747648,2.83831990933697,4.3221260259433,4.62102839313523,3.9209431253509,1.9793018170197,5.17015603231127,4.89719023713881,5.07957876308443,1.16588198739023,0.878083885249795,0.102615548955217,6.11538409477412,3.22943783552851,5.63147123989562,6.23960503026327,3.12138164157145,3.95280273229426,1.01075585417555,2.34207955289998,6.13484320347268,4.57565718264791,2.78783135142874,2.97177444873421,4.91657479114329,2.91936357258228,0.571396148920276,4.89827708433036,1.52413003443079,2.2255807080269,1.35524698971696,3.07663663024212,2.87088983030206,6.25527660016706,1.41176105849762,2.25470653069718,6.20858313556255,4.49798424504115,0.850769851510654,5.75488013296566,4.73807993723616,0.159432836766171,1.27712718330202,0.485543632566937,1.96922363832024
-1.38458330696743,5.82081192120928,4.94111695646299,4.96670979539888,5.89093255886101,2.11788551397551,1.90079861927498,1.02892675817521,5.19438267692254,0.242319275010451,0.682603603008543,2.00861568317988,0.163939885485698,3.07503927584304,0.358957587178614,3.86148874191147,2.45544722058124,5.16774480977131,0.129223130776372,5.57896696666475,5.53449233039192,3.81142865954239,5.35839737603881,1.0352220267527,5.76342347799598,1.10031251128979,4.43184624971674,0.116611559785247,4.43122910748458,5.58564081210863,1.70172226642009,5.26991732422665,2.9949701076808,5.49587502500329,1.99804553244496,2.36009736105972,1.98282572042156,1.38266323754229,4.05387640216689,0.583295941508687,3.53335772500038,2.00132427418343,3.88295229561177,0.184849296058006,3.8617314868342,5.30094727229139,5.02998684375908,2.17665827121675,3.85830821025241,2.85174262597843,2.10910394443932
1.70182881504818,1.50175744245396,1.61287665332369,5.59284590162382,3.60628197639388,5.81939804160695,5.96085936718183,2.33447842366529,6.05427854349407,6.18057998255883,4.03614989318092,4.2226923647722,1.16155557686929,0.279792862267204,5.50690163836314,4.58917426189424,5.2638351779437,5.88526483240031,6.1819957507884,4.67932715906712,3.43797800439503,3.59519480992889,0.626764581683458,1.98991326300616,5.99316101822954,2.8263677018567,1.62404885336495,5.12065439990101,4.15460714648671,4.89348119121359,2.23685155263425,4.15383079926873,4.12508955728064,1.69035663057288,3.89639277646746,4.9272611941263,0.565841311458999,5.84437072031068,5.03322709904872,0.78453779933126,1.58324635066836,3.19292382012749,2.30357897374489,3.75925512136796,5.99890280345508,6.2632690073229,4.0638067910303,4.6009120465458,2.92188292817498,3.6264307207671,2.82273691473413
7.81512497798915,1.83229653370529,1.16090142280972,4.7674787214021,4.49956257857936,2.90878568008488,4.17535442623705,4.42110181131061,5.70733702455864,2.07925729082925,5.79070123282968,0.412437026971942,2.24796181711279,0.113999801897905,4.78608309534324,0.941242039331852,4.15855061333079,6.04126838291723,3.79605521478813,5.66239865056927,1.73644386192534,4.97553282257052,0.0665256978737729,4.6067595466205,2.86992579215743,5.6046199388483,1.79200819697436,5.0330352197876,2.66627863368728,3.55797833198749,0.0747078484303288,3.04261256139166,2.33563617557031,0.693263929476787,4.90891755022276,5.9246704428993,3.3697529984354,1.37834118798015,5.04099750838603,4.88707445559305,3.58807104256682,4.82269994803356,5.32049771389147,1.99361890325809,1.16231970433256,5.90712131126753,1.99757083454618,2.76965542230547,3.88298918455406,2.60717791947103,4.12859413992343
-1.41735451318425,5.9624484838892,4.42525665226213,1.17763408230644,4.77360045424827,0.0709379217063201,0.524418553440575,1.09791466713567,1.21056902473899,1.60788264306312,2.61731516202501,5.5130930558491,2.93756161078647,2.38768145093922,2.10924452501506,3.00418723327965,3.70332755253737,1.34157723156237,2.60049367414252,4.71778796440547,4.49013883481975,0.854246198371597,4.46618777764208,1.44668721822665,3.89525854682225,3.69400427321394,3.8208785968502,2.70453054895309,4.5711244684936,3.36631772592537,5.3735673010928,6.18279415295934,2.98488301688441,5.29865942494765,5.27171172637641,2.70831295729416,2.35353790556922,5.61306415654957,3.97725894825097,4.37299276426713,1.38073802125788,0.506007612379551,5.38385898390841,3.78250103301348,2.69962160152716,0.0531130124615882,4.1316189000654,0.910723865361695,4.10547521688177,2.50258099719509,4.16938134195983
7.84605980382379,1.75977197347483,5.841278774193,5.60535867883121,5.40764100529077,2.21417546952437,3.59039954879273,2.65799028405568,5.76625942954189,5.54830258719883,2.5131422138893,5.1871234652901,3.79307590312213,3.39534074056471,3.09309747809679,2.42591669771643,5.88121075432026,3.57070943362612,3.8157122797095,3.74003970410013,6.23024723338775,2.39757510446674,5.59716506338567,2.94751541219082,1.07249073525829,1.83127853436439,3.03313675091469,1.53726370918106,2.99530594685842,4.83605043455776,5.5546930200603,2.41547290506769,2.49046495898203,1.17082696795138,5.29345895452147,5.82608360356172,2.70096167691239,2.98935843000047,4.8894720759207,1.75944528338687,2.01671873960757,4.00648390556489,3.99644538218581,1.46238101717065,0.063630395741389,1.68526321795466,1.41632593636882,1.10165407738854,1.33921917731709,1.64458763656771,1.30446354117106
-1.52173978698155,3.94235030989177,1.37122854464715,5.02679951684555,5.32978217029492,0.400923356981373,3.74605722158817,4.21138657544069,4.21179296823144,5.35725508571498,4.13393465403442,3.86907401750293,2.94605211521577,0.888600510738031,0.35702311647443,1.01601747457744,2.84934480961975,5.111265717899,3.98181705281146,1.82433525305743,2.37124077087319,4.4667155677638,3.80393943476325,4.00135511519875,4.05913118781551,3.49266269850633,5.71902742968237,1.82091447806556,3.96526693476976,5.88157578017648,0.285008223736515,6.05946376007344,0.925410708533379,3.81808849608274,4.94466928290021,5.17467095153006,4.71621170235926,3.68954882015215,1.13766774408518,2.13776564903436,5.12031481272727,4.53323022499483,0.31303293868981,5.89477392133775,2.41662682559026,5.7846602062481,0.828970542019056,5.3083966515708,4.75053365936654,2.82999999285906,5.44041872645443
1.56251191906893,0.799680622364907,3.57228931200582,6.15303861573892,3.04336780016467,3.17769543686706,2.12687895062253,4.06588230751818,2.11081248938993,5.30014105813791,4.88284006408221,1.82128823754272,3.07351409889616,2.74271065981082,0.0413646362831349,0.950977797185245,5.43886428090553,2.32760491916196,2.06203810866691,3.32548787543821,1.94679548178893,1.11849624800684,2.79171081853268,4.7521675545334,3.91019267581438,2.16962668085993,3.22007659494383,5.01215792173006,5.74465162334146,5.05778940143577,0.223283624042038,4.74046453466708,2.4986647420902,1.78935740696974,5.12214525093808,1.16807905481548,4.61095993260058,2.05618229482876,4.88329178685257,0.6456496486423,2.86844741103406,3.87172698725548,0.808887909839673,4.17464850096957,5.14716301823994,3.93052325505318,6.12004391163991,4.46755149670931,1.77389716582293,2.12163810512028,5.4363609442658
4.43542757349425,3.45514601075712,2.68969686830504,3.77725144072404,4.38874636145054,3.62079370095688,4.95559308091453,4.1246251641768,0.181194300567058,0.771931310517543,5.37559142819439,2.55102616429646,4.55193628051998,5.49229915289957,4.29596649496812,0.3741388893465,1.05886961912984,1.12418139343311,3.63842451023086,5.86938632249378,3.81906872434175,1.00884167121929,1.97175915476897,0.95143403452079,4.71175689298143,1.2335580889315,0.347790260117474,2.59510379386094,1.75523517924199,0.939439184441424,2.55714129645626,5.29765604893587,2.74870160924363,4.69137241837767,2.48413680400612,5.17803471221562,1.62885935518166,1.96976572261452,2.03281450162638,0.836635195545498,4.28383276861257,6.24720207503068,6.03625505482342,3.46986641473246,2.42834955681478,3.01436410189565,1.80585739666054,4.73337241022305,2.73492825600818,0.933921219830335,1.2285956659981
4.61294232984186,4.65357070883616,1.34689916515084,5.71511035680628,5.47030556642413,5.92725478716476,1.19993083514712,4.69555797475718,4.70923089427773,4.46088583190333,4.07046456485616,1.29179381918628,1.97736197886908,2.06098212319516,4.13079151602439,2.80854303984512,5.76450462273286,3.22888027794971,5.62646079082459,5.51899773407693,0.722261233330885,2.88071737456158,2.23111616036071,3.15476245656495,1.71485009534972,3.78292387778095,1.57422126232578,1.65346848118768,4.8016743203232,0.501296019917099,3.46342487336498,2.90082839320337,5.141226822905,4.76032307266632,4.00845553292537,5.23255561070417,0.333516327036581,1.87530176824593,0.27651020283412,3.85096750676836,2.07136963592248,2.61664357583361,3.52831044550379,2.13276363514897,4.82744550360214,1.98569461688261,2.5317783858178,0.802137686905793,1.70631093133926,4.24991912959624,3.18634520918765
4.43445938388175,4.07683694530853,0.639939235694965,1.81050874030482,1.61752524960781,0.79703499792403,2.67250431856633,3.50703017495796,3.91444120935428,2.57423399033272,4.21989721840027,5.98960200625669,1.4923958873419,3.64061889612727,2.05039683564688,0.00829860322441982,3.28413377509108,2.65873434467165,1.83819765850511,4.30499618565098,1.84221784955078,1.41060200459551,1.64766647786524,1.78635586333769,2.09337040971444,5.88890620958686,3.31667823104116,5.40120491768189,2.78161685494716,2.44807580313212,2.5373683991443,5.25230892978348,3.62919309777405,2.72331535774721,4.52937274701253,0.140912255846779,1.16990703824975,2.32375209325915,0.159371604867045,3.45038789603683,1.25061156343717,4.37243191658557,4.58325004785837,6.09987657504082,0.323906839494282,3.70647084707963,3.32706637282324,6.26030746279697,0.817530156909667,3.76071947603278,2.498268929123
-1.53646560342108,3.63279162755297,4.8342799028423,0.872118264780614,5.31065298765911,6.13101475124799,0.860982789834815,5.82566233289411,0.999053368274323,6.09467983798158,3.93322816717506,3.98122455489726,0.0330566513650728,5.22074747432218,1.10072135446832,1.83084814971714,3.10728818723107,4.10588561221639,3.58085199973899,6.00891151695246,4.1141567681718,2.63256243448368,3.55218876639456,3.22897598205046,6.22836987500538,3.32915749425827,5.0076155508535,4.35824829821522,3.712007914475,3.68828735320698,4.13478298852524,3.88476350815319,5.17366176041891,2.70198559521984,0.405602387813216,3.71587784627891,6.23727419360885,4.63284770621135,3.26686467523804,4.89787661050616,0.0608797542632735,5.58140454952558,0.699313296154334,2.77541666726731,0.882222035768946,4.62721539114568,5.96104716051275,6.18925645752312,4.83318051259114,0.696332169006994,2.27620239733203
1.79237791630047,2.13170720348721,2.33373976267996,0.178825982488533,4.77905207113571,5.34339219311557,0.493146921068708,3.53815215958783,1.24119716040949,5.04186312725396,2.69412407973331,4.82072426839,5.45136599845225,4.06328275329345,4.25243957798874,3.2081228367704,6.18122689224807,5.7592428355583,4.93102528527009,0.902096579554898,0.514677596376328,3.09693476049501,0.572005688367183,0.737551088409007,0.479169600480059,2.17469075758191,5.39397552178282,0.884675653674837,5.72915499210742,3.52280788395716,3.33991998068475,1.95569292175159,2.29638689688602,4.98618785620116,2.14363593113231,3.0982121864135,6.23605172513385,2.63501142664261,2.43834257758992,1.81577136865727,1.1137070652953,5.7922093638551,1.55167851249548,2.69807597444844,3.21674853531108,5.30913200343544,1.53260629442676,5.85631288632126,5.7485389390009,1.58875239249711,0.393714406825377
4.64822770296984,4.23406123952003,3.61270884176719,2.2782103884472,2.58155818771208,5.72600181555354,0.06987359028693,1.91493294754648,2.67764131443997,5.58543624788485,4.61608828116545,0.6023491109211,4.77359720949597,4.79506253186424,2.54200670379973,0.142836813818058,1.6382258769006,1.3833505457143,5.29941734378659,5.98746149963314,3.76832018540998,2.24007478102036,2.07065952232054,1.64707114042704,2.81421659749729,2.35003927700301,5.76046912224949,0.94154632629234,3.92094362566888,1.7381929501876,1.46159050451691,5.11121022356458,2.98775187238375,4.88009620615523,5.88449912937428,5.58162988426024,2.72195366189568,1.80736600167142,0.32126964292446,1.85505489717963,2.77474410677247,3.29368585919087,0.38066965847639,4.9095774798829,5.11711255966057,5.55861309630721,3.16635991372559,5.48548229404718,3.31715120708536,1.88499866368055,2.01890331956409
7.74904943074992,1.01119956454358,4.76004571071308,4.25600547152824,6.22525080638651,1.40370913690848,3.38870531720126,4.76276361647334,4.80774734970067,0.430889100900601,3.35614257477519,5.27662393757259,4.5068415498463,3.31790318208814,5.38389735332379,0.144290468700047,2.88917711528659,4.91944272793008,5.58279912007218,4.20784294897728,1.8965872614093,0.652523400378793,2.38242890940692,1.23054047075559,5.99307128137163,0.90728662230101,0.924122816898951,0.534775823262436,2.5494493478043,2.96180750886259,0.238684131317839,3.73982062626609,0.839453431153466,0.418552489751228,3.11007332285458,3.37115587396794,3.43833878340007,1.81293441501248,1.75774765473097,0.743951423762951,1.82266472788478,5.14577435349362,1.37405872059248,4.34432897501382,4.72740441251199,4.444341618199,0.495766167633698,0.341972985393203,5.96827013566437,1.42563618694384,1.64788997371188
7.84102833726042,1.79427211829291,2.49799230594339,5.86099139342843,2.1271428508036,3.45611988702583,2.24311347106829,3.78736879929549,5.374490934903,0.917809621723317,6.02781531511439,3.5121887839833,2.91789079589807,2.4321488413788,4.08191032033782,0.893936867235842,1.94598151416962,4.73634305995111,6.09781485240751,4.90643892226938,2.97186082234345,2.72946883884154,4.90529169605995,4.08608215015699,5.84941914527213,5.83356172040388,0.0144803639881401,0.386350647752397,2.53766618928559,4.51287176253744,0.362273410964555,2.54573337203614,3.84557976819885,0.351241870496615,2.58406300775074,1.48332859673857,2.5004260193859,1.35361307406924,0.501680053467923,3.94576369275858,1.59439421214154,1.64883913544256,0.615452140463446,4.30802134078083,2.95204416183714,4.55593421619291,0.0430292688217619,3.70423401461515,0.0337170228264805,5.79366408081562,1.15513897094047
7.81884742793934,0.706782598915061,0.208405691585004,3.29249959793832,3.05979393004748,2.44534366610479,5.85057053055766,4.53936082312456,5.96075595203989,0.718486209800288,5.53333154439481,3.24437032020072,1.40146454073775,0.692740528109305,4.26880711507665,1.98141549811443,3.51363198192686,5.255913592115,4.21343130335467,3.7228118731661,3.14452158528298,0.435718759629558,5.55584048472538,0.396302756560533,3.26445311183817,0.158838301007085,0.483922065410728,5.34981632429499,4.85862886203418,3.73662791873986,1.85648143248626,1.66130635299221,0.718641207433705,1.52794727046257,0.333198268165296,5.64543568534226,2.39152358437378,2.91172122416779,5.33573980176847,3.32992475529206,0.693567613715026,0.562046757972044,0.163628772549453,0.684500713710819,2.39788110596722,4.95714642049736,3.54106131555442,0.865111944870696,1.24871006398065,3.44077755122454,3.62039982781906
4.6329590229067,5.33481253992144,6.09406335698839,5.45502559335764,4.62270556434472,2.21645480122197,6.24405869563916,5.64902768904363,5.89352712746092,6.20652994174164,4.33788784618924,3.21337457662358,4.25263072140206,3.17993738515606,1.87728381158314,5.55164845200753,3.25996089710797,4.39695110970267,3.73237362130272,4.28484465588174,3.58146536325376,4.58387421941191,2.52460941282416,2.39873205469265,0.913232696721734,4.73544417871481,3.35886971154853,1.08546403322536,2.83844375266697,3.29687004960803,5.21496144167641,4.16150485643259,5.43526992629481,3.48008182392526,2.02948739727912,4.35977251109909,0.0355785217139525,2.58391065653613,1.50978703845029,4.60398654590246,0.859429229351356,6.16125751333471,2.53641169607092,5.49189075005939,3.03003735269231,0.676663394889317,2.13062145055839,0.00798326976951571,2.55589642485379,1.02611251487068,2.74014951450027
1.59023119950337,3.14782515859293,3.47023977922173,2.19834830511659,3.06938349264554,1.54146844149075,3.38149375866233,2.81388907793478,0.776139043272216,2.12998912616239,5.77240997455964,0.407352137314449,3.45429164319214,4.1680106403846,6.00451035424351,1.34344147781,4.84633992738501,0.862420642275712,0.347821177428161,0.654440443339899,1.5826232207125,5.32327674329492,2.75794697355016,2.33996734203792,1.26386548712772,0.712474933120772,3.54863012453998,0.00467764691134092,4.8402446675044,5.65536560168313,5.06250568255067,1.69445113346822,5.99555273568274,1.867214163159,4.43236060586174,2.46544322717218,0.642127175974317,3.88333035460516,1.41963714903698,4.25753015547173,0.610321476099252,3.69342250141509,5.77630290928742,3.89187663717499,5.80989267287019,1.64667191593488,4.80172495484376,2.79667125628626,2.07865869400957,4.18910846456509,4.17235357163941
-1.56316544734067,5.55079020185797,1.95060136265057,1.48620865380165,0.643941792726103,4.26993205665498,3.81051589960227,1.36069748015747,5.33606620073573,1.71436994222941,0.739482719589199,3.01101808348055,0.145469299791665,1.81840287154993,4.91810194010375,0.0297450568752984,0.146057801013674,5.06957780305288,2.39401523961265,3.88542514942749,0.23343615555287,5.39329242388905,1.05559876251982,0.152892399210694,4.21330886588895,5.40753091924239,4.10340633033863,3.12163468543745,2.67156385827239,6.20725185085205,0.126367118234843,4.34657943456021,0.34488229935495,1.69974257399224,5.11148904697298,0.488944029109959,0.678618701935704,5.94391160313657,0.955607472086931,4.9196316374675,0.842141797671865,4.03187437026537,6.04308901372524,1.89075645322988,2.0856402701231,2.77238021548405,5.69790745838508,4.79246767653238,1.28575991116408,2.43841714398734,2.27700778347388
1.58105346935113,1.7505381164819,2.36702586835701,5.21118778158546,2.01160943823608,1.39747764717049,5.03538714001738,4.15168160876346,1.08739355195185,4.18690766230999,1.17925297671132,3.30961194319333,1.68277918451898,2.00787339562063,5.88015001143892,3.58685324957799,1.80379544873785,4.77593545583046,1.69783073463074,2.50133773333958,5.29107314140564,1.13045452659714,3.50647780342376,3.44413810080492,5.54192837371011,4.92752989853034,2.7446534325751,3.75740334503404,2.01374303696046,4.76463290539958,5.39063322942007,5.44629170909916,1.69105454197512,2.10068733492803,2.57966121013535,5.28852732601364,5.25851701429512,3.04443516567616,3.53063678661095,4.57798774427373,0.696651310437658,4.65909444758491,0.872874515892937,3.72259298258558,5.62578456425704,1.06810279440294,2.59043344105915,2.03579717068937,0.474574314393662,5.42222375452653,2.6954410980667
1.57944970049854,3.2796579318771,3.28839199022283,0.607181765706283,4.45481233292915,1.24080182289067,2.99038351864238,6.1510227234032,0.821385127450378,2.33129953632616,2.70427781229988,0.478264327754673,4.55755187589493,6.27241057759171,3.12907384769699,3.39920761194399,3.81056366241464,5.78311617375009,2.47915729711539,5.79595183892135,4.86759520836421,0.0902479254054827,0.547779753271174,1.42933528356321,1.66975898100953,3.77561563059741,1.96382802193688,4.46387091916991,2.3454575272976,1.826922827446,5.98935018100144,4.87275876936725,4.88532341433515,5.5044155290467,5.78756920421954,0.813507797819409,1.28569722512438,3.04257796045325,0.333191696737283,4.95117945121771,2.62109428026331,4.57135964427819,2.28324488935437,2.26083415617738,0.968873485332488,4.93190593562128,2.43839006829953,3.13144519547886,0.609653820768728,4.190003834798,5.1447675674198
4.94604665834308,5.78147792055027,3.7861562201467,0.62861942429367,4.24995133573775,2.693900756511,0.980485808666651,3.09946094206347,2.5083719291535,3.80405371060902,6.24522429756259,5.00785230220086,5.99985700347563,4.89853016038056,4.24716808727857,2.23878991908928,0.648567049615189,5.43660928923893,2.36683452891267,1.41341687841774,4.90932310037269,3.57518989966122,3.93134976719501,3.93607492968557,6.2305290630928,6.01250577208475,2.02147930910439,1.69458814159801,3.47759700929133,3.1940712306646,3.52298115928906,2.52710105050801,0.527821954817331,2.92112044503164,2.98890454064844,5.45911306254285,0.818760367147147,1.00105010808655,5.12693230802965,1.17994744001565,2.58974629819689,5.63188146406882,0.104607592800411,0.521316854048059,2.67451662382693,4.24841751733377,1.2606349675579,3.3741385561972,4.90852343277761,4.93454213155514,3.83043814475803
7.71237902695376,6.09930307896955,3.73824536339292,4.87733429874499,3.57394617352361,2.72385732939679,2.76268384816286,3.10762999365154,0.877885080534495,1.40489597455075,3.08901624825719,1.7591094076363,0.54126109710298,0.517454693264989,3.17546798024455,0.445794468923293,4.39024913234412,6.02479653830736,1.0901800100533,0.178329646568435,0.748128120710572,2.35062186511014,5.11907366278839,5.37172466945979,3.12789280467324,3.07165678980606,4.32275877312262,0.551414456625444,1.00466691995271,4.72098395179403,4.2693222524199,4.51440388688228,0.301075493962812,4.47468002001806,0.373615928317359,6.00142177576324,1.38163110933858,3.45843978544177,2.47371362972479,3.68391458866379,2.85737245115753,4.17310590505711,1.97712653537048,2.55715318266566,4.9916982516741,3.83973955053035,1.0540624571551,4.37964943505276,1.46360620667329,2.66315966747268,3.5396759438367
1.60736322919683,0.35241801567064,1.73782371405315,0.987728898941863,0.771830110233573,5.11863997048337,1.17317522210844,4.65028751982673,3.8437419466405,5.70311009685585,4.390591360085,0.0788854055737807,0.517637958864451,3.34278076526505,0.567809847673577,0.798106747801,5.53076939552245,2.43358707271548,5.05904596029078,2.68509832430008,6.20868552666184,5.97781258352277,5.31724377592904,2.80866989824928,5.9095070380712,6.06297830518835,4.79404267169154,1.73382458902783,5.24523167590174,0.457218242597892,0.317920749875336,1.71551165762644,1.66832093546344,1.57013750895249,5.83831552244167,4.47951244951386,5.01457851133447,4.07376208168526,1.17566513208605,3.51638200605355,0.432524327322916,1.2139160715855,1.41066847081553,5.60978284007529,0.507468704737055,4.64449863449071,0.33586259308798,1.88244742086247,2.45652100098851,0.886861443464613,2.38935055854425
7.78162904865789,2.21875098427292,1.91354979946424,1.64160965762008,0.607814950298106,5.67865904646289,5.10494008938261,4.9627988243541,0.145935904827638,3.15183559782668,4.16606468284766,3.73110802746566,3.53612343160888,2.26281741958826,1.12727867627594,4.79060646437686,2.48840644013932,4.78378302678186,0.144754281025406,2.54521932456685,3.5264890803109,4.73751210704661,5.27875986233671,5.10121245562028,4.31765258337789,3.16982251354534,1.0086574810556,3.25164778612496,3.86613081358096,2.84469766308744,1.69510419326507,1.99730705286147,1.14136425719121,5.79219186589196,6.03280135100851,4.30936090560766,6.06414456103616,1.81773626074291,1.00397697852817,3.80110454237004,4.22855407709604,0.166059918570729,5.91685220784414,4.04864408986579,6.08886465961892,1.15695626775818,0.568740164093561,5.87675221889007,6.27792797897934,5.0487801491814,5.43973276124122
1.5950197689602,1.22193536132396,1.4553158674731,3.04456192899064,1.16751691391434,0.900592595902227,2.04901410449629,1.73312216744915,3.88023632675506,5.71099744747566,2.6358523061029,1.09084482878567,2.93557717704113,3.08253537194839,1.60613137359,6.20488039627717,3.19159833296134,3.86407010328696,2.82042866553485,5.45688653926207,0.437382998643222,5.36675271707802,5.36449896742887,1.67897756806354,5.738827941036,1.32558097284256,5.07984083754374,0.430901058792981,5.70407305097818,2.68589516407451,2.39652136018549,4.03243692370941,2.7698681627784,5.39115104829216,4.83915266206371,1.3290750561223,0.149176846225856,2.43090269850052,2.87759742672894,3.07570222350319,0.607976013189879,5.26876366556642,1.14151033980185,5.15800840677104,5.87542151203222,3.41660855436309,3.59757221272869,5.54816771785527,3.48639366443875,0.442070745540982,4.19904744222055
4.56946026313796,3.2792179870602,1.53885293707021,4.61517722845074,2.4498532222659,3.1206562097543,3.40554887320298,5.53357170726713,4.40781190568698,2.85587659255187,4.92669131585144,5.62886990676251,0.39462978831469,0.0273906540735428,2.23477435086474,1.48313026600872,5.3796403085265,4.91641244966112,1.12197821247321,6.15522962375748,6.07219099229375,2.25581745459448,3.69775247121571,4.6959554890981,5.91111338941646,0.148197662490351,3.34725720242377,4.42376450946839,2.74791696142847,5.19222498686323,3.56409859752683,0.272057871639511,3.27362212206139,5.21217265460938,2.24256826344392,3.99163627014127,0.813837598071198,1.77718132767288,3.04459236061253,2.34831873758706,5.32374137778024,4.594507547727,0.797208153296646,3.60209880603376,3.91478098524445,1.19183459299185,2.00725210308987,5.61644110983038,3.65346276973187,2.42875127997102,5.61884576971983
-1.5425286016417,4.65644424421044,5.766090993543,4.090550689021,3.50010250737566,4.14300044368381,4.02734888585221,1.12531189117431,0.682788608017602,3.54085948406162,3.08566981144752,5.16378919192966,1.39664952289293,3.26901142267012,3.34726705956579,4.3947062516696,2.54579920627554,4.74355899554093,1.36937499233069,1.4608639989179,3.44375216838642,4.97451421319278,1.16363174581864,4.4652408819715,2.97923160488613,5.5047771141196,3.24932133676186,0.762570826261516,3.51711585989008,3.69605847352248,4.67598275571359,2.63962865211144,0.906773758332453,2.1942133481476,4.2677016244571,4.00974501475175,0.0839515259923168,2.63818322321781,4.92839824574049,3.49748056465265,5.79585838625153,5.39586359165137,0.647512325178826,3.17293529015356,2.95467753726494,5.72892272752981,5.50233980482446,4.9847842184883,3.61150716282101,3.60161147437444,2.94298062361868
4.68161004161827,3.75046648886328,6.08112582151668,6.0661129407185,3.17878523183854,5.85150688882932,5.41838183028925,2.68555066149603,1.46835806888171,0.516008908882266,5.16024385970378,5.57938990359606,5.93494289565676,4.92491272492027,2.96007968118877,0.659083790673953,4.52444203721725,2.14581909790997,2.44802677489561,1.71284675192528,0.49971613714864,3.35216520187879,4.41622229779643,4.85502778092613,5.18194431982076,5.94892000412229,1.06133683193344,2.99062002568242,0.0777872631917427,4.40224917285683,6.25567633521763,4.73475551149192,5.62253798038379,5.66186254375827,2.81111917860307,2.53796696963145,6.10057687538829,3.37578383286672,5.61674112360715,1.69653439025565,5.96137377891771,0.479733433977416,2.50019197297407,0.678562141134006,3.17804908122062,5.59921125421773,5.07097319429652,4.53032230665693,2.96049963669303,2.91105210006751,4.54570030547516
1.60735162561293,0.197957229301753,2.33056564152793,0.0501031082527107,3.91165848461977,5.9051880343045,3.35288012116662,4.94687169290229,3.79655421907081,2.85635328879675,3.91078877104414,1.23515448804508,1.00592899400888,0.758856553329996,1.44740871918292,2.49774359816657,6.17187563169053,4.24113439723116,4.76218838976998,3.27513710978386,5.46325262624086,1.30832137025369,0.533145638055821,5.88215332560499,3.22966510277796,4.37237476476497,2.41068465130913,0.188798365878329,1.21521025523058,1.73706817684485,4.83195268544721,2.11710230713466,4.08438365106483,4.83862918755032,4.50063998409763,0.85561936788962,1.95618437883989,2.29393140790791,4.37721575672028,1.93654355084628,0.595552738773491,1.08731979893688,1.29701486848108,5.50925279641259,1.28300771314112,2.2931706349158,3.83382275056331,5.43281989107529,1.99972336196758,1.82875066458847,4.69374369593947
1.5835928209112,6.13912930474886,2.97231926429654,3.1340643089183,1.93179649286083,4.44826215233926,4.62333515893557,0.628024414549125,2.46363160793954,0.108049530365212,5.35478704782558,0.366065018134499,1.07873153061818,0.601062214070966,3.91812226380498,3.62898134038207,2.06806338693536,0.262296076770143,4.70538576478694,0.610619838241519,2.59990099482648,3.3801211465161,5.16597991906796,2.39383111820611,5.41527624977507,2.3310906447907,4.24040410852599,2.28411969827367,4.94178997192535,5.74057253960268,1.36420664465969,3.49158474146795,4.63314614442536,3.90253882886379,6.24362975196622,1.09755334685094,4.45576416155949,4.5499948024382,5.0887410365699,1.44249833370851,0.0775722946945848,0.409105198862214,6.0695457672295,2.76881940851072,0.676925489829481,1.75646127867967,4.6464083935827,6.09315209800222,4.95173658162443,1.32615770049987,2.51479338611868
1.1940590101314,0.137094165470846,5.15419266876738,4.18851877252777,5.37999286008026,3.87455554667633,0.307650925981663,5.90504825540786,0.691914318791514,5.3142341657667,4.99559594966316,4.45709726614007,2.26030984926361,2.78709835339928,4.98767092012529,3.92395982188842,0.807724576902187,1.74434704424461,4.51896989266332,3.34340135705805,2.13647963286091,5.70175153311193,1.08155778448014,4.53566230289492,6.27452457467674,2.20532729040219,6.1570193533469,0.118359005190505,0.787229049261194,2.22292148576248,3.51954609305047,4.60759197334013,3.71151806074491,0.448391685404928,2.51347600937036,2.48259967794436,4.31851308349546,2.20720704504438,2.1792911887512,3.06216003911971,3.41555138246478,5.60997584578332,0.157563999881614,0.761280828025054,1.26303182863107,0.732428887025902,3.62391525946233,5.10023515319742,4.06031992432545,6.26074323390858,4.82121942519812
-1.42012931761103,3.97041662438357,3.91316818096754,3.95406817106201,2.20105406573095,1.09033910970901,1.46600340714345,3.61948653391384,4.17398736001325,1.57118034864238,0.00592822243140245,2.78197231917081,1.71908521831959,1.29593444642574,3.21508269879087,1.19125961937332,0.740932702546809,3.93983495976877,1.31056410851846,5.78866812779983,4.08909788116858,5.91568004473313,3.93439628239174,4.42233036113607,2.17819064572059,4.82515898458801,2.40559009468897,1.39578150922811,0.0584699653830369,4.7133348754193,4.36503442993627,6.22412497681691,4.54563733562936,5.95194968113193,5.9782873501787,1.68023234801016,3.2077068677179,3.30499698817336,2.50999145992775,5.74068999729526,1.94687319492313,2.33753499934965,4.90076467850864,5.22184653980553,0.246581507315249,0.493332667777232,0.792276972441742,5.85539126109758,4.4720915561753,0.64001928072059,0.181449537347266
8.0125493629922,6.18560614483294,1.20338102210697,0.0668479289874208,0.78417499711052,2.43747654179034,0.589517521439607,2.67541225592217,4.86640694876557,3.73676348296951,1.81832972418304,5.83596319259483,1.04609209910056,4.87864494021847,5.2905964568641,4.34196711571862,3.09045495357933,3.39112859272327,1.10555887491904,2.4338955216779,3.56552726137927,1.89088532899807,4.75184568183468,0.952297036228275,3.69271141350971,6.23396536988592,1.37761249385569,5.6734742731477,4.03148205659822,4.85957618341392,5.09592934934055,6.27029423837483,2.36952029436272,1.4276487160309,4.8354809278641,4.76139702569792,1.68740388842503,5.76600693427016,1.03576156703243,3.95397583020993,4.44826783285017,0.4797349539493,2.95675029030057,4.13118552667652,1.66341053389694,3.99380141230528,3.87546605372261,5.1861431814402,5.97770434075116,5.74423647498601,2.98130371277488
1.55864536621575,2.50511937950033,4.75393766346554,2.03626800063276,3.95462701015704,2.157939940346,2.14906913280697,1.75865421043551,0.34454380936977,2.14685909368711,4.41529827485002,3.34524598996298,2.31128141444532,5.85420791397786,1.56566457987132,6.15511825326703,4.99718945219893,3.99681585741187,1.44750034466806,2.62404574967243,4.43595556319471,0.242921627140835,5.30744154015229,1.60124314839866,5.64241744542616,4.42315041303167,5.86149691793699,5.46568028612836,4.7921566820925,3.74188881207147,5.85935609093438,1.55340737737821,2.92577626666815,5.4274183498737,3.51850768746528,0.947531993127961,2.21282126088757,1.29884414806078,1.68156384045502,2.98304304044772,2.52124737691901,4.19048202175641,6.25142325931709,1.56147546567505,2.54101339412725,1.02770281069002,3.08227273133978,4.28122394826473,3.1644384454373,3.78782902454572,0.831193740087037
-1.50761290813434,4.08098049692123,0.853526942994581,0.423308944059499,2.5817799017245,5.76339280206678,3.4821453371703,5.81860888361535,0.588458392156907,2.95762217630955,2.34313631518123,1.24991301273973,4.96317846768777,5.58277669500094,3.20008376399075,5.00852417658713,5.71790471466535,1.1962306823009,4.61817915975608,2.03457637871849,3.93404329342548,2.36423697888571,0.302969967023791,5.81694136766519,6.10668929237213,2.4414346451298,0.0872273667642339,3.91624119399944,2.97962514301571,3.10545151698924,5.02755004648526,2.69931858584248,4.22499017166222,5.71996660407132,2.74453736026594,0.335799081962487,6.12161586392946,4.89850850626715,4.52873714568004,2.21943360232956,3.59019501529023,2.48917254107907,3.68055701465878,3.62979132740128,0.555398481410354,1.39642950147673,2.50959540704198,5.42969009341523,4.77891002471605,0.101838562442039,1.87743974987288
4.72479928074545,6.04208040192965,5.6983506421026,4.70949811089409,0.670100795587858,1.60404498762079,2.70031714007627,0.260378009766382,2.9686556844023,3.44557721720703,3.21764574735785,0.655899035570406,0.136064549097477,0.139662205514308,3.49631826307241,3.42670443583422,2.88579105680367,6.22988871751699,4.30078703971744,3.39316885727419,4.01586718501042,4.0557297321198,1.78226015207202,3.2680807317431,5.64501196574978,5.74599230437478,2.05972780406774,0.779293900718977,4.09130413571936,5.86029532969173,0.648881300510715,1.45025383737351,4.74920249315241,2.92855418425386,0.744791353789408,3.51691998101094,5.82471526313628,0.237497504335777,5.51692189428416,6.18196859025134,1.75478114359816,3.39094580696094,3.98444859081415,2.77923270224334,3.84431590791972,0.225844823480561,0.947614858659643,0.659566201076854,1.31094971909497,5.26727209477365,3.92988598453116
4.5149222510249,4.00108668728622,1.02789576665884,3.36276456562484,6.03406090006807,3.14529869029253,4.91143601050959,1.89211536807414,0.63841626775438,2.24672687140949,2.5353033278915,2.40287968638387,5.65357658599773,5.57794525590068,0.527727523455315,0.480738748355652,5.09421481666624,4.17074649468677,2.62905309296838,3.6729436100785,4.50648512009672,1.09764257315043,3.58780765440707,3.59817651200304,5.93793157292431,4.75613046648459,4.99187857241947,5.74277514124702,4.34891377490343,0.836089240369988,3.50876585996478,0.0816281341280055,5.02532195788214,4.61283729244587,3.21449459840842,1.12236957231777,0.918175594087535,2.38963968382176,4.34061412569258,6.03365558398503,1.70418594920237,0.916295497122522,2.5156006959978,1.15516342215325,2.9804229175948,2.95651255294642,2.80366295871873,3.17341665310711,3.24230558395617,6.00848438876085,5.41557416719024
7.83460981985781,2.85208926441731,3.5838744645625,2.10691400288803,4.66132695127479,5.70237520434749,1.95908738177304,3.90316786461994,0.667971859183397,0.401763461095081,2.82026545069059,1.12550470085132,3.66980082902048,2.0509774809988,6.1562373563393,0.812644845851138,2.3445199591927,5.34790424355201,3.38017991047242,2.50701005043722,3.22411384507722,0.293485557514351,3.31661779058071,5.91950970971691,3.61844630260689,3.49007600772027,2.13601432689619,1.37126642691082,1.2828263683531,5.96622779523269,4.87383017838431,1.27968070680938,3.24191979344073,1.49541247123473,0.783423057217777,5.38257302332585,1.23741467453377,2.41797519279516,3.81710811129149,6.25934430240318,3.06173187225627,2.86524643655777,1.09835639378679,3.97704937206985,6.07777896192368,2.28628430062091,4.47983460748161,2.51064493811916,6.20961504140271,3.64113011431299,3.32873664637399
4.76465188338992,2.88358949236824,4.76897005373922,5.2420706946799,0.446642477183384,3.73917294561902,2.39433273818631,4.95870573756346,4.73142327815388,0.991974225765337,2.23731467299936,5.54458651048932,3.01351222275432,1.41763538263823,1.66427331324088,3.43878926269005,3.72441352708142,3.35449225250122,5.1497971514593,0.791966016037731,4.22279891787342,5.95547726523568,4.24283651265681,0.646307814023244,3.77054795217112,1.06507584719844,4.64019620704876,3.54218794972897,1.68343633756061,2.4914723229085,1.70890410577824,5.10275372320312,3.73310405044803,5.29872519920742,5.62185382333733,5.5260479151967,4.2035346684001,2.62022195245307,0.570766212006589,3.06762995126065,3.1678448692028,0.0296508727464371,3.29215095091292,5.87810817863981,0.228480184088194,6.15345309407789,2.50730802636911,1.90020384359732,2.68298152280109,3.63218316481377,6.18688222340388
1.89629235506428,2.50947750901106,0.280975565702978,3.47029137341655,3.28756526742079,4.21908867528121,1.40967690201556,3.40055215654396,1.23677777120419,2.7021624356831,2.14581442096087,1.42830297688349,3.75396468001698,5.14795820345402,2.92767835568065,2.59300819882243,3.49397175417661,3.14678760003731,5.5591996299044,0.368601109510027,0.274252064430734,5.89481217664552,1.1122876617143,0.200521002013178,0.906382458467529,3.22711787713293,3.41311122340522,1.2819637616335,3.3052207019948,6.25328878122928,3.74594408828143,4.8001066529207,1.68277690968137,2.40729989774913,0.973523313393634,0.148591538554013,6.15010764766376,4.42904208152902,4.46302679203149,2.69341141333932,3.6400883674229,4.27088923517673,0.262691636652515,3.73419703896967,3.80946687030599,3.43514070403865,5.42421167440566,0.303475526642378,3.19186368582007,4.36908635752675,0.0506774923152553
1.57653588652598,0.401600936748147,4.63915638535887,4.44757116053954,0.835276476732263,0.0899309139835416,5.33252421420349,1.76159601288196,3.13914577534749,3.01325515586359,0.152770075852578,2.0970454252393,5.32023502646949,3.43398991854953,1.15588331243671,5.37279768768674,5.59687899999569,5.93800790652677,0.807671685099031,5.48736680317313,1.71561488258903,4.55978409138995,5.75859211496746,3.37526941527916,1.96349541727113,3.54560665761759,0.478695007911373,5.52998740290361,0.749822767939431,3.58405438154248,0.251121310770571,5.94369421936166,3.28485255794556,0.335032093031462,1.61901906012816,1.04036062598455,0.700925262179189,3.49230138553619,0.978854672563286,4.13913057039662,5.35041778111951,2.12955299663585,1.00934062722566,1.00718198773252,3.93341619457287,5.95513920534841,3.21852167540948,6.2099138424204,4.07909011710503,6.24438679305431,5.80225014744261
4.67347916824711,5.27172949351649,5.72356057686043,6.15662037316207,3.20910943164889,5.55148512744441,4.79831563450045,6.06215535378912,1.76239612520414,2.75724902118621,4.90749058042945,5.81820669232533,0.943281234489659,3.43665984205971,0.936325793407619,3.67726846112876,5.92263729105608,0.535759186554893,3.22913104844102,2.03276455028856,0.303934230457805,3.25582664380258,3.64721190364392,3.30655750922104,5.89998925940037,5.07224704191739,0.384618937493999,2.74089845248511,3.28076463379282,4.34218928030981,2.64342587249805,2.66318407772375,1.92624436911259,0.498062862705981,4.15453015895987,3.93264482420219,0.763936115039845,5.04772114717257,0.281638153485276,0.633151202180409,3.94786008947621,0.27759100085941,4.01678464676925,4.8646007642736,3.03580276843359,4.30340444885733,2.59319759258572,4.15779819945259,2.48394957389866,0.258231203817583,3.41966531730097
7.80517086057108,1.58014038101798,2.18044061665234,5.21349109489914,1.348012537973,5.399146044813,3.75119473533481,0.773650003730871,2.3566155136268,4.63918695595797,0.108654245108294,3.90518675154897,2.62265054129355,1.11354625987711,3.16514621251864,4.68466442111123,4.00571258639635,0.889748575199524,2.99757656980469,3.57808029955513,3.06499363975626,5.21581209781822,0.7983877641236,5.10338998138582,5.45291506631428,0.383556342558369,2.78329935410429,5.2665128227355,1.05195594435896,3.42882517111993,4.88815919033089,3.68113726648574,0.896023883722741,3.78420813991563,5.33499597229356,1.1032284493446,5.71960260372068,4.6496158751186,1.61035023183666,4.09238647419739,0.336628891521671,4.51787150304813,3.89784317928256,1.13402457043523,3.65845123553292,0.874931625945542,1.71787102703508,6.1765054748278,4.95079170916956,3.29506185945537,3.74835711313646
-1.41728275094758,4.76188313289481,6.21997609871948,0.590623279773166,1.37509810194403,3.3514977762264,3.3818210163625,0.194050600197828,2.0005872721472,3.66969664438363,1.45688841955906,0.400564517805709,2.43485290500819,0.29195727771822,0.330247483401837,1.60957508860027,1.93543071930381,4.26582157576838,3.88691068860902,1.15582028261127,4.06907116025526,5.69956049290917,2.29394864547163,4.15971378388437,5.21867187591089,2.09086811174654,2.03589037466312,1.12438858652068,4.34884454669408,4.99046337619087,4.18187744482695,3.38020827060231,6.09424213435518,5.48842527706853,2.71337514831473,0.678492079061353,4.45825995831944,4.21445378507657,2.04011604133053,4.30059936341997,2.12029797268124,0.692057978809816,2.53589553761084,5.40523227995198,5.25533681471847,5.26896169639806,0.777027264224469,1.40948007662843,4.1136663629216,2.09524914323981,2.51376768890284
7.84423690172824,0.996901067605218,2.60988263263604,1.05096008335736,4.7908817314314,4.86665561265485,5.48161235492869,0.748422493475236,1.27679797553206,3.53461287799111,5.66622093074259,5.66056608381266,3.97146558784854,1.81879215551374,3.85142749063711,4.79345499409241,4.73974467656781,0.742590931893003,1.0890811669335,1.53140703807292,1.13321027658519,1.53437372914465,0.798592258127311,0.0913599011408783,3.67823117679544,4.77420219634182,3.01824958451874,6.04296539861046,5.38945904601919,3.10787943435032,4.855988618206,1.20877835156741,2.54396722176032,4.13057046325094,1.29919976296499,2.18815239369595,1.40718766205444,5.05894323418325,4.43513785781972,4.1488048944682,0.966718365620244,0.787709473021343,0.963100693558254,3.43941317969584,0.654691469841874,2.83440861791313,0.128480552096418,4.76658156202038,4.93955200716228,6.0774892646452,4.7070368302233
7.71589991309382,1.93161856106069,2.67889153154511,1.74203250742343,3.77832127271541,1.76914278885833,1.65853354245353,4.79884056754316,2.58351330896787,0.851541491058253,3.17157808107178,1.99504255369027,1.07584925138253,5.6443150227993,2.53497075979871,0.882186950604651,3.41374704417542,5.77421232035457,3.22766652261479,4.62562207001174,2.653459344421,4.4233317505051,4.5500449307891,1.58272028386414,2.82050082104328,3.33398161730522,0.434948859491556,3.9601788442475,0.652319798755111,1.49592620710246,0.151775828449612,4.68864526551223,1.89378087836361,0.814356762827923,0.337206960674858,3.87017853674487,0.527548200420076,6.2015253501946,5.93305425232433,3.46539135856841,3.69286181611744,4.52866496969077,0.588471555493784,2.76121307128767,5.42510821351011,3.14868270215306,1.38023476134651,4.39351120413108,4.20001610611215,3.0336801006331,5.86949452869243
1.64419308715944,0.69269554923004,0.291356591851529,6.04293126580583,3.91567853229946,0.289324758097497,2.10782669845975,5.26639531237786,0.471577004446529,2.27438260916483,1.03772402921114,5.98197660135939,3.31009682446487,3.33397328598676,2.98796519070932,5.89630538444362,4.15819586154824,2.82577505472485,5.4117012876064,4.46116198841207,3.5378957480844,3.12361713254005,4.25936572559916,1.65478205142315,3.97708266223366,3.48586941019003,2.13757998424925,3.47591113371927,1.34691446581103,1.5241575958074,2.70242837224614,4.5056274726694,0.283130787819487,5.53473622077951,6.18978134814121,0.142702570603432,4.67543519132819,0.086255999400027,0.862003296617304,1.68824910397451,2.86327041898013,0.0350862424656887,4.17973577372061,0.410875351681898,3.4153411377301,4.92579283984345,3.91020863039895,4.87059500380916,3.00042766694148,3.19855128854557,2.92153607615006
7.7192778190495,1.87949825408641,4.26477578390981,4.87750486914136,5.61254576567651,6.10433140197367,5.0017243885258,2.17573627002313,0.816195131517644,3.95292023533731,2.16827370253724,3.49444312393676,0.472270336915181,4.00917329758886,1.57935413277044,3.3713552097225,6.27648089698828,5.48094000509405,4.7135645096702,1.40945747161827,4.42767840927517,1.30737075291952,0.506932889046752,5.3522360961282,2.79787706505017,5.24741763392709,5.96522145388596,1.55662639694901,4.6120736989477,3.83006189393139,3.20767219070775,3.30882315385709,5.99769789438578,3.87324393089942,4.350661893251,2.23438217324897,3.66625410702241,1.35239125366694,1.98657257692746,3.84413249017677,0.943943159570066,0.779461151754226,0.176428828831747,4.58740161479923,1.71575393148955,2.39214124009019,1.68263798366597,1.29258494187686,0.314790070075671,5.29093568123415,0.091623274671443
7.85605690725986,1.63558821658575,0.588839865601093,1.81346487495969,1.17272191938657,1.08514596411365,1.3426552003041,1.09597654645088,1.68132837647557,0.395040021265396,5.77556670893029,0.791922447411494,1.83355911831987,5.25377172497763,1.73811828284884,3.95781091969394,6.0996178740706,5.12289062379157,5.90250848625628,1.42349026606048,5.63479940046973,4.35891249081865,1.71766765655245,1.92804316440535,3.85408577809688,0.694363657662023,6.21655920046052,5.50816764766893,0.633413594092942,0.599037365750763,5.35876046645442,1.67838452155506,1.74733767743363,2.35219386860183,1.3372907747971,0.182622376326432,5.40912245122752,0.0914579737059943,2.01112446333779,4.76264740518696,5.15547114652397,5.3572332238672,1.66097058257174,5.36954311628078,2.0115162796128,0.066699938731604,3.05662741753238,5.23786674942013,4.35469818663596,4.70696021281473,2.92803365605748
4.6627797352344,5.21708561920836,2.34723122184195,2.2983301304695,1.23513490396075,3.29483233346041,6.27012592818689,1.87487442500537,5.61682497953437,5.41244701448606,1.90337363304892,2.18620362443046,1.0489674441045,1.31353638793725,1.01606257780474,2.90191621177252,3.52932623730131,1.34887053357482,2.6718818951999,4.03638249130385,4.85398945580143,1.58845188864277,1.04395049382553,2.56578757386557,5.96428442852367,4.31973458498161,3.11131860553703,1.53589623772896,4.68488173612898,0.998182949572176,3.96793824073751,4.93268345317372,3.51653226675823,0.101368978904857,4.12028359343581,1.47440839669643,4.4241740387555,4.68195878630782,1.00262809052442,1.98248030351927,3.74677780822064,2.92898978127822,0.290604202842935,5.26689123721798,5.24790122490488,5.48713918774917,3.24213619267177,5.9952505158255,1.55341095421292,1.71903423562453,6.0105619094465
4.63085447156914,3.56866383527588,4.64372146072401,5.2529439342454,3.88668366859272,1.41016496220809,1.85137048386902,5.23134778896498,3.47728144323245,4.7081881643067,2.93987753006523,3.87293023737568,0.917228584309348,2.10176235735275,4.24005930751221,6.05414507270019,1.1494528863208,2.91768780869998,3.31600866075087,5.55910037530148,4.62439294672239,4.45401345969859,0.153574392601314,5.14210313277825,2.7423460625896,4.38180984175094,5.24551341344295,2.33561763015782,3.19060504523264,1.69421857191824,0.721767031808265,5.18446934129518,2.48227735905563,0.712646262771625,6.21975378637357,0.122111824550495,4.74044197793321,5.54047253322851,5.83801400624803,3.03321645361748,2.13451659575539,4.9289616462141,1.71733387277473,4.1657747851494,3.42756173069828,1.92971840163714,2.18170865209968,5.11798733054401,5.08228980483306,3.57361806440512,3.47635211574508
4.59250053137644,5.49174697300764,0.766581127980965,4.67920215856892,3.86080431861392,5.39113868370856,2.7417841030903,5.94222976814425,1.72922576267968,3.43019335355022,4.08148289224801,0.0526891904648437,4.79722916181593,2.88935290976342,0.293776031602334,6.04867718523787,2.81296748196947,0.608345015257439,1.6489994025069,2.9119878219698,0.583613906753216,0.286489972497298,0.513199572204974,5.95764721747433,0.978095946193572,3.57373947343944,4.37004859920798,5.41244968870031,2.65569684690196,3.93548660547665,4.84719563352004,4.54217619580185,3.41075821915315,5.00271246387739,6.25058294161734,3.13293406718777,1.38475857364431,3.20995156336706,5.52251235233775,1.15019889408073,3.76533095808523,3.01216041330317,1.92048314609453,4.13821780899359,1.86507256958732,1.58610857768589,5.34995743152125,1.58544759765057,2.87752009687927,1.60435305768743,2.4751435780193
7.77497866943661,0.567869707355544,6.21444430075503,0.487436543231407,5.08279077820347,3.67641577153081,6.27112135762766,4.98926049765186,2.09834219678647,5.19888723721842,6.25260643234957,4.67566214551317,2.42123648045803,3.65183652562656,1.14630193925406,0.040789137477014,5.72390038639772,4.58683801390584,1.82408515550843,1.93555060544041,3.52099161557086,4.58750128487088,2.75748440031641,6.07898026489992,3.19281331861037,0.32075976623462,1.09512674465322,4.69432816535925,1.80290964160042,1.20155500629751,5.28508226804457,2.03539441325005,4.72098852341303,1.04344395405183,5.0110993703,4.70699736947102,4.56651350870291,2.23314134515207,2.06020805227772,4.06778703417197,5.44545687295345,1.79512636589861,5.33905288697177,3.92577391637845,1.57947295097684,0.935737517474994,2.14077604039496,2.77966264362641,1.73778641695672,4.48258764668245,2.83017697961412
7.86056753028734,2.1602211006912,1.44671159775644,6.00411693753612,0.781213066374216,2.08355308832646,4.36203702051071,0.289919195841072,2.12064127274106,2.01729899582328,5.35791104208962,0.412096373330922,1.29699003837252,0.174074622061014,2.79187997282435,0.233314200850109,3.52046048707008,0.0467626854992663,2.77113276621992,5.4501789033364,3.16989548828789,3.10448046854118,3.79821451552025,4.16050821130689,0.300966642617288,2.33350671397826,2.29781202193963,6.08194002027704,6.01988613966669,4.81417084597365,2.43426344411192,6.10325279686259,2.0586898885601,2.04164463272821,0.890686470998077,4.81958927363862,6.13867613076377,1.09866149412973,3.92538485477818,2.44816617635938,0.63095150735429,1.80481371871859,0.396634032896665,1.15859082123818,2.41638484869952,2.98538873303523,5.67149875296221,0.613635705304488,1.18462829510633,1.69732841683862,2.93869130538564
-1.39843683689134,4.23954345626494,4.60637216298727,5.92807039910398,0.0666148905261477,2.52918208073413,4.32450293427679,1.57971936782394,4.93849065716994,0.0468565507119864,2.06760808586739,1.09222214128769,3.1553746775407,4.07721296499411,3.23956015485517,5.78909483905978,0.169750632669499,1.90351070993587,2.86195786839856,5.91628623848639,5.17381587298689,2.32034646970983,2.13482481211384,5.38414389598186,1.56782771344881,0.56101956711685,1.53449493190752,3.649137893812,0.773303657875604,5.1008606955052,4.12822594392373,6.19980050833659,5.64716506224632,4.26479693039064,2.08778831370059,5.95993157429553,0.590265267146217,4.1239930489781,1.31089926597625,1.02326774192875,3.02391414668763,0.252464029648773,2.61822182013382,3.62677816381093,2.65772526327936,5.70155088219402,2.25779481659383,0.255759615426006,4.74614788070411,5.87559191858177,3.88219651409615
-1.41430476458876,3.8151585491244,5.18146829359235,1.68452833714964,1.92177054179973,3.79952217117792,0.44352005263044,0.51690211838517,3.74631342828307,3.02742982995281,3.98085265478898,2.90210569769966,1.76636417053486,0.414336092132772,0.756393771705256,1.47538844647944,6.24157034952099,5.95549566581928,2.42736953190138,4.44897605343611,4.82003285673278,2.85707177906762,4.28424104856764,1.29440025351473,2.729129462328,5.55422824367193,5.26244987352021,3.50383442309921,3.19429974432025,0.726660087555106,5.24515666624014,3.71485561910476,2.62266412009916,1.12313187844803,4.5816808531694,1.05430407124216,2.48669075468556,5.15203776264118,0.694220000569557,2.85266170426173,5.69642742709012,5.53131075128352,5.62799880195179,3.53497804867622,4.09650291793808,3.4992470411592,2.7368730388219,1.71231561318408,4.81797555942666,3.39102124525753,0.506873819340548
1.66465366308169,2.39915143234427,0.798162723435467,2.48916019405048,0.489896347817856,2.03392048817515,0.453173569618171,4.91064882892032,3.33080949449929,3.55493579739085,5.70542324390485,2.46990376094846,4.62559278092888,2.74884957024108,1.38300219273543,3.11303555348909,5.8717415635476,2.65490257162292,6.24779370689738,0.107821490695016,3.23819524936137,5.50286780560638,3.22826104813345,3.51377777341681,3.57440135316938,4.54519174102284,3.02506287823977,5.00210715518957,1.22897475781165,0.36359676665906,3.32288487311557,5.92364327837663,2.81085840906669,2.34187789110567,0.364841865013833,3.7312764107995,4.14754228205818,4.44806302431907,3.53258303965734,5.42543077085449,2.73600558838054,4.60741171550024,3.48223552460697,0.0579522079535045,5.08666449457645,4.83460411182119,4.69295531475737,3.18683708613344,5.40766927033098,0.888348106167225,4.96464410094299
4.69148804512069,5.33040671342965,5.8303920860216,3.50497642083943,4.22148243789389,2.25345828853146,3.40461573920277,2.33609281228249,2.82359678287109,6.10267573273412,2.58271701047313,4.91283144856662,1.52932578255741,0.691754198018984,1.5575552811722,4.3822844650409,3.70279061625182,0.982286551103373,3.10099843970641,0.437361607855067,4.05603335930424,2.95824859929401,0.474190503206386,4.66591778862731,4.89867930048999,1.69377056203397,4.04348490737656,1.34117026969649,5.4520548968162,4.58790009243139,3.81770510621587,4.04352662980018,0.421040982161212,2.81394927701374,0.768505943425826,0.922051417062548,0.388257619985445,5.96903202632589,0.65356083312346,3.15458102839059,3.96831734425441,4.53147522215477,2.57881667484278,1.57952945618765,1.04539956099642,6.22630452579816,1.62717380730325,0.4103991235708,0.865854091989817,4.79172691333377,2.17819849427608
-1.46643243789884,4.87641903575204,5.01455358028456,2.68743533154296,5.10698399074788,2.43406852490704,1.0811766387296,6.06764842099742,0.144092294502439,3.05719374384215,4.7098663888172,5.68750921222782,1.18185174096028,4.79424069228275,3.87665476390001,5.30009961366872,3.05487540489688,3.47857487347472,6.18675570585963,4.67503277913753,2.50455436396516,5.23834314576681,2.07976156015409,2.99194256506864,5.83195865623554,5.16965276508531,3.4480166082346,1.42934485689912,1.49943012850628,2.08396923292912,3.01894450279059,4.95964605595435,5.91868799740929,6.01817342686247,0.722688709696992,4.35803712891631,3.86342837817939,0.349179391534659,4.17336388627164,0.733554681485475,5.63817798051543,2.81542288609833,1.13122866042007,1.82519257864277,3.74470330260915,6.18448863780429,5.46205369904359,0.814518015899046,4.21964753924585,2.83123792584108,0.162314622998421
7.69419317761775,6.10604554551178,2.27647251491494,2.97073005103657,1.72747654860646,4.0311133573547,0.0301332553538947,1.74008137847108,1.62054803334746,2.04137455025533,1.96569630291256,4.85942720422548,5.09120205976711,1.56350044858371,4.77617100465916,2.5837572681126,3.76605679805652,1.55621586702594,4.56660792836158,1.14431746600993,4.91498654048342,5.22979270265796,1.11093346624377,1.26028200638708,1.21652432724696,2.79682700439665,5.56307507690947,1.49121117678252,0.318521498647505,2.7295087033592,2.30507277256189,5.55293214214124,4.01953932004959,6.05452625209784,3.29737228401383,5.22193177233866,4.0836397074823,2.2312694888046,3.75917122886778,0.0483464757219149,2.68505528671311,5.90294460993115,5.35854949464945,5.34551614828397,3.2080175564079,1.1183555226022,5.45925607595136,4.11998570235317,3.00044038555126,5.31237515969163,3.26766691318018
1.62351102377149,1.95554565271438,2.05596690501119,6.11084592832413,5.73412960553718,3.62822953215196,0.457174666657065,0.933376670519099,1.9765447357762,3.90121880423375,4.70163841674056,4.69290767044136,4.02472884345978,3.63327974333638,4.63289988264756,4.05998640094715,0.889052018459426,3.97680712161343,3.15886788745834,5.18664088665162,5.31592976096647,2.09337654958162,3.94707053064506,1.00746231063195,2.71961518295722,1.72418045519666,5.41888959013663,1.123187773622,3.79053409758858,4.97238429078154,1.0764207725144,0.0708884267989442,1.47376886304014,1.82910022593767,0.386064043082733,1.32820589260386,1.53973408773939,3.08926697339804,2.33262841892517,3.97316992690967,4.35519493071021,3.69612414537798,2.266879110694,1.87384710541339,5.05311290730388,5.59840899725765,2.93206860940949,3.74157608992534,1.1997904988787,4.3807956021095,5.2989207577075
1.71722689804709,0.793346843931898,3.593572969207,1.07951319554337,1.02301675492556,6.1919791309334,3.72408644932017,5.40599490646129,4.55330625063617,3.9109950659,3.12975745322334,1.6714420741114,3.38169870617065,3.95184740436388,5.12711639578908,3.03078967440667,3.19365695420832,1.12290181848796,2.12857524217131,5.44216876122469,0.0178686621986466,5.42251454899357,3.42901354376641,6.03297960757647,3.49065083065824,1.14609651776029,5.40353497752681,0.492057332368679,3.11351651706601,6.05670704455946,1.32152682307952,3.14081365995301,3.54728773042959,4.61015487707822,3.0172345358836,1.26908170586702,5.17839381764237,4.50581539327419,2.29348825491166,0.720143595042751,3.58831019456274,5.0551307497094,5.17971231498594,2.49241143292906,4.36086184671429,3.63292057792999,3.50417637288565,3.0999138205391,2.85336343095432,5.65304027876695,1.35749534705006
1.54075678135591,6.23884360627262,4.03972704680087,3.5733994415386,5.60023231105742,6.08408362828691,3.28443397319553,4.24298558254617,4.65630375726145,1.63331693825217,0.230957545154512,4.82166673434463,5.84879492690522,4.0956191779039,1.94492541312735,3.68358314994375,4.23894867766145,6.13078992853465,0.422513502834751,0.747239437476205,1.19777631815713,4.96022028348466,2.74174373971757,0.66694882155263,1.51065971882379,0.593507086295283,3.79165968285087,0.718997530390272,4.65703681088179,0.0190328655723901,1.52105551605619,0.805791965566882,5.92623279844625,3.38822143656569,5.68742463508198,0.956391926796904,0.946175303382102,1.33094952524146,1.21677659137763,0.99129127855213,3.69570713765365,1.71752198941054,1.90054983250058,3.99287584305446,1.5178098274888,1.42873893671154,2.07971233442364,5.31860821621488,2.35267283675849,3.28090230169867,6.22489025413378
4.5239918617741,3.83220819371053,5.48648630789125,2.93199942069893,3.94057161801926,4.5865695933079,0.868510256755455,3.99264925752484,0.6982326078479,5.94557293825785,4.72076821819072,6.16709975568184,3.64151443898451,0.154139928935315,3.63997551060768,2.98922613978148,4.73763708706396,3.79514396896823,1.50591817311367,0.276474937730901,2.26298898769476,2.00851176771996,1.64499648706083,2.55595362348778,1.76321023326358,0.814385417004342,2.05985532371087,4.41848341908978,0.865068468408298,4.9551704087714,2.53144413098046,4.34396013240433,2.91476445657635,6.18409146432328,1.15435976664349,0.912353047006507,3.7139585050735,6.10086727486745,3.27591980167754,6.28225206492344,4.74414635129809,2.22116168162529,0.857344258023931,0.961144420985934,5.52039583318194,0.193817431536846,1.05285599007805,0.697089853779034,3.2479310423248,1.68758973461199,6.26814940882835
-1.48352762122022,4.19180655071121,3.96825357565534,3.59721299173141,3.93876181573087,1.75390841933712,1.09209424860045,2.39370669848639,5.5214418825141,3.18310902519903,0.0561372240092809,2.8521156832549,0.887597655525086,0.685575794652255,2.67114015769784,4.00549770567427,2.16872103362752,6.09393679848243,2.47703882496395,2.49831594438423,4.1164009327817,1.31309751836515,4.49281256337985,6.09648334387055,3.79730346719428,5.50527973327285,5.54818659242433,5.47631376804985,2.88524539421177,6.12749878563962,0.495134671249339,4.58341746127753,3.00918318483251,1.72032301378731,1.03038600140426,1.60732782260405,1.02831191565026,0.8427674175143,2.74320925886519,2.74024502256999,3.83650745686067,5.4596174620674,4.35228330387498,3.46635936999854,3.16567535583958,5.75515259853208,5.71662425904352,6.21198374715453,2.37780575180528,1.6810235321433,0.667479146911382
4.6013560652412,3.41877785706611,0.83327216193022,0.369642898824734,5.16580031222661,4.22165921545167,6.22717015783235,0.598730590366623,4.97648317072777,5.01582642873238,3.15275326000528,1.60146955252644,4.19921463035032,5.51098229473885,4.11522356168232,3.67254099454223,0.274877390226635,3.41605952267086,3.22880310170644,3.42701303986596,3.19198514020485,0.118871283991831,4.04345511066112,3.5850098747826,4.95935331434335,3.07648859171001,5.53487029722147,3.0092678307355,4.05559883898758,2.84887415522653,1.1389936262392,3.81239227197785,0.13832849382272,1.53735226107532,1.5932315784789,5.13113430321962,3.4152390201965,2.21535283184624,2.438630299929,3.70090289455778,2.09756152371973,5.08551990600831,3.06669885364241,0.0203563265969969,0.698550479465671,5.71851110444964,5.70356423782979,5.67436602119544,1.71421844682188,3.42842766994527,0.693148830008147
1.63585527111422,0.0246732676492052,1.76016767526025,4.81807560400535,3.19897444930334,5.70154587608835,2.53012488754868,1.78330656274493,5.51078242355627,3.90241742129239,5.8823870545636,0.0588808200739267,1.12816595949771,0.342394215099111,0.112011311480726,1.4376473895215,4.93574507738837,1.05722812702939,3.69201094931542,1.67297920163607,3.42856080280507,2.97906367213105,1.72082845490953,1.82815889520747,3.64559580194966,5.20214624858075,4.54286501224239,2.38811598295922,3.65783820263764,5.96482816591537,1.86534902453135,4.3392131724344,3.91837170742959,1.8451583792585,0.447015217006637,2.91198593773131,0.637962295016022,3.080239339578,1.86247920935774,4.96033384835224,3.77333934469525,3.20042134696672,2.53491958985013,1.72682704516347,2.07064915023135,2.4003583105013,1.83514182159438,3.38352111881288,4.81859801058854,1.21909271546492,3.30410113956624
-1.58249178823581,5.7116737940025,1.72973723687606,4.81113201841143,3.35742744987254,2.7864317206485,3.71907803516819,3.77462061223661,5.96611167757307,3.85600659392371,0.206790271610564,3.01719877631407,3.9344588601755,1.0273202415202,0.0960747793173365,4.24742919913778,3.28135337054464,4.62341878372174,2.09221324736541,0.648034210963178,0.4726915432144,0.130146798233686,4.26962526517874,3.98841618264028,6.1315595814395,3.36631094676299,0.433043411619147,1.51250931248393,2.64384656092427,4.48084904754282,2.9523824396992,5.56312150407763,0.838649181698962,2.92473370054395,0.693881754891696,3.81713199489205,1.59404376718982,2.16481065213872,0.596557511872038,2.96712565203031,1.26694833682078,6.25450243708577,5.57820571822427,0.443689833051047,5.79139473645974,1.05346898347454,2.52229430839077,3.13032754362132,4.396202097109,1.08406536797106,5.1282754028778
-1.51295836142317,5.28817043544485,3.94487492906372,3.35956850070162,3.40003839288078,5.78693734356858,0.33754924985829,1.13788015979028,0.520533487749137,3.65500478779168,5.51270688643788,4.89867490880991,1.4873387272966,3.16646809944339,3.77596463311191,6.20856498074919,3.98012557133732,0.288488482440402,5.36519278119757,1.33195706764393,2.75406639023972,2.38561440182118,6.04108648075742,0.0516341822223729,2.19496293566807,2.02132151583453,2.56597127980337,1.21380955213139,1.53131635616994,1.17680140981657,4.84981406670257,1.73382516395463,0.688201103549766,5.48966622073595,5.14738036983065,2.16442899144102,1.72824586211432,1.97894113895601,2.83911959594999,6.07689343127778,4.66158007999005,5.31971003491005,4.73606566873951,4.30979400104211,1.85974098805412,3.04833530234964,5.52939334990749,6.24770534518247,3.37612678767788,0.308850286202688,1.74629122872484
4.52172089028689,5.03082354658825,5.97764447960628,0.0447608913050746,1.57098896531049,3.99488338212795,5.46709893338071,4.11930440531155,5.23957169412935,0.559347175260731,1.66038932133131,0.740676391984731,4.03212442100099,1.92282783365732,1.28269472766974,0.329229947805967,6.2192936152513,4.1046387247128,2.02232180362624,2.81644349821092,5.00674758253914,0.481991465587781,0.0839953169821016,6.22136480735334,1.0226948705235,1.19221531157031,1.65914543427271,6.08298908614627,1.65334719796432,4.93242139480651,1.79551771257691,5.10044335277263,2.58810006477894,4.41369187083971,4.52223996368633,4.64494248529887,1.10433186554631,1.13746705366847,2.18169542146857,5.09281906700766,5.19625330734466,3.90554906661799,1.29347621886498,3.26525281308037,1.1067383087329,4.64788793333718,2.11634144490455,0.965019473003119,5.04432222378805,0.0825219697598473,3.13610424138682
-1.50827861492326,4.77105624221449,1.7738067794294,0.521662089548504,6.1982823065831,1.63624462939083,2.54325630501635,5.98913476777719,1.00819526623678,3.94726636417374,0.448506193854664,1.90790927889106,5.04610840726405,3.44943878989704,0.770450047445561,5.1782495856231,1.41888260807589,1.80347387154858,5.53291950474028,1.23760486558742,1.23384442588716,2.86206963680274,2.210288831196,5.53906163359031,3.69772970528456,3.86827458251182,4.16619481233665,3.83352724550005,0.861664508196835,5.73626033986796,2.8624441335906,0.678145671763527,3.42585660605014,3.12559912906387,0.232058837199175,3.28580674479984,1.13907488841267,1.90523385480891,4.14621099295893,2.24343460645629,5.48993971912255,2.4551071477187,0.873060369394482,4.27569092291202,3.85209770168552,5.64625546806093,2.49135243530898,2.35314048778089,5.57719453754454,2.54194410699804,5.09148225539267
-1.38681281733958,4.73169509418468,3.7846038051281,1.58799502956704,4.93298073421953,4.64719892086562,6.28011575102311,3.9660585563154,6.2031968906324,5.08118831675738,4.43175703950935,3.4753358733688,3.15646267458585,5.37217692765816,1.322553705259,4.59254427362875,0.746635758479123,2.65293637900311,2.86637434200813,1.99336905879392,0.639947896169995,6.15278960952681,1.1668318279149,2.82509338902788,5.95782947658615,0.758201031442021,2.88780743482819,0.775149662997699,3.68750304771466,5.22447217054501,2.50907049155429,2.66673359389535,3.4619607483783,3.59612450460869,0.863973579556068,0.205190763796071,4.29324175006584,3.39544471161552,3.57953436990585,6.03386367676721,0.415326601780046,0.902456533474138,3.17322491574905,0.37419430614626,0.658310193741964,4.81364291833763,1.29136476433157,2.32111641373537,3.1755167290637,0.0339045425917172,4.54693980670537
1.77561687777544,1.84049824493949,0.616657112438222,3.94556179689738,5.18920987027724,5.67110537867945,0.396857319546021,4.04057458400134,1.30189192429289,2.58725212820184,1.36311049184624,1.08836491053855,5.6247676621047,3.3374151782011,1.14682299117511,5.06588968855953,5.64788280496604,1.70990434236783,3.60466031414799,4.82907847420477,2.00117236184425,5.19731718818529,1.97114186917083,2.46070956073883,3.23355415345824,1.35856091609815,2.22735161571232,2.33342390550038,0.663994290255971,2.87762642469111,4.47749040268178,3.38466942319293,4.50915921731217,1.06875790813677,6.21005017321913,5.31961172388929,3.82892870149509,1.00852900173821,0.0488157374171195,4.77490331446049,1.16503000877047,3.88823560377419,5.74692337712341,5.34952019895447,2.48663495167543,4.66596934917501,1.57043486460712,5.09561134020848,5.99313075776907,1.78505320500817,5.91607918291312
-1.55693568044909,4.67756249219024,2.82872752330702,3.66466538530292,3.41054805195313,4.82990863779013,3.75097673567139,0.323610282592925,0.016617236723181,5.14111064380282,6.02720480721571,1.40686321169407,2.98229878087489,1.27996166315234,2.44776562207469,5.02421750154567,2.24027211257716,0.862658599067567,0.810202011114409,5.56628381070325,5.39999486206679,1.23949570037114,4.60133833209658,2.61502575667352,3.22932762659501,5.88820248601109,4.62163151622344,1.5997449593645,3.203377813704,4.8764218240739,2.43535274754293,3.68515288006074,0.308533955037654,4.40999116647337,0.933854608781432,2.60560356506999,3.94080773884893,4.70495821673784,1.9172093680371,1.31660042889257,2.66834882515335,3.26971685639712,0.196304120168837,4.27887325103447,2.46737003950022,4.49138169637278,5.82593514078337,2.57761008049185,0.937864102970101,5.41006164317149,1.46670723751224
1.5826488886561,6.21712090541208,1.83484220134257,5.47903205124297,3.58546293319716,0.810728629438747,4.7571822577702,3.97604690306728,1.14601460166244,0.363364276792067,0.765682017066529,2.7506571503569,5.67030528391229,4.71921070636553,1.06676104836526,4.05659705821313,5.85039933256944,2.71570352580386,3.09003973207797,2.42181542882498,3.79985477876951,3.01561315451799,6.18906072054703,5.81383571254219,3.22913038427622,3.55605643067544,5.22696181427153,5.64679789028927,3.75057193746135,3.12935771085818,5.14395157073312,3.88639578972141,6.1773612365537,1.10248084700396,0.203123392836058,5.90974537814759,1.05036016844849,6.0528021446247,0.482573491934372,4.27550799378371,2.74474252428613,1.57164008235213,2.3338631729862,0.683424992011264,5.70683818997447,4.43980159384304,4.6300487547895,5.412648986419,3.06284512804498,1.19089629342791,0.340494291205369
1.72290797999266,0.901860708884223,5.88385613445382,3.18399575251192,2.26412363573455,1.01513443089227,1.61584376425291,2.76220417487968,4.57968330875223,0.0754505368291389,1.84050853949401,4.68866867659025,1.75760986540292,5.9516198618622,2.39651939402359,2.37389401858018,1.58758130316796,5.03662197892766,1.03782934760951,0.271205500957708,6.02783576232038,4.20832820621876,2.90906568114233,0.611837811169266,2.62220465849217,1.06851980651602,1.62538619163046,4.14020499009909,4.03388349221622,4.44600714311765,5.48667669058717,2.09602733227165,0.616208590532627,3.85329712773786,1.32564830949883,1.23700402026266,4.60605917605297,0.780277821383222,4.89216725524859,4.64321233451115,3.21523133858232,4.32076058063274,5.54880953951543,0.190809190665824,0.613741506465816,4.4998559624114,1.61970544227302,1.70788148361621,2.42650673353951,3.7983534942007,2.18352082285243
1.638287073632,0.723701230409686,1.73755455907034,3.13257725122781,3.85365004502113,0.656931396378091,1.43159313816048,0.758014079289,0.636565113160647,3.71959526009555,1.70482150664732,0.757879016840249,5.31363861913122,3.65648544375266,0.339122531940376,5.24100494422997,1.57749377495907,5.43918466289073,0.461161707979054,2.97158472581435,1.03201930701514,3.16291720374004,5.36207657112063,4.10594538266035,1.62876439131746,3.18666996090915,2.80443663757413,4.7559653966602,1.5929584838577,6.27457146558994,4.12758405789517,2.96841495391777,2.34584687562981,0.959364686052831,0.266820463994746,4.84595416759085,0.990125562521093,3.43900188612953,0.202884622661751,3.9560761548626,3.5951369383526,4.61872386413664,2.59854887231086,5.95517004073569,5.55385802299361,5.41088997957217,2.41023745041856,1.26189184240321,1.57585711487703,4.61935929430771,2.02141487048884
4.61728056990042,3.32291447233707,1.29138464099951,0.668784409235082,4.54554796450098,4.28508055873661,6.2549748806278,5.38515657761554,4.94918223595711,3.94618485370734,3.52801085597325,6.03362617201704,3.16042320929516,1.14178394351855,1.82916332452027,4.23146069489977,4.8812133986565,0.156350478613582,2.12750453096617,5.1703312284546,0.958899277683847,4.42637626735574,6.07039665743821,0.878527345458836,0.758737686847302,0.936144647576454,4.53248341409287,1.58266585892284,4.36093779264346,0.804916865526881,0.833776012860491,5.04058246536068,3.37448334404471,4.54450632879267,3.5400166603832,5.785838032315,4.91002818885103,2.94731109812604,5.4464694872929,2.34790878990538,5.47012976609563,3.21734523033725,1.88147044905911,1.52492708925418,5.45495073730244,1.58915785779779,5.8064260646549,2.84732773232038,2.14414049011493,1.70367241960609,1.17702310042231
4.46871652929996,3.35619883421577,0.335095734356664,3.92782438332005,4.04028749217995,5.42377945672205,0.465851978410501,2.80981684211553,5.31223693148816,4.90056118952965,3.7506948781709,3.49443462730856,6.06014853008257,3.55219133088995,2.90898933729945,5.71562650063717,5.16971210396844,5.2074225917902,5.97290432220541,2.54865020393389,0.439703496855572,4.32869852334849,1.903931310587,0.28307841535225,1.36966364508566,4.91199943731572,3.62857601259569,6.19962602609727,1.98566054698346,0.170937439590486,4.10291591777384,1.39603682208006,1.5358337491832,1.29980685494995,2.09816708110363,4.6831801605201,0.518036147610611,3.09089702694203,4.22575297957337,3.93564048982941,5.29754980597328,2.57151110918807,1.25901227541768,3.42520270214956,4.57540402028554,2.59990563227679,4.04674282301325,3.24871638502605,4.52226963020206,6.00369248355877,1.45228433548333
1.57484368073166,0.443128095915298,5.051928027046,0.413625422621963,0.749815004233184,2.0842607178935,4.09927973833522,3.21003021862051,5.0564899191014,3.57104563560742,1.70237560124554,3.80707189786006,6.13657768157208,3.72591400704529,1.65045455249117,4.72261145693473,6.13999385568659,1.72282782651139,5.25972557773378,3.88714649930005,1.96592378813681,3.60814133210636,2.68656559309772,0.98731633263682,4.16110326932773,5.74683920520588,0.308872347007323,0.409575788887034,5.44464869995266,4.54657677480649,0.574487205583764,1.83720027021703,5.41888071314972,2.64412127206995,4.10555862515606,4.68185732855027,4.6047194941927,2.19393351825156,2.24817232517272,1.04661940938515,2.28724246514945,2.85084333073631,2.39745674854246,1.18450890928772,4.69046327330812,4.35281928780086,2.26718157046981,5.56747883337217,5.67778220555037,1.79919442654966,0.578541150538272
7.77401777447439,0.996121847216133,4.00907554686572,4.17006182415607,6.2515797696078,1.65232449387887,3.52934326566775,2.14591311234034,1.47932649613787,3.22107057463279,4.4397551842299,2.42757816011158,1.77230872205787,4.51511335241151,4.0124204066497,2.36756194005797,1.62285397845076,0.748883638900937,3.47341929707856,5.91084606600709,2.07790569788998,2.23460235997492,0.393395189322972,2.05358552600006,2.28552463505779,6.05796915811441,3.98979195030081,0.258827612111811,3.25567891102035,6.09687338123717,2.52058744579595,4.28770513032341,1.33933520281288,1.89848862335152,3.60149895549329,0.0653007965660025,2.38719435480971,5.06413530892258,2.08927483157432,0.802934605677802,2.91629432802735,2.93497663454041,3.58432505357134,1.25639838459578,4.13889849014669,3.53427570609512,3.67747637689786,4.28614562746671,3.95405168982693,2.64098124568668,5.8685301101891
4.71887164861704,5.57534510773122,5.26366466606405,1.19734539515603,4.45196189117967,2.33172463691331,3.81352402929152,1.24027595358039,2.52112615806405,1.61910235575776,4.94301042449924,4.67897712958413,1.21015824904568,2.53430482339693,5.10705851764651,0.703922689159769,2.32918210284656,5.27580496092178,4.41137782848484,2.62714650840862,4.68670847169414,2.85706856357368,3.99281598044666,2.94732278098982,3.36033126033647,4.49767378895512,4.52655779711857,6.09219822860116,5.72462585186198,2.46293858122077,2.2159107185816,2.92292001420806,0.570585203689723,2.33227322387844,4.97189416494868,3.01530703598406,5.59749552048768,1.67629180700224,5.48632142970912,3.47069940760139,4.25183306093059,0.923474505734189,6.06051317558009,2.26070251841985,4.80650955862171,1.90382476772621,5.27952699609663,5.06717261066124,0.85212345888812,2.82126890423703,2.00370084019409
1.57674834822645,2.95469093320579,3.05301938756345,5.94543392154153,2.10242027842637,3.04738673163787,4.81486456904143,0.0481621202484837,5.77267384694527,1.5799476225431,2.22067282853117,3.53191190258179,4.60245531101181,1.30591963181165,4.60274870362136,2.98402468334851,3.14644029450778,4.235876478012,1.16378751879863,1.0022909727564,2.8587461502519,0.247206767279836,0.96784550596445,3.93738933085851,5.31666178176665,1.54701624524191,5.1570141286468,4.15372959605893,5.2793771845078,0.84033063048091,0.00714737008236709,5.21680893166035,3.20729979759608,0.0210495405692842,5.58794324620854,4.48801996768043,5.53525567958276,5.32519661115083,0.226307566412804,3.19521374042615,6.22345882682909,2.85541222724348,1.30283109136725,4.85449302585143,2.92898759860445,1.23830746710503,0.893600748640867,4.47201630659514,5.8066216568021,4.22193673978881,2.23218892403991
7.79041732378523,1.80063781174674,4.8224445781278,5.14456789811991,1.12309902130797,3.03599106793416,6.2528892070997,4.0768387476236,2.40905921327168,3.4846815397276,2.23923303404965,2.3994065008889,3.42888697355711,4.99165387844292,3.75968310975539,2.79821894169071,0.739390390440462,4.75492531749672,1.64475525186956,4.18404161853919,4.86599660609601,3.95174008176775,4.8174758602579,5.86426082515624,1.34880718775907,5.06097671664596,1.51192812731524,1.66417539720799,1.75888279577415,5.77201361738691,1.36206751610497,4.856982722243,1.38600229831901,2.03319598969974,1.34890932723645,3.01195151445312,0.786518277346119,6.13106646101334,4.78458149185828,6.17646486568483,0.645778657536038,3.97337723995652,1.42470923523544,3.02240746248819,2.84356911249021,0.355388050973103,3.14787739062003,1.75949472416628,5.2325600550493,3.12711176002531,6.11134815980409
1.84894582441871,0.748366713871792,3.50831614431803,0.561825904155453,1.32687163524383,3.68508002674039,0.0821909040839188,6.00719319678324,1.09313606132184,4.96989447443069,5.64824033775586,4.73397513539755,5.23716588438629,0.0972441628839987,2.2135430661308,3.815921474069,2.49693353800146,3.18881038999804,3.66342957355211,6.02187326079254,5.81785878114771,5.82598528083762,3.92633336112157,4.83719226113657,5.71837718746574,1.33340153832622,3.36943395063149,0.18255638848063,3.02335201310108,6.2254312661091,5.00502096177274,2.40390953682413,1.18724306367908,2.31256819865076,6.12302118692395,2.25067986623902,4.1647887725123,5.02152542506703,1.29834296988184,4.99383654197676,0.090396332592952,0.244282729047621,0.319944917938632,1.76076135374934,3.96954235528104,2.41834547637896,3.88989441243595,5.66049000183211,2.50693411474848,1.96959556622396,0.490590632646177
1.74003683763281,2.42528462201651,6.08410224391947,3.55456710838776,3.19005918953556,4.08903853643377,4.7649202912675,3.98012641251522,2.14233406570439,2.88600248503907,1.52054740949723,0.63062722084074,6.25207199619101,5.99560898341997,1.62608596093866,2.9472004327621,4.69153884725295,3.5580437785536,2.02475091180264,0.762648106371971,5.44397305270067,1.39249542217796,3.48451030077767,4.98781832375096,5.77781061167785,2.67113307132267,3.60171579067391,2.85276321614725,5.60129526733381,2.7739470212278,5.19103819018267,3.66676403345147,1.11966189381781,0.746062035655551,6.05585589834009,4.18776770160836,4.41983783546095,2.4518971338716,1.58326811450063,3.30649361042226,3.22153506575214,1.46361881702713,3.60381193430671,6.20871354885764,6.07492621900406,1.46668160279874,2.77510212086233,2.87377161068263,4.29155346799355,5.4268933846468,4.04157771716872
-1.50723445374673,3.71190056554635,0.54902774381499,1.2795570990092,4.48624703824223,4.84741116377774,4.46667271450451,5.42281772413632,0.35532059435755,4.62634325644062,3.52189920555848,4.01522361516316,5.27830071672002,1.80622683614061,3.55503882193367,6.10070405856026,1.90304258053926,0.928070268731879,4.94837607300576,3.68512745015577,1.61203251594484,3.08088943111406,4.07405527826378,0.517828053365507,5.12405028480467,1.24271112555222,3.29838873997616,4.07253139746232,0.806300448095791,3.65661159556739,6.23097256865231,2.20244097497557,1.076931349942,1.98579636429794,4.22738359780374,1.86227633334143,5.53648901461326,4.34424769967409,4.80948973194646,3.12967220606102,0.595010236084648,4.98042151443273,1.85945745258659,4.03718278356495,1.35382009892123,0.725753302172427,3.71051608767157,3.59055575040773,3.04456013837891,6.19721991353017,2.73728764443475
4.59752103795723,4.56093886918251,1.0635735254207,1.64057149926804,1.97443905099169,3.10055848172326,2.60494391190136,0.928045308423611,5.25364766513576,5.3875043373063,3.24637995563582,3.07503680497441,3.78643490311496,5.36841113806648,0.40380956268914,5.22450007278154,2.49859809593126,3.5974910295528,2.02900177723396,2.04803221875109,3.48666218158928,4.6539629244878,1.85751572727165,1.48856660271683,1.6042176163429,5.75716706305976,3.39869478308547,1.4709535664346,1.54986718438354,4.52169615168581,5.07063017365405,1.79810243427523,0.39249551957383,1.38169346475879,6.15921778713764,1.17341162820714,3.25365999922171,2.0400389089748,0.976820571286231,5.76278548918119,5.6487555716517,3.09418015597182,6.08890969116323,1.49533225065893,0.0430462167277102,0.462600155827609,0.142028934863799,5.6074479277311,4.77584626902976,6.00239902844688,0.201952120642156
-1.56095051017528,4.48697273631047,0.672805219095095,4.97782618657834,1.59226565024411,4.20922403288211,2.68997462232032,0.705185183073422,4.17635986935207,5.0932298119797,0.815788797243619,0.384138165559347,3.2944575499406,5.08343815310066,3.80095674083065,0.9460892077273,5.1158796225438,0.619428599036049,5.03982379604477,1.35621529665654,5.55809327616319,5.15377172579342,0.425419354069404,1.86271304510937,5.40048249508723,0.84152105227247,1.29224392250632,3.96306025158397,3.65205537378247,1.54462779741061,3.06436414025508,5.56425920522745,3.25044342857577,2.47381609250706,3.59136007300814,2.00762589475122,0.238098823645997,5.60893053668771,0.894819564209428,0.514014168879052,2.1826031738401,3.75925804135244,4.73433190746997,4.72286332754044,0.372753306968575,1.42102913899609,4.52447079379793,3.84968669126869,3.40987200825033,2.31979431322458,1.68556809885989
7.69931922195223,1.76700102705107,3.31951623506113,0.432909136220323,4.22326351578579,5.05251004168925,2.84139630170963,4.93716211104209,1.52376584097496,3.03950563060409,0.559228250261313,0.272766336532775,5.01110308318608,4.49647323791878,5.0286712093462,3.1423451727981,2.66277356974445,3.79200896039397,4.43925506812948,2.67963042074566,0.630282574896282,2.07672288180951,0.684428991226147,4.34610940483301,4.22428445266619,2.14119776603009,1.38669245479251,3.29271961789161,3.84653257552139,1.84580837570489,2.2925470163453,3.93413535778604,5.47966571567192,4.93615046808024,4.07968412621361,0.298483027576181,1.12225187031787,2.19485098001039,4.17992350707189,2.02779807799791,2.24242427280613,1.81784607322561,3.56683571286438,4.85165565234915,4.44406260314833,2.12238002841293,2.74103041354753,4.10865370191843,6.24247482203019,4.91317930269042,2.22675902124552
1.60765369367757,1.42393491269608,4.47358182935973,3.65586878135763,5.9554728004097,0.262348159579602,2.46760405811661,3.07159452654969,2.93616271292819,5.17601076359004,5.71050337322692,1.25869756955464,2.6624928650234,1.58904675063259,5.97840505071569,3.99000356286389,2.99999477924139,0.424138304502834,1.88915729358989,5.29198661817561,0.867038340267082,1.30638642263821,3.59832482702667,2.91631610356296,5.97453795404702,1.73958407848797,0.665722719189117,3.38950558605567,2.61574031315766,2.11688257537623,3.63734046891619,0.0905771697484025,5.30935930433201,0.963410491331146,2.57406830315689,4.78933171998721,0.857207662437034,5.11819340596216,3.54764809250298,2.46004211314268,4.22563247608535,3.62458982708077,1.50829400473945,3.94022263159686,3.96312461851654,3.99084248932855,3.21170449471511,6.10347613178824,6.22471432214265,5.65719609255899,2.97713524327854
-1.30189166163444,5.01351713062085,3.72134508713144,6.13560644440758,1.05481506267557,2.96189504110294,4.72162562423655,2.67569987878282,1.77441925787873,6.19372345447147,1.46050423371509,2.69817955490013,5.76542726907335,1.72701562554431,6.28193227542007,5.52698835793563,0.0787361528196616,3.92607956970442,6.17820798524133,5.28602478959009,5.91474406682018,3.61343669763959,1.82012269706185,3.24564388694131,6.24541678100887,3.59794296444627,0.423277431341154,5.55303388516781,4.39998430210445,6.1918181631313,5.50567176020806,2.34507135496054,1.19493205723653,5.74421585076693,4.49345307572833,3.70329490752043,4.12810814390832,2.02787892323972,0.321841389345707,0.487305892943584,1.47688541543992,5.03701736472278,1.86744927750103,2.58987086128258,2.37965715363217,3.29255712280304,2.39172326830285,4.17995088412082,0.697287280425504,2.55875656136139,0.0921498359419763
-1.56481633926015,4.45452321204039,0.540918107181787,0.539719778318008,4.00835007993854,4.05732375691733,1.09642067813932,3.9933933254554,5.8887841583315,3.65879539286274,2.31055523946579,3.92831918171325,2.89960838828241,4.44038113615473,0.587506661542078,2.78459778167472,5.59533346069207,5.11090507494535,4.96817144951693,3.56986355391183,3.02240417238543,4.0633144605799,5.36747909247733,4.53341754287737,5.89097618746689,5.82350405474173,2.87929288734025,5.79788396749369,3.10654549444351,0.664471245437355,1.29037850299839,0.793248933750689,5.4186831855619,1.83783015885442,1.8248712282058,6.123720976713,0.692111158807833,5.42743778181455,2.15753946213304,4.80209376673196,5.8444327772956,0.491963641243211,2.72047199066956,0.627316719150771,5.68646665049236,2.63809253546316,1.12403128926067,3.82735278177171,2.09851408673495,6.18740255703215,3.97088433977436
-1.50354856418468,3.94868343293748,4.66444945482531,4.67783560875521,1.27415150698745,0.475594933820844,2.10417179513264,5.60826790794371,0.702507977157049,2.02535989680359,6.09357776620158,3.2494285145291,3.44516785030383,1.60710073675644,3.9452896751167,0.705850796170308,2.83932187655864,1.39846283033304,5.17270628034505,1.19411685345145,0.0357583362896656,5.69501209919889,2.91558861342008,0.200142283243735,2.45208661979873,5.30846094389455,5.9979093153066,4.95512380605306,0.751097889761945,4.36448297711462,0.561279249705101,3.61120883286294,4.77229452775976,5.60641893894959,3.18729531011174,6.01537875886476,5.3824931304437,2.51274061069234,6.26295936754516,0.48328487096045,0.415552726490476,0.487061088232199,1.15809288781154,2.82544804279492,3.73991916842791,4.31891455210395,0.163632463491767,1.86154265505507,2.72019363685786,5.71956820905371,1.43222725609404
1.5727223673955,1.57518770989649,5.66503759971495,1.15903951723103,0.508093348813131,1.0517603141759,6.19431101942591,5.87129410810928,0.825373581951231,5.66002055434631,3.44024279468692,1.1425268455034,0.288574818013768,2.73929595007731,4.66917104194408,4.01496812822396,1.82458277294477,2.41872910323856,1.50975275789094,1.8703403386339,0.121104495734064,5.58691753290061,1.37607277989185,1.85379901858153,2.91378302287284,3.16662220177094,4.70581164218358,0.154072208994507,1.48822245562743,0.196898990936164,6.26666334445924,4.27609799595967,5.58564272267964,1.66899702744253,2.57421605495706,2.48210066049543,0.00364052430530718,4.82010831112148,2.6455801349403,1.3460989343323,0.261879074897485,3.2328169407618,3.17918085901514,3.96119888289621,1.04796367310484,0.440192578164915,3.36779867154412,6.03764517371031,3.2809184552401,2.79182056225824,1.46708520434179
-1.48880449036155,4.9625980212927,3.73342109112833,0.647023439900506,3.81731955415608,2.57669517737675,1.70543909945825,0.697530942597868,2.32453929825511,0.040633649766041,0.532708120220019,2.97306651992559,5.42060833894084,0.122803616566409,3.7357755436693,2.55162058155919,3.38847691911614,0.260970539864782,3.45735566512952,3.56288485096941,1.4141759807574,4.20841562727735,1.69047390686362,1.47679907255196,6.28209129022653,2.49684532111544,5.06993923305646,3.90553096885843,1.68665821274751,3.45620772647899,0.776938959563368,0.00239364704215004,2.53554629956654,0.962006296246498,4.56720491743428,1.67768897569135,3.59902831653554,2.70294710690495,1.49359504275439,1.33446948754202,1.04370813365026,5.34896387900437,3.78093949962649,3.84556104138452,0.379864194799881,2.99608648533669,5.11392655229915,4.7037150465091,3.64010091926002,4.15995130033788,5.20442963987602
1.69364310895808,1.55042235009127,0.891251313908909,2.42563312421303,1.76092619682143,0.529136013667443,1.41375270296618,4.87005289318236,2.36335130779967,0.497266034634893,5.47897573035983,6.13963387543482,1.10230810710008,5.70357853346526,3.59379021400469,3.9788937226316,4.7734300535504,2.23449135960274,1.50678361057975,6.25467379599499,0.874742669594752,1.88575030952676,0.550314402209476,5.34316383306632,6.26558702735202,5.85580873988154,3.32170433772439,5.61481974309394,4.73070382967168,2.89390258791578,2.1947574571205,1.52521052085453,5.29416503485827,1.79083834966266,3.55121562743656,1.46045956497446,2.76871990521172,2.48323970314113,5.81317256446227,1.64900254778077,0.157626857082725,4.19817976356396,0.84525697053989,3.07280409355016,6.07140860614994,2.20057285492087,3.26095841266992,0.499139143240242,5.14506580521403,0.577698117662569,2.12101684184788
-1.52822214381978,4.40436822286092,1.16225786971118,1.73241642650935,0.702764480824314,3.84228881109442,3.10615393125333,1.46655916387009,2.3667196298638,0.966578855900533,1.20045466807544,3.54134344223184,5.54293175703649,0.902557174923401,2.39236984005801,5.20673627840249,1.42382989565884,1.20503910369844,3.21220054975494,4.83797716057364,0.977362715560145,0.0397951065859231,1.04847476401669,3.77933384609315,5.17274958125727,4.60433851667774,2.16230110687466,1.35639825358029,5.34388396473126,2.57136226019934,4.43133624575303,0.959499510045934,2.70886440280122,3.27711458735374,2.00631478660688,3.07169570781573,2.64363210883719,4.13800388355702,4.07259219487478,3.87282571480475,5.97265105597585,3.43563380544688,1.13240228352332,0.959842303936104,1.49010793174222,6.25219894822193,2.36704248271763,4.19471318460704,3.79765816046011,5.09739387516679,6.09704069225206
7.66264024150967,2.84932996100125,2.96396741085403,5.64036168272111,1.18782482377458,3.8114544566398,2.86262196298648,5.98210050613195,2.64600293289439,3.55125366769537,0.136567042439771,4.42903836718002,6.24815538852287,4.47155177890284,3.55293804523931,5.55153982741431,2.0659197394267,5.59590273770759,0.68485461114921,4.70325622566023,3.15375066731129,1.23892626974921,3.91939661613258,1.38745908238277,0.513263854288295,4.48308939686236,4.5956168945986,1.06122090884192,2.66940049355385,5.34331286784564,4.38208657172357,6.13416109597445,6.24140576245956,2.06647679668751,5.44187805160689,5.78311820135455,2.74546765913091,0.608018800617862,5.62577861164338,0.890148463856492,1.08341334977188,3.473466362079,5.23426498951809,5.84738343039644,4.91997796723066,3.77434752785584,5.03121513611096,6.20151694865607,2.3505009154321,5.75153101609007,1.99131887273259
4.5885276199787,4.85769705051192,4.69329258759471,4.64526654798596,0.998065946847115,1.22219300460441,4.88681260203437,4.16217618222457,5.05765203196521,3.88574140744662,3.27327020541408,4.43203091825464,4.05477122673135,2.39292483021558,6.10843320483023,2.27134389863605,1.69932658007014,2.36670449597627,4.32470300587914,1.96725994875326,0.767844938520889,3.22445792926114,4.62165929703777,4.94856214155626,3.87732855909772,3.25280172420254,3.72092252470716,2.73418466645183,3.41510417425962,5.50412699771393,4.38396279195567,1.41031985012265,4.76754590591489,0.68483314867807,6.08608759930321,4.04301523021262,0.582884962469761,5.9637750024126,3.31873688300942,2.92445601528581,1.9649589746456,3.32131146375961,0.400404626711318,6.23180716780528,4.43599346593923,1.63022451229736,1.67122961159291,4.03458486634556,4.42298232228144,0.785094468918783,5.0505778151014
7.82997888607186,1.81510709851918,4.97596277711986,4.50264711209113,1.11942853497748,4.03792205458713,2.02185595930767,0.321910624869645,4.17874119716108,2.17642951764254,2.92335675962312,2.25989657490621,1.51157180582159,2.57352848199689,3.07867876586527,0.577960035589645,3.76543279912732,3.62655624498997,2.73832561992202,5.09946856949471,4.87044840625136,3.71935387714955,6.18732623513304,2.48068936586934,0.960853796217389,5.30852887449556,0.69548961596842,5.58606702451352,2.05530396027688,6.04190894939368,4.48928904765128,6.16179422579379,0.30245430303003,4.79518974722041,3.83345358903768,0.589738572750139,5.28596274869727,0.256280088031493,5.38433003621534,4.5826401880324,1.50518392428926,5.26403214523389,5.47806468349679,6.01444532642926,5.13306940444149,3.96859115277964,2.36266570100139,5.87711864183306,3.83637882978855,3.14986047262907,4.0343191550719
-1.57401710547247,3.14032899373043,0.759639900610983,2.90589081682792,4.00915153375659,4.24451282074463,1.49585856323339,0.311358822053275,3.12240017195161,2.43817279424348,4.54780023806579,1.18001837545039,5.5388766081004,6.2367004078798,0.344215769008429,3.52749513931444,4.13079814743205,0.0419301916350712,3.29979963668852,3.54445623932091,5.52417240009111,3.84707213628198,2.7015952243079,5.08760221336191,3.95073584994889,4.67441312946378,3.39671619808661,1.28114544622166,6.06649270108562,1.26789369496446,2.34799594178704,4.40975535578234,1.47230333657794,2.81786900216031,4.39161847194261,5.47897356962983,4.32111666513366,5.11676041479804,5.9806118172878,3.42589010102248,4.0943280107959,1.95598341924626,3.38482652450255,0.267545979198224,3.38643897182745,4.9307530903435,1.73402666921671,4.36121382773,3.02703212835837,6.04490410446248,3.87226840592203
1.51744834855502,6.23848149747505,4.51559656888227,0.251586934188512,1.884463191776,2.63216189775401,0.469728693765542,2.53384168986556,6.05368602071026,3.27721700624846,3.45401444069697,0.515618473601927,4.5426397243211,0.000104840024150681,2.32271087301958,2.40915236750622,3.81609490593313,2.98883935594467,5.83188032867574,1.07683408929642,1.43253230084609,5.88847070765217,4.22135551951008,2.57634187242018,2.16571943440458,2.7312317560684,1.21748405417201,4.04128503407444,4.67304674349689,2.97968441167878,3.79336464218927,0.283431379448907,0.322111966284894,2.59429163440839,3.84915328207862,5.04586226837138,0.484752809774565,5.57816370321703,5.21319264351887,3.20039942952806,2.64564895206967,1.1816991088654,0.540928113541449,0.401311015643198,1.51377777217752,1.2066023984388,0.397436674604199,3.99060786067532,4.59969231665343,5.87829465973321,2.82494332289131
-1.53092830146708,3.70117613985954,2.26395518803231,1.17099070213156,3.95046600593166,3.54691324973383,0.81915503464949,1.07481721095391,0.0270250415871724,1.31444671065585,0.734877980126175,2.6036199856688,3.7635457181914,3.87313128913315,4.6722294594423,0.662042571747633,5.00434603135061,0.595613994079306,2.64888557639663,4.10385046202707,0.336653658724753,5.42572608427548,3.30232202344749,0.562783951650548,1.72885381136927,0.983792268313968,0.154577255128849,0.207904795749253,0.237671734953181,1.65551171399938,4.24527579103969,4.40829222850579,1.38314927159328,5.09192758959977,4.31880895428824,3.57372499493921,0.206957134972521,4.95311780158064,0.817600625673545,2.46045833674292,2.18569039765822,2.2350351101607,0.472940474817686,0.562578775927013,5.81985161935742,1.23511740014593,3.86647119804505,0.641421791986529,5.15791322639497,1.3567813230681,4.31352478154123
-1.56712767440211,3.45138061030165,6.19289640104995,5.27377551611297,5.39464320929754,1.11185996152173,4.034789347183,3.6606699014807,2.74711398324977,2.42044927253623,2.22523025137183,1.34154027386294,1.36940610420948,5.4607520867005,6.18291722679443,3.66816569768784,5.91431017702121,4.8863453182044,0.908716640815593,0.489067860736615,1.16255533069591,0.662376749050316,5.77169848874054,3.95843713494404,6.05650914392753,0.929838430520058,5.81640838125845,4.92292418915263,4.45873659312177,6.04688389490584,5.20620758127156,0.0451393994143138,0.538827778648356,4.15575900722062,2.40286873497913,4.0349470541407,0.0270417495745557,5.97065410842926,6.26556128438258,0.314009708610483,5.86069228812378,4.07787864831107,2.12877831421865,4.99430889920662,2.16179717987265,4.75545984728204,4.42886292672936,2.59906916497743,6.07721305547141,0.663850957931319,5.22624268616838
4.67982131270676,4.22478848207247,1.30939045469392,5.54859420821459,4.52758786992238,4.19487913949687,2.5005883389243,2.05973861356942,3.34229751661009,2.04070660234119,3.96693211151391,2.37684902239937,6.18036365501077,1.58044511855723,1.41757629098825,2.6371806620514,3.17998907882931,0.0262941867327055,4.0717911682288,6.02762533764678,5.57495580182364,0.734139082148108,0.781453349205817,2.81731235305365,2.98790063944907,1.08371983696116,5.73330779375114,3.1476976067656,2.28610640246788,3.05932016987918,5.52912220828192,0.26364939448983,1.83055952622053,5.95846533539222,1.18376626770229,2.11851418253922,4.92515835325453,2.71246669520544,5.21982115752022,5.23901123704692,5.85953669841169,3.63354125164639,1.00673438746532,2.15917514937455,5.08038991751227,1.20837515671558,1.97441369423262,3.90592130904909,3.65014447361438,4.05183878988644,6.2181990921286
-1.36910863322463,3.87327425865412,3.41123837666221,4.09961180464712,3.93858712136844,3.40824427635734,3.46941729156754,4.70549365206945,6.02941521645384,5.67391627775325,2.04980534275739,2.56977578844786,1.03502389059096,0.243217132204093,2.43311695667612,0.277510044435821,3.99657103075672,5.98410768093884,2.26664100029575,3.95325938509854,1.85603461634315,4.14533923422382,1.27140773390971,1.01338446926792,6.16055859837067,5.90800077226632,5.32955262967078,1.82483349077103,3.7902438019766,0.0165087730509479,2.4155637435029,5.80820890536308,4.05545675306913,4.91985430237667,3.13416850672142,2.72520984397445,2.56444024094374,4.90730787512761,3.45407271750158,4.90390416361222,5.75836801493565,0.0822910159568373,5.23307365193981,2.97438547223668,1.1088795073167,3.752768551382,1.84757795067193,0.792421706241914,1.11577064437165,4.62630823271889,5.11507989789491
1.63124638739489,1.23244576941036,0.52784540685706,4.93609134132023,5.63783851183806,5.28213879640859,5.8097903622314,0.601343721934041,0.937747065135005,1.5202470036584,3.86977303048248,0.398634055497062,0.735506225906562,4.06273652308934,4.11085590272322,3.2424275766948,1.94997404289733,3.26262225523279,3.89216434342197,3.58595755750311,1.60928244207893,0.922119213075096,3.78468629322692,2.22095941857165,4.04067892078167,0.354923491096605,2.31317251986888,2.27778679905443,4.62485137550922,2.60045282654391,3.8985355067265,2.86421689479322,1.62517915800096,3.01535205728795,3.8994539135304,3.14330566336638,4.57687890796053,3.15194514552121,0.319468148547845,1.95985833082331,5.48953404169874,3.40752162993621,0.0868385962846686,2.73618726378805,1.15477553673912,1.4768256815689,0.0613872083607735,3.55449699365006,0.979127433639165,6.14774643351543,2.16251111754245
1.7520514889117,1.66089269096153,5.49984278213916,4.51298104105504,3.11008229639408,3.80611715948566,3.50382864603572,5.33309031083511,4.19986336868716,1.18051895529584,5.3024625306537,0.298982748688714,3.81422044120273,3.43351619934294,2.0033634415458,5.29023624839711,4.09924743564112,3.98420651005623,3.96093950020616,5.73418646477417,0.909955722188306,5.14105496221489,3.6817873492443,5.02848160345978,0.822143021419704,0.667680254259738,6.27197953170549,3.71605238557203,5.94792817345999,4.23758512536688,4.55585299205531,0.577955651224162,1.85653347433401,3.88688253036183,3.7143310137557,5.0224840050643,6.13872374143266,6.09874159345571,5.55461323397117,0.750399934472162,1.85614692310117,0.302145409340511,0.738247574929038,1.57018171833684,6.11789668875946,4.90464056585205,1.8750913977003,5.07544831921772,0.551022673997554,5.25107718494494,0.568088167838157
7.76355944661181,0.477402212575544,5.79098133482848,5.7274325611384,3.57317672542729,3.63371845345042,6.07878404369794,3.64183449766481,2.73041284232307,1.29818574129835,0.621753777123335,2.00365249660324,0.75885926996887,3.63911332228265,4.63406629941636,2.35514799174434,0.735613108164351,5.14275561325954,0.729130821602525,5.14699471097784,0.194524532990459,5.83167767648589,2.23559144912874,3.13707727501472,1.51426209315143,3.28843427733283,2.87009087222225,2.40084147869577,5.96974746494963,4.42165825707167,4.64222595907037,2.15130553371062,5.95714685852951,2.47950311924598,4.30195151665687,0.650898666004942,3.88021003811717,2.61191703088547,5.48124295641033,2.61467937863405,2.42667044723884,4.19254583489965,2.71400451907912,5.91011152898781,3.54494393963559,4.50504413554821,0.284508237835809,5.85481279403068,3.61443728532952,2.96144750081538,4.06013930953354
-1.45476590313765,5.58549066112281,0.722340497158256,3.22750069646175,0.266195885749984,1.20273864746377,2.03559183258193,2.06100490668133,2.19543480867205,6.19948057693016,1.78887964279466,2.52254867766055,1.50249132701177,2.59922828511399,0.948989941674513,5.97563887597341,3.17568281415324,3.18912269521252,5.02138934735313,0.359256958734355,3.38909831112532,0.452811899696024,1.3968079232738,2.73994842909568,2.60707290535962,1.26349120100006,2.0429249479099,1.87797176490201,4.53948674526116,1.60893645171276,4.14798628647274,0.147560743068672,3.4371512172246,5.44664562994424,0.325577674805565,2.05164204810926,4.34488066336529,3.32857595360049,0.765568338091344,4.13339691606976,2.91246821939743,1.81238332060575,2.90974154344328,5.66109111925963,1.93070931212396,5.79294212342891,2.88606675249321,2.43376852283361,6.03157447768717,4.6417889620334,1.92387271265501
7.81474614613332,1.44077569793096,3.36059547943369,0.886552741417362,4.62011658848062,4.63011717546807,5.37372438192156,6.23288780052083,3.37939883656613,1.91834755048697,3.99332340967455,1.70940954543755,3.18267715422701,2.87243428119464,2.79556298027068,5.12770400170522,1.53849030162213,0.439480289203792,0.23066598119256,2.86299354564153,0.578972734778346,0.0675903950226827,2.56877150688978,3.70537313625843,4.60758706524997,4.2762914215252,6.00352877278527,3.7675246695764,3.9376720617211,1.0049424488696,2.32892513397134,6.16894903774043,3.40449116295081,1.1492836325507,0.0182488555895131,4.00379867846869,0.612957601813041,3.92736325544937,1.18740852702844,3.86103018585077,0.296372080675341,5.6666328153278,3.45069664343454,1.62304872942006,5.7213164824706,0.34262307546635,3.32758984587371,4.86718186963842,2.68287582258111,1.02427136809952,4.10284485652814
1.73873820644446,2.20181987701292,0.151831938672542,0.287266828810768,5.28521557206579,4.5915291752544,1.96580315152324,4.04059398668382,5.14958810339161,3.96199548275208,5.8649573950626,5.04791247491357,2.82310288124667,6.14575410878997,4.48869287634978,4.0935431815789,3.53635852693297,2.83864374380884,1.11251845752216,2.48944053450493,1.34705461336303,0.693671573062493,5.46565933860438,3.18355744762619,0.258956588821352,4.3368288032187,4.1821028585592,0.599801948181547,4.36051751090846,3.64600741882087,4.01081870006933,0.92703005790578,5.95936992493487,1.98245144453432,4.58503072637363,0.340120991084492,4.91733397686928,3.32264066088601,4.62224926556661,5.75742551972266,0.13023944190981,5.38363004308068,0.754277973768065,3.95325543229389,3.46763929019236,5.83092016872693,2.17575654753063,2.72323597249764,5.69677029705203,4.0788745517373,0.779671863159773
-1.50538378743244,4.19647230848732,2.86388428134997,2.71113284453664,2.86789076485323,4.38126872737135,2.89874881858074,4.17406809407329,5.72778192645659,4.30827213614175,5.30357891123543,0.969210446568276,3.98182445371402,1.070765523282,0.587573936755789,3.76072213269201,1.20469071122078,4.22838323605983,2.73884649190415,5.20221464146387,3.99144438649141,3.37504610229728,3.82610481756042,2.21666289692999,5.08861003957049,3.43010323925945,4.13842064258528,2.42380848062073,4.18397281457609,2.33835139833881,2.78829451860722,1.43367171214715,4.28780051697093,4.74610111267603,0.282697521223623,3.86935729257104,2.99505755360899,0.143591716119911,2.39457329312068,2.52895979325782,0.457474313241405,5.17757272561203,1.10131375436701,6.19470998205573,2.91224525312713,0.765463328368696,3.43787410649012,5.8399794264471,2.340330406121,4.62439651916834,4.62044737327628
-1.41851309677258,4.70465859794895,2.53649651459823,5.26278580925042,0.79720815037081,3.36581792581526,0.239075511643258,3.02106080836035,4.90577351544395,3.61630479388446,1.47838998864857,4.03937752202462,2.7463084332611,3.12008582530978,4.89857968015754,3.1663309786689,2.00666474148105,5.96016604641652,4.04837104937256,5.82465500115184,1.75619748529162,2.8905044120824,1.82342716421474,3.66798239258959,0.578913515854497,0.479079942619735,1.79286303267312,2.0701454060941,2.53024229257621,4.43858632146207,6.23484104338981,5.35723903604073,3.39363021774885,0.6581042631527,3.68662823148076,2.32058311280125,4.78684568235376,3.1378762872225,3.98910118817922,1.41528306888349,2.7432218750707,4.13713244081222,0.0195680288012295,3.65224469293694,4.13735061895164,5.22574877576646,1.30126579974372,2.5022453467339,2.4732695507014,4.67556201608524,2.91699815400738
-1.52099861451792,5.24190558096796,4.4708749949635,6.02721354815123,1.66886779764816,3.30226754584113,1.70478272468903,3.59085694329648,4.56975714479623,2.98252718773752,4.43391439456042,2.11199934019846,0.632672099435285,4.13138535689739,0.867332562351184,5.60958835096832,1.85901136058792,0.268045473558454,0.21659378305188,0.858768214205993,5.93596581332825,6.26919865463651,5.96476233899056,0.90611775514443,1.51996520028587,1.26124792291852,4.96995792411362,0.764042251209414,1.6158546308084,4.07753675557843,0.470336698611384,0.628533479319431,6.27848470123191,1.63648365264997,1.34364579918938,4.51066258800217,5.31665925530712,4.13908834326626,3.49794059826061,1.07420420585407,0.554286412048201,1.98984802856317,4.0746797716593,3.21736243279094,0.176411042673739,4.53583777699269,1.90070033751258,4.67517726277872,1.66388214796441,0.838769712982431,1.52581666194274
-1.58133232607267,3.80453745080445,2.73381421755829,2.04053648837526,5.38071434348151,5.325505314661,3.09049503899762,2.94341030752817,1.25560604914612,5.80253865390578,2.12665594485344,2.87475413864887,4.75487394566545,4.93441643909668,1.65292244116292,4.81579934150988,3.60730716744006,3.49386874718881,0.755550042480547,0.576182034214465,3.91183493887265,3.16376816563174,1.52655269699013,3.67052975574892,2.05929138488341,5.73730625461165,3.5759341797149,5.9512475711548,4.02602558428567,0.480314436281351,0.279393554388714,3.30403000371172,6.07537792568231,3.88699897717802,0.048032309675638,2.18270225874452,4.39436344607609,0.155413808740379,2.15217959946754,0.981779522715034,4.99913264774654,6.09399872234181,0.194184410388702,5.89223756809988,4.5426954673516,5.12839272890776,1.7290032104152,1.48965925184148,2.85635387250107,4.03021799736222,0.623818921522032
1.69881196928615,0.811080132080243,0.60214286434153,3.11269775546416,4.6483118986999,2.01657177924608,4.23369444353294,4.73169070835628,5.52007392976195,2.99653443670424,4.05110632582209,0.785866904293817,4.92931746738976,1.01976199626609,3.91352550748591,2.19847546927063,1.6924346588911,4.43673176412088,4.77264968915938,5.11122949458444,1.69688276664122,0.949724219757285,0.232163908364382,0.0563910388331157,5.13045060552944,5.9047161276534,5.08908213932677,1.40047064443513,5.99956055336729,3.08439955382762,4.64931584671265,3.38853434596534,4.41799038643871,0.437510604598522,1.52185135958341,5.05079067114485,3.10962513888306,0.197014325934615,4.04472581008228,0.338791570131631,0.647908361972491,4.6873803051187,1.22987765036932,5.61402953619008,2.52466934126328,4.23592466653353,4.40232282200462,3.99333328437159,4.16564836415774,4.4944713237653,0.218672835412756
-1.46959113599258,4.26139931339197,0.861283912503497,5.5033519407897,0.993127593304867,4.67000533095842,0.3576445962587,1.33004420131394,1.78712114358039,4.48001419091626,0.801125938613844,5.48167753378079,3.95365639326981,0.29401845175725,0.225243463208634,6.14029234363981,1.66405551692307,1.07736706838856,4.53149233683338,6.06568690093795,2.38885297036627,0.334796582238635,0.960352767256093,4.78961923605483,4.37916119784714,0.355505657883331,6.14902610647609,6.10661909132226,2.83522810658526,2.37437496313916,2.60353821001109,1.61640165098828,3.25556825882267,3.9852472928833,1.42149212623565,2.26596604061525,6.11678053931879,5.53332656023291,1.07942965560646,0.77820086830979,4.0378336665397,2.50964688566627,5.48167780442064,2.50228366494715,5.09556698014356,1.12155076682838,4.86899114966505,0.095465293998398,4.06214774537582,4.74995473148044,1.55502279735265
7.76697219246819,0.53932611291455,0.249020699385961,1.90535138272156,5.96312696188768,2.93418360859341,4.33819263346771,4.35542884107065,2.33597623380367,5.81966849712393,0.54033626808871,1.62924188338978,2.98524197455643,2.53983352143796,2.45906911462481,0.38980841847957,2.02802254522216,1.04897290956645,5.86365820384893,3.01158807293718,3.29138972441621,0.255121023888962,1.6636838596592,0.995897726703471,3.40751252912284,1.25873827232436,3.40870466838023,3.97104881565402,5.48821936696011,1.55645856220945,2.99868484582027,0.0318724352720049,4.90700719279727,2.89636692315952,1.75836024143623,2.39849246235838,0.330807327521592,3.53211703002903,5.88229038932568,2.23664475599748,1.71007551694936,4.55274294817807,2.80776043280068,4.91358116482388,2.48028192416633,4.86951756903253,4.04935095725251,4.49913362905475,3.72706165164929,2.46534776884167,0.916862525632964
1.70326550946205,0.601135772517828,5.92794372795333,5.54232055571464,2.73825555784937,4.19806413013023,5.08186876676942,4.60396763183461,6.26785287972244,1.74212892396528,6.09023850354217,5.82827838737185,1.8968003237242,2.52316203386073,0.679274904080586,5.99956734130718,2.58958564931093,2.25913681717925,1.48406570264199,5.07644575431919,0.185124548483374,2.24440160701003,1.82596495550108,2.16453527097656,0.922475686712225,1.25860288510779,5.43359400002861,1.57624547135078,4.34227885624672,4.74926407761479,3.19311356499112,5.38777148077675,5.9219305319253,3.8612257165554,1.76046576383684,0.240428431449227,1.01853880218372,5.32236001738389,1.5280823724101,2.10964482036325,5.71518215536269,5.22139576354317,5.09761133940219,0.668511510644903,5.16684198889663,5.73560378077107,0.972170513546947,6.20169366623421,5.38238617504001,2.64357646821097,5.05237691760695
1.6617392247946,1.70926210377601,3.41686464256162,3.6548141651772,4.0593100207732,5.36577793526302,1.81935673656223,3.76977910825997,0.123088549120708,5.4615763869102,2.45957786047897,1.98221760731978,4.0171405805896,4.15475667719526,4.31434672937866,2.71044211606216,2.56812917613413,3.35686126546583,1.39674904959862,4.83118659767372,3.42997350768419,5.36025085520938,0.146951156808386,4.55953131377503,4.11568875353943,2.20386280992642,4.31665290562301,3.37153740007717,3.16238602550005,5.86175196746368,2.90046857972427,5.16336570201532,3.82823082227705,1.10490427759529,2.55851897907656,5.10083013514652,5.03827679821181,3.99660526450269,1.35110766740042,4.76800718300322,3.29892707627431,0.665924780360061,5.12607107352721,3.95004599483651,0.0834587347227253,4.75249760055543,2.98016474620092,4.48916406324517,5.68542914167596,1.19200111110514,5.2961671318765
7.7233600233447,1.78743666136298,3.89558021324952,4.16607389630572,2.38691907166306,0.724273569312756,5.02934749150463,5.08450141512693,3.15381362399084,0.148570611510889,0.955550753290079,3.10236246013477,2.30388565111352,3.06918416566849,1.24192727210158,5.51549051379284,5.44788747184337,2.54795412849384,2.95396373564652,2.88885290777062,3.37211278477569,5.83634448756302,2.7127362993041,0.807259532799805,1.15677437730171,5.72681333571089,2.05938097398658,6.26718076102886,4.32364844528961,1.09406047340446,5.46636999348601,4.04340627260396,0.35506117802039,5.35137578326415,5.70846020917236,2.17605915506116,3.85242488038811,0.274949390665742,4.80048606803915,3.27881144651473,0.80186179811106,1.74282980655414,5.16950224398121,3.48495413695665,3.42829912187072,2.41644093990451,5.54444040154616,2.3657395888583,0.0837400728873034,0.56304300079527,3.30541996314054
7.77431041876532,1.8640417755649,0.323061149959347,2.30780420592563,0.652612288744208,4.94381178469054,4.59518405956357,2.20214664463553,2.76272299438774,1.02074042221003,1.34376687467837,0.72789652543485,3.74635684037707,0.862816784399478,4.89293879239193,3.26538400025913,3.51379137416619,4.04424302809819,2.67877659446037,2.09533949744914,5.46342468149908,3.72435316708147,2.51894238856414,2.26815518341326,5.57935640130913,2.23912457769201,0.0853686064594063,4.92721822383356,3.25338070329077,1.97187132986437,4.65481822246868,0.377157034172918,4.35494113783014,2.52604913048561,6.23458663754707,4.1479058274413,0.0501095889798019,4.62909744110633,4.00360224221776,4.01204817007027,0.220507925703061,4.80493240858422,5.8370783779725,3.44189673768315,0.235310785593021,2.22536508560536,2.51639675164814,1.57138701507943,3.33316766577801,5.87458320438191,2.32239426536302
4.60970914414005,5.58028164432921,6.1902637658587,1.07895443252008,0.940414587996611,3.55417697593146,1.64884907011924,0.746937261506506,2.42370727009633,2.34156731067161,2.24800558030713,4.42255149437002,4.8507002863829,3.28465748074552,2.04413520979645,4.1893589673424,1.42936904478664,2.3429166316991,0.111657137550817,1.19029047271876,0.682175820892558,3.26577547128547,5.70018583479717,2.09578533197422,1.83418984082056,4.28673395752731,4.46273815536861,3.11968447958641,4.17680313499301,0.825441320909974,3.35261405440387,0.858251941638312,3.43950888379659,4.3719259619791,4.06434716517334,6.26685460929476,0.480599968632062,0.398731000152339,5.70682235973793,5.18133678603454,2.07081454482356,4.33598337847194,2.61640451014985,4.40005535603556,1.50928229075124,4.36558307249229,0.202027750581018,0.16217608026756,1.29404101788827,1.60602794820763,5.1062581273699
4.59101253067707,3.46502907568359,2.46642754575015,4.78819177472105,0.973990935157671,4.82950968686365,1.60521745940752,2.87701580268482,4.63222303141399,4.31757450012541,1.56093539435605,1.03529028943611,0.601666326091799,0.794727273912347,3.07981923339318,2.90994378162732,2.38460103407892,3.65984585874458,3.82347024400271,4.16581865659968,4.86247518380321,0.773752604027442,5.24224035221539,2.86837556127552,3.63132953017075,4.35535905695244,1.71697942820498,2.13164346268358,2.98131035003421,1.93923591990855,1.55615189800708,4.42942887706918,3.75998279876436,4.53313387428429,0.932647661867248,0.674999575733143,2.70414563472559,4.80429118525755,1.71356551868766,2.78664579822854,4.45599071051616,2.59846573175058,0.601068693335139,3.92598997913833,0.0701241808393181,3.03815789099104,4.62409192206922,5.9955121528723,6.01265696466825,0.566382235659234,3.7865847556655
4.66324680887552,5.22030422623626,1.17594887675086,3.40908736774976,5.91858429260957,0.172584397152879,5.66347586883402,1.30159794359027,2.66779991780916,3.84682081719638,0.655096794702425,3.70253201329711,5.73632404995032,0.736623165323,3.42753062320824,3.97676764038031,4.98843377484983,3.37513418605775,3.30591826522253,1.08231541219837,1.43129357788831,0.0733140444527986,4.21620036882308,1.96454121790721,2.76186699128035,5.94364457084789,5.95009047756292,5.10737720996133,5.02712044157335,3.425127298963,1.65871335264049,4.67396056112678,1.45812553184404,2.08676969115659,3.47421231278513,5.54726214376876,4.88663899608298,1.15331942122892,3.96153681258377,3.13498292199366,0.459033511811141,1.65139309051076,3.20243590658407,4.44859247338989,5.15018260404066,3.57888013831162,3.21690458917135,3.23791665709403,1.76984744285,0.229251294059448,5.84932452226785
-1.32831883740944,0.118807753848402,5.38236510463091,5.39724518318877,4.1255663807994,4.6877227376681,1.28968386121806,5.23491025781325,2.86404928680596,0.190695846698879,2.45830235098317,5.4003752046753,0.536337365426935,0.164355063099512,4.29722968523078,2.85274811005516,2.28952840192218,5.74302916526814,0.953799842231892,5.32542555344149,3.24535835605352,4.49515336543222,5.13922976417663,3.49069405842456,1.40890359766719,3.82264869993068,0.420347826705647,2.29845780225611,6.16649637658296,2.62544824777211,1.52867899575329,4.02305637992068,1.57710947369423,6.20798539747579,2.68115291470079,0.311129755414587,0.530544894478698,0.5235107893657,3.44976334412459,5.92465074178153,2.44060616828899,0.436311498925243,4.97647847914949,0.188700862388346,0.188649170178015,2.75053843601769,2.2883805408063,4.36285265878246,3.23800798853264,5.9267129954541,6.24061185437296
4.6668093587562,3.44401519227957,4.86216753944573,2.24386970462559,4.31996677056165,3.71417562406024,6.1406621649415,5.76842799054545,4.69896299265841,2.97711710309435,3.23253357791861,1.71319853252121,2.52277110703992,6.02265624088109,5.15285345065215,4.91907977941753,3.2897641517903,4.22761850002265,3.81662510401801,1.25958844862904,3.42520239201092,4.11069246258957,4.69804076910124,3.44285707464503,3.63059257787372,5.88236199038815,2.00034661334565,2.64395024524314,1.19380253379877,4.48295893090222,3.84580547158888,2.07114972861388,4.41782010131136,1.35233556915317,5.44912324116955,0.458973754533439,4.88599068199238,4.6036009397147,0.312441197104255,4.58065123679603,2.66648200124407,3.82280901819715,0.557883729068037,3.83879151085783,5.33178841176007,3.55342506968584,5.29549915909275,5.99281460654296,5.67991536978808,4.86719814752789,3.69116681925116
1.76215980795236,0.212250917628389,0.811844840321982,2.25321834802269,0.520508422110767,4.99383991400294,3.09371157599644,4.69318561756183,6.06005549288148,0.436168217802724,2.70248608143853,1.24814404049493,1.73775016584672,1.98750965641772,2.13990274413295,1.27776597233301,5.12032601867976,5.48327317949155,3.26899680372975,5.99894216911767,2.36361473984696,4.1108983741609,5.21837642058685,3.53343636708757,2.55991549237837,0.796162491637784,1.71518892034314,3.19404311776787,6.16240731427996,2.32016466702845,2.14613076529217,0.384949469204829,2.410424752209,1.11237152203028,1.2908823246703,1.70232476776812,0.454582726920943,5.64890361310965,1.76329176022521,0.8130502687272,3.21155933959453,2.64039276055676,1.14398179067913,4.31908402970052,4.20626336903286,5.89475397298682,6.28037299053817,3.20370292384043,1.49415512971855,2.68402891362912,2.85915895501259
7.64810659485594,5.83715744284301,3.51177747578781,4.72441722595797,0.151778347594544,4.4392657503573,2.41079168278456,5.88726997375107,1.04216327314061,0.487277026644044,2.74905438754969,3.96790203644089,3.87785789406093,3.21323240731881,2.52731309170609,1.2424339347604,2.21295005765819,6.06666317785523,4.89591781732599,1.20477325052173,0.544727086503922,1.94090853997989,6.27344291206687,4.42715376735316,3.60319340376529,2.55197132348328,4.15050231685265,2.76843626441408,0.352482663483481,3.36378148094344,5.44173053972529,0.253647291919253,3.01301251480805,4.43434775039429,5.97711779545063,1.85465073680187,3.74242246849469,3.97503661184173,2.16809120058102,0.430748450104788,5.87544472269047,3.98086086614816,3.35587965474923,5.79362888154371,3.2444108576607,6.15814753528878,4.78247495565545,4.48442313927523,1.36237287392149,5.65529161313835,3.10937992748045
4.58012490911759,5.31655827299795,1.28793253907989,0.429308934326035,3.67596712381426,4.21021931456816,1.67093126407982,4.28647166070445,5.93266242142014,5.4650138099098,2.64643127677092,5.44859172499548,1.15843690031247,2.17276967989275,2.79765074430872,6.11076093132081,1.51317699122115,3.57046201614304,3.60625180224558,0.0920172750831416,0.67309780124803,1.43182830224173,1.03507190648816,2.29167248830627,1.71845732363954,0.673987401732033,2.98630366540869,2.06740574381617,1.98933667432607,3.3819071602936,3.74720804657608,3.45810700668877,0.824306220828499,4.28422672659964,5.05441279779239,2.30454437825501,0.0352674599798398,2.01269903132487,4.48683091371727,3.39602387795727,1.81267944594628,4.44340406911203,0.129006250245285,2.37294348609525,5.44626894316801,2.04186139768877,5.42027712112143,2.57242821399488,2.41168056643871,3.20098380239525,0.0933275991033966
4.60976011651492,4.59774721638649,1.71717408554752,4.93879811573682,3.57506382976991,4.57541599573294,5.35801648191019,4.74160056516445,2.59868879018472,1.89030885735143,5.40490264793577,4.06582457784493,4.43687564211398,3.26900034545442,2.62210742710495,0.296940961240072,2.14163472503119,0.830521627245125,6.05335449860389,1.23486860020527,1.49761198319609,2.84084988717785,2.8042896333251,2.86280970365235,1.20550227087693,3.65738995722357,3.71172834497838,3.95197297686305,4.92888999833824,5.24099186135359,0.719342239240208,5.51333873977425,5.3684966280732,5.0561031440421,0.789723819052655,5.40194926356689,5.68836662997699,1.7623691767902,0.43282241004783,0.458824431559252,4.63685447352072,5.58078287956196,0.901219722550284,2.18960825904716,1.94523695323567,3.85695715712991,2.21621001260268,4.91405527024085,1.10522612981315,6.04879485505358,4.07586991988518
1.5598721813911,2.61373514547438,3.96423786406483,4.77439330318219,2.11986794206017,1.63592183212789,6.09259038427316,6.01026154310647,4.20091039817443,6.06716315790426,0.650815876545,0.627160972503298,4.8437906156188,1.37699318796769,4.39452880263243,1.83388659838359,3.10108378342132,5.16862610234354,2.42552309229261,4.41239149905114,3.98494090809829,3.77162469645041,3.88061293599663,4.97065129169231,0.255603644952067,4.52455009419826,5.74821361381552,0.892233433720998,5.14949617508243,4.18526856939519,0.522476781312257,1.97809564252626,4.16317843325235,4.43830414797127,0.643693861758783,4.76580513141607,0.727473465618424,2.98462442270721,5.35759991013544,4.69163386231928,2.50761352462577,4.06596875134748,0.23435657386913,4.90684214637957,6.02356271612514,5.2906551623037,6.14202255733301,5.8833607435788,2.45678051826701,4.85379127428924,2.65805469926455
4.43899130745868,4.1963229825873,0.0352432047980856,6.17667949624791,1.29705884526146,0.933020248084102,0.941615874880746,5.63150790354852,4.915419258485,2.53144103544581,0.86647657533589,1.07090897849177,0.948988294428755,2.33983312661874,1.45349619195059,4.51016511246888,3.43760033600077,4.0606919517076,3.08812909669805,6.24137451160355,0.321295576073251,5.13857963753054,2.97488161358867,2.19819316265428,1.5872630277848,2.28840198718534,2.54939463320522,3.77702535404948,4.60880302666536,5.44655164623515,4.31444355261174,1.53129219315202,5.9096008696368,2.63289454175728,0.871905307795815,5.68178180748699,5.62336558093668,5.72904959910024,0.373367429737825,1.97409044053923,1.03309621660417,2.54705674967441,0.98208093943025,0.23181399445192,5.16722079982991,1.80089080587353,3.42246204801317,3.53871852100763,6.10526095036167,5.95329287692142,1.6957806041603
-1.52593059123536,4.9560168882821,5.85492113189196,2.19113930668429,4.87762240290568,2.89039766148724,0.727858675355385,4.89364448651835,5.32845493055292,3.74038415840232,2.04412133840723,5.16800221459611,0.707308509187049,6.13582757764153,4.32213244815367,4.9203236635503,3.48130673547346,3.84745485028069,4.08726921601447,3.76245905679044,4.62402154108043,2.41500888500796,5.86017431857113,2.70933519324581,5.0035939890536,1.06523382479598,3.38547411152286,4.29963791464034,3.08398296157202,1.49952397616398,3.78520102973061,1.65220065786346,1.68725783214692,5.52859133140305,4.02524678960575,1.20009063261476,4.07507204582766,1.59774700971902,3.27676477145678,2.48958273014223,1.39568632007453,4.74679228295176,6.00245576333583,2.99874276713578,1.31515898059904,3.75840609345397,0.954227358096786,5.67725870470446,1.28654322187211,4.65967470818938,2.25027939826649
7.83123037929567,1.85882920534328,5.85445456635477,3.66847266325133,2.87057770648942,2.36154871038282,2.31660327781372,4.86552426349533,3.80647094427936,2.11128010676521,3.48735790446608,2.61610976434107,4.59633708331736,5.75162605748892,0.101089682973917,4.28889739100299,4.71598978938998,3.9551849524833,1.99129073642917,1.45853255515248,3.50606160615604,4.11655815697643,3.27296033010653,4.67512151974822,2.1023167959902,3.23673049678284,3.91082742426563,5.01980051591478,3.42209124363053,0.256551280859192,0.228971262280714,2.95184357528762,2.56043301720393,1.57921900302746,1.7244676816065,4.84367321644294,2.04925434490326,1.69434401568062,0.105827419245364,0.317848354448348,2.8087611009511,1.53948363909005,0.975530646195674,4.5077399614859,4.80312996916253,1.10853180387346,0.628871195420948,2.37699257708757,6.07934996331648,1.41730708187747,1.89195389117655
7.82085587013089,0.379885453925409,3.71636129827948,5.8865514264264,5.36002369036419,3.7879896353958,3.70219667004872,1.69770954795998,3.287973687816,3.36781722280829,3.12062705087114,0.735625225514802,0.683861500433592,0.700737868224907,3.86939831571982,4.65612427769398,3.49619527116073,1.23030115344993,6.2808867746822,1.28101397962555,0.406544011127036,1.65150117967596,5.44374411187294,0.215336207468809,0.751241264511221,2.14049175298753,0.996481973759706,5.4597366606325,2.69162109711975,5.89778651439005,1.42120251526933,5.24150637695666,6.26217766165826,3.86176071886326,1.17950859531315,4.32944313694749,0.916132934739717,3.71930111993486,1.51607004338553,1.4924366530171,2.4318325043621,1.6164448143862,2.87490404532737,3.99055594171269,3.79757825148587,4.03061383519903,0.67181381853071,0.954679941062969,0.683654510691638,2.6258273673811,3.84456974615024
1.60655312232618,1.81953611665128,1.22146293679987,0.335081169544267,2.66671860191087,5.59153232261083,1.58808997880206,0.0474118831923847,3.17403738387733,0.519258705323618,3.51764392942915,5.80880414478577,5.58230366482877,4.23305767918058,4.8462748933618,1.28939438776604,2.98862151135056,3.48774224669261,2.97340497333782,2.34163634723868,2.05924624800899,1.053850827037,1.90047331164461,0.417960793516134,0.128543328837035,4.03655930104583,4.90191248549655,2.53607941909882,2.39605823835747,3.25832813862845,4.52171669105564,2.95482452542187,4.72914006972337,4.80772372064786,3.6337953956268,3.09941686726757,4.54859141342141,4.85785137227718,2.63447426214184,5.02179233885934,0.608473544314048,0.369570247387081,6.06935924224856,3.47222502634953,0.520106268856613,4.92885777756755,4.90620335149691,5.75053430220722,2.57030691987447,1.94934105141069,5.61622181841029
4.67406431805081,3.51184445256623,5.28515630486565,3.74702760733435,5.21590021668873,3.17369476700024,0.0289535450485109,3.79479406822203,3.72143341812506,2.41490014923297,4.61302865237106,4.16881790491327,6.23016583077415,0.00910816014571508,4.05701755792292,1.72220552310424,4.10786669441641,1.06894273759566,1.57116846097006,2.77022565168067,3.2688678021506,1.34612332410252,1.86605364926466,4.4707701022743,2.0641577745595,2.32686284957749,5.52469424345084,0.551222147266416,2.88163036710567,0.953109077184469,2.67046611819282,0.447434825799313,4.08074508999558,1.34034125889058,1.06876419868451,3.63187396683729,4.74900594425678,0.817635567471869,0.897966303923768,5.51937720478627,0.324173412426686,0.882180385028311,5.36997351702012,1.26746738161822,5.69728171273169,3.81488411593316,0.40393365764105,4.63674480879274,3.41791355336154,2.60973058278256,5.41506760547277
7.80569693036554,0.863403323848344,4.34841871318498,4.05562440348101,3.46226253228595,1.42629371010375,3.03786213430587,5.58643123552437,4.26316456982485,4.68910599400628,5.84342406163283,4.86943781220177,1.78654369763031,1.03379884006555,1.20669582623901,5.2111692873751,1.49946977651207,3.45152973724481,3.18359348515016,3.30183278853174,2.02309794896153,4.21268609581093,2.24957910962237,3.67587482099805,2.88819293568585,2.90969741159359,0.591930119122556,0.891054348081634,0.241341715114015,4.94990580840538,5.19902741402877,0.713482613037542,4.61302718067547,4.67334045209675,5.58978744316389,0.940553234594656,0.555706492960271,2.6576089890875,5.1081271295642,4.15924542188378,2.78606615058675,0.934477661202637,0.00439683539727135,3.25222850754862,0.028669958378845,1.26209026675981,1.04128510682432,3.41172798608497,0.383442413424192,2.5041623487333,4.21032298718368
7.85179536346046,1.33585563606924,2.7621966993683,4.81606099172295,1.11421018769237,2.2695352886259,1.35344600589875,3.81957063105389,3.43494913199034,2.48809402959474,0.748074275084828,5.4284406940813,3.97659119783077,3.18162189728847,1.6168251964935,2.01736968402487,0.936604749941564,2.89598956344097,0.733695232802858,2.46996799768132,6.02872282171568,6.02129205221716,1.69220135710457,2.9217506467335,1.43047640940425,6.04008738816977,5.95564515995488,1.79431943637818,4.23713574765421,4.03680652981247,0.858086352478001,6.13251009490648,3.61612128397768,4.15189538351947,1.99461827965184,3.12765001586297,2.25510076371286,1.63411218637173,2.15394833179376,3.78911924660865,4.14501408166277,0.601425380558308,1.44049937757539,0.651198409141876,1.12716267711268,1.85341356014849,3.56615372971419,0.0672508941611091,3.26901996464878,5.86444027400244,5.60459287632675
7.76559578883896,1.15966401501529,3.47323795375345,3.96778693989808,2.65215409087481,1.12947865783401,4.45310504462517,5.4058114682375,5.69632303179306,3.43871462168381,2.51094978098852,5.79865094472137,6.21768342228316,0.409828595760312,0.704602185349227,1.32927179373435,0.486321441240076,0.904769013432496,2.70324225355328,1.38101221306764,0.620334039997014,5.5467279094929,6.05008328650478,1.16739598325423,4.2288505608515,0.895229081793193,5.38499714587743,3.27087120262884,2.25690309048986,1.49768156689453,3.28927653632487,0.130208676742603,1.12482396118149,4.30679605618853,0.142197018299435,3.28222801854295,5.32047780650225,3.40729783126553,3.03743169260482,4.38986451801482,5.49303724188394,5.8389638145885,3.01096047230367,5.77000061285148,2.99964150646902,5.1500723819409,5.44356256666513,5.2037333727937,2.64757761937783,3.95064088754761,2.85356743488047
-1.32963274411216,3.57627603002291,3.93466307915061,3.69522545139519,2.48856172743051,4.95642075022457,4.28752352659888,6.16045627310269,2.24744284692417,4.95089830323248,3.93528093089805,6.21381768027663,5.1830626841194,1.72767039695531,0.663355417838656,4.74546859371193,5.3739942595859,3.04676366166164,4.13243253999106,5.45918077078031,6.0254608450184,4.1184637877136,4.08943965833068,1.36932127397882,1.71209683524824,4.36881682657399,3.50378050432756,2.76893165967786,0.0708125774223704,5.79253493042197,3.70219554652763,4.2687492391116,3.0775765185351,4.03384324295111,3.11711466794915,6.15691344831839,4.28390106640602,2.28631644678278,0.110761944330998,5.86899047441655,6.22251098903927,4.30622290244009,5.83120312195307,3.97372600547829,0.640286152088283,4.17106443652461,1.40270059094421,2.98956131186846,1.32051421751758,1.71055429053792,3.17425389867889
7.75415151098737,0.807089946947302,2.46736115812456,1.83501970597064,3.10391189665216,5.28926870217493,3.80364851594818,5.46602126453719,0.797305751876304,1.02863389953075,2.60211515498656,4.49080859382647,5.46829543652272,5.75933098953884,3.92711517526441,3.0740487764362,0.0312728480567907,4.65879606203595,2.89268422438891,4.8385409136105,3.08167775963111,5.6776584207371,6.05582397600468,2.72081902409632,4.90540504295273,3.37157314940628,0.782204880944417,2.29130429815824,4.51018463657357,3.11798135767312,2.05182494505336,2.83944904656436,3.89299268567432,5.79517699119441,5.12788796950536,2.14139811851272,4.28572933072057,0.621530453901027,5.59773393663581,3.24472259672588,4.63667465455625,0.303492455530392,4.73903650279524,2.81900443725003,5.12401550246442,1.25196190411856,4.83410990590981,0.608135304487858,4.54973062576561,1.35497518831534,5.93560716725777
7.82687614113937,0.939124108460102,5.31061677019622,1.91398435635385,2.15987566623389,1.30635913043853,5.86526664424122,6.1356448079713,1.91729559828037,5.00816536228107,4.62621024792886,1.75554900881711,3.45154081153467,2.00093071703591,2.56897908911356,2.14431045632614,2.60927347647367,4.09722662058606,1.1879155086034,6.23375169021959,4.022191970886,3.73657392389647,5.00108297063103,2.9367492158041,3.83323152392492,3.97472420568591,4.74975071438802,2.44669772698686,0.144353374177455,6.20552633897756,1.05249704410937,0.280755643765204,5.76236343292657,2.77364933934244,1.64038390050523,4.55198398188979,2.24754567543596,2.00167434462813,3.23546568560695,0.79943875958178,0.136886213128797,1.14670240576367,0.871675593084418,5.05097855078794,3.95417832001587,1.17400469958522,3.69538704825207,2.48558412006407,3.36750419783811,5.73701653246356,5.40423776337209
-1.53614108554243,4.00903568381098,1.61338677724668,0.262191985760049,5.5476246709609,6.02496734569646,1.91328686334618,0.84770605778849,4.3862982821525,2.84752292362803,2.0999970058302,0.474965589388979,6.01857422252864,5.95819099582774,4.5928924305766,5.61379298672542,0.920931007604426,3.58823144421962,0.131297915805211,1.59141347559333,2.23553054199743,6.09682386877478,0.938107553019344,2.01444504307041,5.75342285443558,1.26137184963485,1.78205706100674,2.55939910570308,1.81967267712814,1.097879017285,0.120017029728168,0.411992987447342,0.19917504277143,0.744954861217291,3.70263703326019,0.152605008954022,2.16345313291831,5.43554004972939,1.74313430563775,1.54006162193107,6.24519074114769,1.89532230101577,2.78068486348597,3.79808812232403,1.93131522207112,0.440844618307861,1.25188083797612,2.19352431226935,4.46479209820357,2.45068693927928,0.868316326483195
-1.38980339490167,4.2647435455841,5.38025190776207,5.41023301378405,3.3180267796479,2.97654661331974,3.60191393122441,5.10027408437335,4.7154600360322,2.51004927883899,5.00168215846961,2.11241332114528,0.931968025237654,5.79702242870429,1.46598205292825,1.01200136068446,1.39537314881254,1.98733978237036,2.94504732602513,6.20717813587296,1.35484913597904,1.86786431467471,0.160237628963282,4.50242241372583,2.1283357273717,5.51966244455336,6.01924690883444,5.04948149405237,5.26427929646588,2.0796419900078,4.8195437315359,0.300472420613815,5.98353482123694,6.184001680652,2.31454927499912,3.84505745670534,6.21197805932904,5.77475502931487,2.03553174029599,5.35452662938954,3.72932367702602,4.79905128772622,2.32386587902735,0.78729930590195,3.55038286278285,5.09703481070174,2.52909214638229,2.35122640722889,1.39693481093633,1.95726428155932,3.09246235074976
-1.3625731737181,3.25001691334685,4.5645506339813,3.4654674361602,1.19945924009758,5.6004215014751,5.41600077604592,4.84541798470811,0.202898761764987,2.08449159269893,0.104609854471761,4.54580030762923,5.90356236658891,3.57141659359645,3.92672885224679,0.0948809416120613,4.87542120273686,0.793658950189519,4.27384643483597,3.35944532446226,5.98510409053473,4.23494725000307,3.02923383177101,4.78198566807466,1.89635875799408,4.05459102448234,2.53797534337453,0.61345035650968,5.5139613752638,2.04117621513674,5.97840776881748,3.37666018809043,6.01356323656668,5.18807018102175,3.78935854928513,5.45621487114726,2.01529086719381,2.12399175451922,5.34684727938807,1.14780341107639,4.96461920061436,0.0772793863109177,5.64289656280047,2.00038260990791,4.33233857513125,2.77101907993015,6.00652820835237,1.6240395682239,2.47275217070473,5.28052437268136,2.68329287711882
7.85737824563632,2.00998769845554,0.904819109599202,3.10947396385459,1.80157109057583,6.09857864047378,5.43317607066589,5.0369473245939,3.65127747733424,1.58757851630902,1.09360850047511,1.29083898133345,3.26203294648,3.50921174422908,1.420764703387,4.60873490881084,4.378366549524,5.99743468470204,0.612086859805998,4.4164699815306,2.39859014871312,3.3823999852103,3.42513754524122,0.284314275379352,0.215879536706367,3.43294795222174,5.75429248755072,5.33836160551426,2.26485743251727,1.05090284083583,4.34830110773767,4.59595496765213,0.410006378342814,5.60439090439381,4.56727961988308,5.60552446694838,1.65294672121428,2.67477582365221,3.82821810513019,4.33496635050864,2.26043723724411,1.14286720509788,0.83602623541415,0.545401506367645,1.81249024675109,4.89594170092655,2.28976165982116,4.66742413489268,1.82600967690676,2.39102445574307,3.6732453735053
1.56085447663962,2.38977579079402,4.41246984855472,0.706501763994302,4.39628278874442,2.10344612339693,6.10261745592951,1.94244685100529,5.24009253977895,2.2974916618982,2.06582472874912,4.17386613969537,5.90620788131093,3.65395561366651,5.32313392152868,0.137544521875713,3.01868023249124,1.8134492992709,5.07870648062465,2.62680226915539,4.1332142488038,5.45498736145655,6.03491564799175,2.44674421120883,2.36412364808503,0.228884220117916,1.3965582455823,1.55823510798114,0.476235940635637,5.62089253840453,5.8806412885883,2.797757528551,4.9227738670054,3.90338131021938,1.81617954474515,2.58761583743179,5.00409575825144,3.23245170717122,3.81658360249502,6.1479914064624,3.43818125784421,0.637883437879877,2.91843464593447,4.91744601152454,0.872240893888609,3.10500289121647,3.27052017543572,6.0590101852488,2.94693092521602,6.04084423322684,0.63492228687891
7.73969266489983,1.3619538137231,2.96742362942512,3.88160839323285,4.50828238956592,2.48661081937879,5.63194436223164,4.03526596150447,4.98566366193208,2.81072217774639,5.02924686468455,3.99125393942709,4.7232637823467,1.8870493690778,0.596952998608505,0.794242388252056,1.19188949338153,1.015375104323,2.80695882976499,2.26811453038276,3.41505595062806,4.81828031013218,4.43738403686781,4.85223612068799,2.48965792998318,6.07259636396767,2.53254774613903,2.40241905005366,0.611322346132364,5.2489978604813,4.80990625251907,0.0191831906454613,2.76526450294892,3.48414315807899,5.77380092438399,5.69124998006867,2.5463813759881,2.84450262099744,4.64630405533945,5.87698064623356,2.47532418695953,5.83374810787052,4.90385232949884,2.8049880113982,1.58604420197582,0.605371271457645,3.07279252771982,5.9931451719009,2.85430139112127,0.568669502224496,6.21835767976298
7.81493762999284,2.54735162129414,2.52935999351634,3.62523580781704,6.04291524831578,3.61115578452755,5.05360669189485,5.42821585381294,6.04508041242356,5.28861047827726,1.98525342858535,1.18455108521595,1.19561456557431,3.3453412712804,3.65161096267668,4.38651581075629,4.24699954448666,1.58564857041046,3.38729566250634,0.404594691804347,5.93259335413178,5.51447482293667,0.998261446830474,0.958683023281697,1.04659971704488,5.49764492620106,0.819138926458519,5.43319740293732,5.02724268739681,5.02135303333765,6.25083824861762,0.203897158003626,1.67503147674442,4.03165409722726,3.61972657390104,1.19705946342868,1.55668101060675,2.65542184902434,2.35973569113758,5.98446933038013,5.29227144101105,3.27187571093922,0.548860412319247,0.57250329702601,4.43377162399631,1.08205227419762,2.64608394344595,2.57432183417462,5.27577118214333,6.16795845933601,1.63677617921202
4.65951914932775,5.20637536334607,3.02229632606462,2.59475062788159,4.69751479446086,3.35158789490592,4.56911338038085,3.93689686581965,5.87816514613274,5.90467713210908,2.19692626682013,5.08692137421366,4.50848595169081,1.99048808448121,0.98896923403537,6.03426429395738,3.28066390895723,0.104411547148608,1.25406722756231,5.55655739797055,5.65264968402854,1.61470955069979,3.27115356776191,1.12988403535961,4.50328550759716,5.08653822719119,5.59988447009987,5.89132923202404,2.29111107154958,1.04789454144809,1.06459332707668,0.834877606266278,0.648181099641681,2.40877275489383,5.37995803385247,6.04877143666096,5.52820037093512,2.19109199591361,1.70691019963833,5.48539432732016,6.02306493484198,0.674366809535891,2.55703022732693,0.150801952180899,0.118774645086432,4.2433856218837,1.39881157683687,6.1727463034775,1.58957580325261,1.18495202278518,4.00604173564959
1.68049636363258,2.31406398849927,3.36691341738974,4.3437440652557,1.60282965087142,6.24292809841954,0.586432243302532,2.88753071070723,6.10947164406253,4.85953152198788,0.210856193475387,4.15819875666312,1.67996970593864,5.53432075204499,3.81597956800885,1.16755252426622,2.59062937552918,4.90865750044207,0.439983810977495,3.74271439526032,5.72106460455031,6.07262891974661,4.53925316405727,3.11129739176196,0.467627944866632,3.72044282948021,5.84857923572653,4.14278835274651,2.95560009436743,1.83718429368869,2.18933744072649,6.17343584113666,2.7901504832756,3.88275112096919,1.32166267842987,1.15115156388896,2.7398438699518,2.83982998458053,2.33519387984406,3.90131209598258,1.89259824807374,5.55353305476023,0.583347177288578,3.99677287248995,4.43343851023507,2.56440508848522,1.30673367403977,3.39613915005024,1.36581400834427,0.941734248360048,1.76899862120745
4.65666731335415,4.68737458949776,0.858999333318747,0.726932926165644,3.86725527239632,5.28983638753559,5.32248618967947,1.19361555092447,3.392184471402,4.10764021714273,2.52459454957647,0.893043349057223,2.69308129124556,2.4287946013641,4.32006879739433,2.16009601388083,5.22960741676863,4.67570166039341,3.1690882135188,5.72247736355739,0.271221705701272,4.01671031736456,2.56119093457995,2.92051582830407,3.81187866777275,1.0721317483279,3.54189385345582,1.24867615061374,5.44819826293763,2.61673197265855,0.327537471547537,1.56531615959822,4.64974583490909,4.90129902396627,4.98258175728409,0.506684171029506,0.237470308688683,0.44056284858245,1.95521548234432,4.97794679247063,1.99348683686557,0.612123102138494,2.48344739215792,4.79766785583787,4.12978329775377,5.11681835659441,2.67792179826039,5.51689397595553,1.8908796909118,5.38317143728076,1.00993977410254
1.60333603303932,2.33406297833747,5.59391535033065,0.0981186689792592,0.328721724213557,0.828643167285442,6.08265296316254,3.84743893373199,3.95891671167462,2.97270371770485,3.20212894979809,3.03917984313659,3.49452194303704,4.70489065332927,5.92755683293475,2.22411414142995,0.250680085900355,2.71118186399564,5.99012224333236,5.25618014017779,5.83564600708564,6.11888044265105,1.12886085143703,3.73559828773731,2.82330837734927,3.64372328582613,4.6582887732482,2.05981229197557,1.44148728322848,2.36085949456564,4.39680519386469,3.1684179059178,5.98277054601895,1.03844867251545,1.20324342003244,3.08739965063369,5.2994305100493,5.08543798405879,4.45841111725582,5.48528555350929,0.0876292230460182,1.33163232469994,3.12176021258616,3.78676661978944,1.17419575668638,4.99267925381678,1.65197933591309,3.76641929891614,5.20564729096179,0.471691739648568,1.83892364623113
7.82611891748722,1.86055656634623,4.77044224525619,3.20543201986422,0.345484815332159,3.62910946128454,1.86639654263325,3.80584078646504,3.49866729989065,2.01335936036165,0.28225508359432,5.00018556401616,0.083433483293759,2.59766805811284,0.0907991748815217,6.20859967970311,6.08898859950151,1.61312354561917,0.440031763969215,0.160307451117369,2.34236233935346,3.08155914915908,0.928753302257253,2.02002004393157,3.95177912997712,4.83497040895322,1.72913619698319,3.36978715610963,4.3651158106061,5.81569117689258,4.57251893224719,3.75648457250062,1.28064362874752,3.87765613425111,5.92093608117672,2.62908021985832,5.3993168843863,3.66537646589371,1.99974530135002,0.959205027562414,0.0519568141755745,2.73927100000947,2.55725295075283,2.34931101882813,4.30456192865958,4.12237817028334,2.16715009367728,3.67614960090088,4.42826499261158,3.30111168402628,2.31951828984139
4.31575044680618,2.57068424009423,6.02718915984393,1.65902945705322,3.97671599937211,4.07037998771032,3.31903197991853,2.10778093691931,0.780372099138841,6.15613263042277,3.65093557289827,4.7406210303286,5.70737372332158,3.91423207790026,0.65568825394479,2.67706724636774,2.58449178903978,1.85131541085501,0.112346762985056,5.52161468386054,0.42565794284187,5.36078878189047,2.55685245937361,2.82765146806214,3.65306704161392,5.57232344019807,2.37499182156522,0.699251915037564,3.34256332736218,3.75009270744235,4.49175273335939,0.644746581997378,3.16000857734979,0.89126942483473,3.04579014527078,4.86157704426638,1.4667943572097,3.22804592749281,0.719250882931994,1.09994605323677,5.53855735987672,0.125351820903634,1.51891524349953,3.77278111709997,1.55583191393561,1.21447316395635,1.30091730925055,1.16453933726918,4.05960680150102,5.86147668577995,2.17465745717768
7.75388653993035,0.591017830242062,0.237860139783856,0.767375489572171,1.18395671622952,1.11760168237888,3.4037447119267,5.22672065222616,4.37933026582665,5.5461973295864,1.57057655992644,1.05044110439123,1.647317827914,1.25662839042788,4.99784398515428,2.36963308973539,4.14914265153142,4.11008095259201,6.25219408401932,2.80030702025613,0.946372115602978,5.13614923613456,5.51312141597898,0.359295099934518,5.05842376513957,2.43892192094475,4.72466149816717,0.464777166645991,3.91128400538692,5.39019465096866,0.905885707078697,5.02512511055123,1.18573289773461,1.07837242080267,5.33374607995624,5.33496596491792,4.78604540325892,0.100305639343925,0.398297430732433,4.55747285637488,2.21234765139984,2.04211930283155,5.07598205024976,4.56029515304343,5.21037710992059,4.66074720415457,3.10478189842266,2.56799533668489,2.73655070676691,5.21372478435895,2.52245084793984
-1.49353145970501,5.89068810232413,0.604375818610181,4.80730667781349,4.00697270599396,2.55865578532366,5.81054277318376,2.83642663879465,2.13944384136066,4.31102979670081,1.65986014290033,0.471714615298574,1.56835889022588,2.97273853808097,5.49476063399014,3.08731322582233,5.02225268992053,0.883786136577166,5.27330919342019,5.85065626048295,4.25334933602096,0.759909734387786,4.79485399142912,4.34607547829984,4.62384048302435,4.01541006992403,1.59214454549675,2.03684807983538,3.86061688808668,2.02686115942863,1.80637174110219,4.77858364037798,3.41856305680453,1.4796155658245,3.55939766534842,0.804782315099459,2.5073988867481,6.06408872730474,1.05457280490457,1.65674893600322,0.505735154127714,2.29981002278724,0.857617485770678,1.02031692059234,4.30560362142169,0.474841200390536,4.63571324527541,0.539045196070379,0.251187815026454,2.11603732179088,4.60027711961854
-1.38686555385433,3.83992948118458,4.07367227607021,4.41467966677394,2.3496607308579,4.67856081089422,4.64580186774703,1.40950355792652,2.43475809182456,5.47409377230954,3.6292902589412,4.3415752336123,0.61402076874964,3.58616006047531,2.00924682553807,1.92292404539064,3.67777042635762,1.75163712491144,1.48233333114462,5.50593863742743,2.56438600033012,0.112540112478839,1.94640025984063,1.98703162599155,4.67332885408222,4.74398351827544,4.64512962763125,2.11740821061962,3.01646395695161,3.36948360792277,2.01873628211488,5.16788522503731,4.10187136939563,1.50494738067626,1.52293893969691,1.24661459182726,0.0884215219227323,3.39516608716398,4.71700520668047,5.62065947214781,2.47025908473198,3.5979074199257,4.37268923070945,0.361514630466873,1.61095688348328,3.96400538443826,5.80319844312579,5.98763033939742,3.97156106373406,5.94317332397285,5.46086513223216
7.84521836145326,2.20469098686902,2.52702330080085,5.70433430327753,3.34253605271751,0.415849713489748,3.40056750109169,5.79209955868699,3.64304652383056,0.077969258978312,3.59672019168431,0.650846173578422,4.57688160265564,4.34980828932926,1.27655572068688,2.7073521697535,6.19465125906112,0.83242058122418,1.03299730139824,0.216397513573611,0.91647851402591,2.75912720172854,0.361463605347186,2.76793242518716,4.2043144242172,5.78618099151491,3.67398643660212,0.0369112532504276,1.34505959540538,3.36234848100181,0.846821203010737,3.18216345639515,2.42751062742429,4.48127234581489,3.61304013126958,1.31687204011484,4.29752821560862,3.5143628016713,3.0882073876849,6.10471530093604,3.96611528974143,4.49603194721725,2.346253814089,5.06807569193535,4.19543547407615,0.70961141288366,3.77737838397745,2.58107219023405,6.00857726650387,4.46882594851534,5.27506436010707
7.78965777365011,1.06825329210034,2.75326676506926,6.2375484249174,1.61238673961396,1.59129753348387,2.41862024750428,2.8570816742455,5.25157881370265,2.44710291140727,1.17867865994301,5.35321046393739,3.63116416776274,2.05432277088069,2.22379045178697,2.93494505599075,3.67566989543351,3.81050869911948,1.15925406294486,5.07932873136675,4.79476302718295,6.19937501861323,4.82551910820575,0.39793081468426,4.83640985597482,5.06946971681351,0.531685362006605,1.977385373855,2.86758754582294,0.426240956658164,3.51467479528423,4.88723498159388,1.30179228347959,1.22708022915979,5.33150778311076,4.40093016349194,3.9167037277344,4.40616703863453,1.00975094502562,5.78221406677943,2.69738427459637,3.89848686908911,3.26750688457149,4.88409686870746,4.23720647535459,0.897288797302897,5.69585957641972,0.717076141099553,2.9382885464834,2.13006878790348,2.00980358143776
4.68558780509933,4.14218896887691,1.60428117574469,4.38342400800458,2.47570877641923,2.17028535241053,2.30126118924558,2.15106765006467,3.72600083415913,1.60017913882124,2.75462009156646,5.28661623712911,1.60785517531326,0.816182063270442,1.63886820765625,5.44813052105306,3.29078483997463,1.14564861759488,6.25351513708077,3.58579735334425,1.94895815162138,5.1985745004431,2.93846975375713,5.72584732262686,3.39450350377043,4.28550695839501,2.11268926991966,6.24789566936166,5.97755360020936,3.20941940497195,1.59730437313286,0.773231465794229,5.73182380818861,0.503243926060923,5.96148233767962,3.987934850408,4.9249164012334,5.35002948169957,5.7023937512229,2.11243436961061,2.32556557771234,5.21422158987576,2.21552594772006,0.716981026554793,4.11905110982364,0.0447935568028665,2.71706914520167,1.69196561809653,4.58613930228741,0.91555664156908,5.81835697058502
-1.57160947407981,4.05141334843938,1.62951998557957,2.28389306739359,5.20125433522326,2.80708203818854,4.84972923062024,4.49223036879768,3.74279309732715,3.70310691376974,5.65318759461753,1.75744159178793,4.86732410770035,2.14466327998266,0.307944301036198,3.7039179087395,0.285073643970102,2.49960016116844,1.12975722084299,5.85283510726352,0.961157506788153,4.01887531762551,5.85813714370319,4.72282798929131,3.71348844462503,1.33777065142589,4.78046021317334,2.41921668213103,1.47752285858627,4.56431885948124,6.08995647926902,3.16169182990973,3.35274196757197,1.96522055171276,0.273478900522497,1.47945787934765,1.99863975221375,4.13374947932687,6.06701362719571,0.0251692056555852,4.53210448027447,1.70223381083654,3.07384314867097,0.693575778260827,5.48637642811431,3.8026535721962,0.871477276983757,2.88761104392772,5.86718437623674,5.41500517690665,2.46062533761917
7.78743128726224,1.49678730701644,0.708654044182554,1.7123868865529,2.31725773469733,3.09713306489232,5.62676679963966,4.11302017883972,3.66582585969848,1.79241251973602,5.25787283002226,0.924377935182795,5.45727297053563,4.87516156696199,5.58587921655342,0.555053384887127,1.90816318587874,2.46190494035976,4.55891877973482,4.16505899542531,0.765709467261368,5.57204637229136,5.90860099146215,2.19805511731556,4.5767095620266,3.36247780003418,5.33228592386631,2.95607847735686,1.49496870673873,3.82116336848352,2.6014289586323,0.273386252457619,3.46513127806644,2.58072800218295,5.05347893379607,1.69669013397729,3.34187275541994,2.12324100690471,5.38770523984612,2.01157604420509,1.69023401316823,1.23079535789838,0.928459214761614,4.87710115202778,1.55056971421815,1.22240260419222,2.3664941707811,2.10530858781034,3.19838642645554,0.919931481993029,5.6142454482694
1.61312402327305,2.07387130044684,6.26044027674063,4.43670802388629,1.77097305883356,1.24951158363002,6.11313615583559,4.05754243537474,5.40925674271844,4.66838856363643,0.638706512164225,1.63288693250071,0.385562371900401,2.84066786944751,1.32574137595828,2.3557778701413,0.253246943906009,1.05693527862536,2.76975096987399,2.53112531285469,4.04317362181598,4.69712901126001,5.62442787743702,1.67547175071789,2.51039299436755,3.31758619992456,4.75594829661077,4.67895383992831,6.26179910527272,1.53019831371327,1.31279109408135,4.81162224225979,0.395338725730493,2.40988366708778,5.73840758030343,0.993886233362414,0.0404620962887215,0.758088443803723,5.55848595702278,0.880398296260018,2.9942897907943,5.79652491367222,2.17197075399713,0.651593625238498,1.80404199285883,3.70109941419504,2.7403201463392,5.94623431766981,4.00874492299105,3.35092635603589,1.14177478272553
4.66607542208566,4.00432384265245,6.13692431415929,1.15060415310997,0.827222332970561,0.542890305080317,3.81197343268009,0.884967808655694,4.32921739552159,3.58760604088906,5.92750084120818,1.64515956731664,5.41034556777523,4.44425132104347,4.40680713551427,2.91088489730856,5.20208467289588,3.54770052348694,4.16863939964924,1.22305424788436,2.63364347974213,1.70413823320338,4.35064632195096,6.17815778374452,5.79052758591659,0.0483221415425843,2.08008207819067,1.51631525771397,2.63706230612711,1.88130316437674,3.06263439908442,5.65833178658521,3.12373825923117,0.898451037440579,0.483340638860549,0.309441555265703,5.00369107414901,2.62587253205096,2.28705252571771,3.87753073291335,2.13635661754254,2.32605460781955,1.5403872660326,2.70895613800521,4.43720360055191,4.41893126659014,2.69340274701262,1.84747092797401,1.59946041887224,2.99078501943507,4.97365802722063
3.10465417445316,2.51583111437279,6.13347754018732,5.24548481924617,3.78776085695198,3.7204747503527,4.44677082585382,2.01967454071712,2.05045523972535,5.162659845505,0.972032917324084,3.79284713199289,3.97761339574656,5.10399667399415,0.294983620737554,5.46100623214382,0.42098942015059,0.66942683654333,4.91668147590714,3.60502835361546,3.15367721858329,2.05864584594841,4.83678669489453,2.14687817013887,5.52857264555043,0.769890803122219,5.90374204657616,5.31776454258106,0.866002180261145,2.30382720607334,6.12860952813508,1.56630632107099,1.74758696891476,3.64259161628755,5.91539541500287,3.83911630792979,5.6435115091926,3.603035600255,1.50601523333947,1.34529677685065,6.1261636066412,5.39827641608662,0.236556624184342,0.781543014380732,4.6637895602752,1.51644383504688,5.08037857111965,0.485746426659839,4.57602424634902,0.818570610580167,2.23502323711757
-1.53664982431637,2.69094347346543,0.062914910304263,1.70151211092341,6.14978551602854,6.23015275228652,4.06529262864711,5.70510747450036,5.5836977687045,0.873175319645478,5.1560101118769,0.17005449099499,3.0176769486433,3.36609839354358,0.928116333096359,2.5918785481108,5.81833404958455,3.0325823985894,5.63961087951571,2.81752739615963,5.63475279775139,4.99712342778018,3.25552662856289,5.41403399533304,4.66646163281203,2.31641781344838,3.50418111712898,2.21629714985516,3.69938698080817,0.539623266686483,5.86365406964244,2.94039524653306,1.12103216236928,3.08544653796443,0.956213406903691,2.18630889308961,4.88979096865529,5.08574179995966,5.07135040187159,3.66161495387449,4.51569341698496,6.21092184564207,0.644613001484642,0.587932277076388,2.97068887574431,2.45529982865892,3.1542351009299,5.2280980554291,4.92620074968024,3.59404035544123,3.65105641870912
-1.54823736781492,5.78964331191731,1.2855046846243,0.0767158190646512,0.514276394018925,3.97491660574586,3.96462653360305,4.41771640821498,4.07181123507609,2.49938576467225,5.07002577929003,0.667226326871841,4.65317563903135,2.19091175709165,2.71884470789241,1.60597804953486,5.04141954123396,0.171576529982594,2.88017203966333,5.58021897438161,6.21448838725427,3.86112138416383,5.10352182248896,1.18371500120112,0.588883488355299,0.983844430121002,3.05340960194316,1.03018746001421,6.10702365253957,6.06178266370508,1.24217906809846,1.1323179419073,1.20269335844588,3.47727587682916,5.93654509962928,2.67606967521489,1.40438609054632,2.02679777557701,5.33415101129183,6.18571518928365,2.14934962833074,3.69022478046861,2.95839531388526,5.58220835279007,2.31028534863518,3.97305038455882,4.80046460264217,5.46406648706715,2.29711276611567,6.2831734297477,1.26877831567532
1.65150285413328,0.419974718227039,3.81300182605394,1.07049975934329,4.54794110098472,0.0693162667750259,4.40242333471709,0.617675471656971,2.12386506873939,1.03434579587702,2.79196426177533,0.220611327678739,1.90877026323452,0.235363340925019,6.01343525610435,4.61501859254006,1.29331496725677,1.75679001831585,2.61495417755482,3.93507524900486,5.56459208638472,2.96203616149546,4.23163865595828,1.62452496736844,5.55341920462363,5.09057713042201,0.216384710114581,3.69050819012518,6.12737732686609,6.12548571380996,6.13456055745934,1.91275841491133,1.59348439266677,0.409781353746779,2.97286331621563,2.65700834857127,4.17527960382896,5.69684293678634,2.84848596113669,2.27109403222811,1.49104215854223,3.73722518722992,1.25444212811556,3.76507121405442,2.54146099293154,2.99520898172229,1.43180815932269,3.85251876023001,6.22153297124947,0.0564561079663634,0.241687254901419
7.78702438232027,1.54607174583114,5.23078660042351,2.61239267675517,5.21921175997637,1.61718353096243,4.87999527504819,4.94178486634126,3.23734716210371,0.96684515234142,6.06443528089438,4.15414142359034,3.98489715075562,2.39755245995779,4.97264571277938,0.994486850471956,4.44468516110322,3.61679085865672,2.36360489879704,1.61497495914941,1.25596205903822,5.24490285580506,5.34192302398735,3.73032888314831,4.80236192107881,2.80692944120369,3.4279641399631,6.09034845500209,1.28532885064868,0.33345590705699,3.00702457313481,0.175082897385442,2.03771372064708,1.16919098227458,0.0372314040945667,0.804397115602925,2.62188530786422,4.53451942740386,0.726573452083534,5.99126154637748,1.65453993409228,5.91329113754556,3.90617529210851,5.04233101526908,3.00001758320841,4.05811799269758,1.2146690764826,3.12832330781685,3.14800335371833,3.37928972628411,5.1166065480003
2.33847799274418,2.82830272700683,1.03334953842461,3.98289603681833,2.41360198645071,0.784238531642703,0.313013670595788,1.90688161990208,2.292558182799,3.07818558253363,4.8018974811616,0.442202207748339,4.08813730136229,0.030577116402489,4.72860844090461,5.58511064767087,0.0384954062767598,5.82540157652399,2.84476492074614,3.06813143957822,2.26957907376401,0.255768331491922,4.8442512183019,4.89276165203046,5.50057234669988,5.93535616708832,2.23739299470749,1.65214815519652,3.15954342645439,1.84774508759957,1.63443768271854,3.36770014254857,5.94913750346773,4.02254598096908,1.23540258578506,5.00786103874763,4.42215269997577,0.674283664586855,0.130197233797387,2.33993871126819,1.77470777019357,4.19190100109116,5.80042988236412,1.3210904199873,2.11318681567301,0.345246519143309,5.33522784334621,5.1417167015047,3.04111402125716,1.28509558982385,0.219057615051801
-1.50718511680347,3.14072358077228,4.78698988657759,3.87399052382658,1.76728992411336,1.90423418290571,1.01851131834176,2.8763214856723,2.42780993461163,1.95563229696346,2.93729033749828,1.05521663661417,1.9768461919902,0.0973517531941384,4.3439745977383,5.26890946144512,4.23492232041608,3.36757565846045,4.66873173495947,1.59874069536144,0.525019249547693,2.00522805644878,4.52493601198757,0.168639341579765,3.9417899947124,1.17428099507118,1.80648978981368,1.280748034285,5.12454092558469,0.644277706512546,0.336820249983948,4.14836744831538,0.945407970665328,4.5618557779583,0.924088744073967,5.89804656563366,3.55475250253303,5.40422627215058,3.58267924586256,2.86715638729203,1.05949530334067,5.32807120128905,2.09766962897704,6.01646564409217,2.03904081994895,4.22494760220903,1.11298518544325,4.49321475320695,4.97441835841147,4.51871029199848,5.22599174451565
4.65178710011383,5.33020157866782,1.95277131927797,1.30007145586879,3.42542194236751,2.24644347930793,2.37311766989928,3.67799300934339,5.10368638029203,0.166299718639364,2.0978450942973,1.68531325267881,0.71181910402,3.25057809749956,4.90061202739582,2.98706827270908,4.67067397668449,1.02840213088237,3.60142699162713,4.66593955977416,0.67110518393895,4.60706896696053,6.10016769427568,1.26987571782081,4.24605813622179,0.941055698678587,0.0947834410479143,1.4554726527924,1.89075210543735,2.83508973208998,3.52385560979343,0.153366418315493,2.03847967822086,4.85184982985457,1.66842255853074,0.880276436646933,2.02636002367432,0.456826612113482,0.226178166919939,2.99105679304125,2.5963399815817,0.743182319452383,5.4148218718084,0.101734696721329,0.762525654277064,4.87943445662499,4.83821275914155,4.14252766659646,2.86607860726673,1.42051499936297,0.182654683409294
7.73793009798321,2.41117325131843,3.45188493521738,6.0507374127689,1.1660689922083,1.2497645441097,3.35613287562833,3.46494616333853,4.03895133595226,4.20203667247113,2.47500354164908,5.02777402216903,4.18558068443032,4.01874519398819,2.24658504442754,1.76679808520344,6.11470614781491,4.658993478442,5.88977077369085,5.54553900621031,5.25682057938037,2.49865382286966,5.3458284491097,3.75915066609126,2.2171463196722,1.75739531822617,4.52234505094364,5.57025333943292,3.3411855247826,5.49511960775427,6.11812839157653,2.87427997325226,4.01264342119629,5.47389253915023,1.6582371581765,1.06495699241909,5.57377354457788,3.24636210218358,6.20119487407466,4.9442209540998,3.44852290077515,5.93091786820393,3.69932849188044,2.40047473829956,6.13533387936273,3.64292574385102,0.661661543030543,6.05428690407089,6.01780826202903,2.29341897111143,4.47687137182238
4.65110961494239,4.67998595057701,4.5494734228235,4.25877655289776,6.0230104309031,1.97627854027666,1.81482209720773,2.52463720973058,4.85708588868886,6.2713754884418,3.98004320319779,3.86864641093711,3.90049851749949,2.6236518677571,4.62028370785324,1.44751815862151,3.52002959625318,0.308722013156743,1.03866513904072,2.59027379427208,3.61826629931475,5.72485550659374,5.2571588221324,5.76081199074849,3.58113432098452,2.97498614201127,0.515952921544454,0.902675802950448,3.040037506656,1.23626321463942,4.0272566883661,4.12523510446326,0.464216086360459,5.46421009588332,5.71950789733006,6.23710556011602,4.86609083557533,3.38922170826531,4.72643002422195,2.91161347439958,4.12220385920545,3.55409664856265,0.0884900303763844,2.11921753160796,4.98542013581109,1.52022980998222,4.62836817351798,1.52626098819928,4.62945849221413,2.95487523455125,2.65943241260612
7.7324258103955,5.86666880148098,3.20524810180329,5.806456028143,4.67096467752477,1.32844599403362,3.65081469197738,1.773086441493,3.35411970870899,4.80551754802048,4.22101695784192,1.47481475291423,3.91706275416357,2.22599938055201,0.801916891605926,6.0835052255884,3.58981277235114,4.55835364862912,3.9429178226281,0.690523120271083,0.489908313024826,3.31516395429688,4.0509373558581,1.30788927106646,6.17645011654476,4.5472191830968,3.8069145580948,1.55700504696131,2.66493658189973,4.86699631018341,3.35305321363376,3.93154310791129,0.0338596075999944,0.342301376854883,3.73381220227682,4.70562401855116,0.188929816382342,4.58538785686098,3.71640454067499,1.56570705862359,6.02012342351623,0.967811412658612,4.15863123620906,2.36991116559265,2.51458338276548,1.68349784595126,2.38207600382699,4.36987924449653,2.40754128362096,3.70852854083655,0.231962733721793
-1.571699427358,3.43871245802797,1.9583919222215,1.47488079635091,3.61169424517374,2.57552715286098,5.47831226482669,1.73497776492509,4.30454837179774,3.16875475158306,2.77854425738399,2.80600388804497,5.56915194205815,4.1602808036173,3.48269204721154,4.39704873461485,1.43598225081322,5.05693429070841,6.26115634734499,4.13281682808963,0.0733194543238557,0.365455003239215,3.09507209127307,4.6038160574295,6.17486618441905,2.86914969948719,2.65191399529672,5.50143105035404,3.65667839533273,2.90571897954449,3.20809304883247,0.888337365422687,5.64926477539923,3.02821544768265,0.647213771394291,1.26427044479583,6.05916059809695,2.14372180296065,5.09766383621746,3.46001164556748,0.677740676059545,0.265425846634764,3.90325639749626,3.94997587571005,1.16357713069798,4.8723962333976,5.15491399271056,2.03629407861044,3.84154907047554,3.6500474558132,2.96624639876589
-1.12966827950753,2.97810302503053,4.43251932662167,3.00729720839974,4.26781338262084,1.33046888643235,3.46520613704748,4.29661628660598,2.61754421110868,6.15249155020859,4.98193287119252,4.97386261046234,3.12035839328048,1.81934513123311,4.34496126429978,3.41169746522509,2.03923737177041,3.02933745025856,5.30243863973855,3.32740397628007,0.763005886394945,3.61909196150118,1.15755309152114,2.91080580317969,2.64855049939933,0.879146955633801,1.65916240119659,4.38377664587051,4.52038672443434,5.15092780426982,5.58427732564538,5.72007872650167,5.19682087420896,2.07368426783333,5.39060235307109,3.28145085062793,0.17626607041792,1.78094718017004,4.54850240070796,2.1498905305872,2.34911257837943,3.29980695859351,5.71660460181329,1.17953137587348,1.5506840456548,4.36314595922817,5.09097776077844,5.25737765127037,2.92070076894473,0.810105056218705,0.486821870404959
4.67052565226846,5.29131516657267,0.83603473496819,0.526289578850579,1.59773024028908,0.314893290649508,2.78962512598665,3.09691395048533,1.22485089561338,1.60285772134353,4.05246517629795,0.606345876259561,4.84403864752747,1.32170367378321,3.84622587035732,4.5068127757106,5.26298835318434,1.40400134309147,2.57291087016802,0.945606788546891,5.92093171436625,1.29043979926591,3.79897244313669,6.03974022308038,3.55541729054412,0.805759370289158,2.01316458305982,3.97635173715913,0.133590345008374,5.24180825302815,5.46254876222496,0.938634894025214,4.56649320486288,4.659617534425,0.140173523178455,2.12493772708849,0.846649522259545,3.518993619112,0.0596399999482443,4.26562805218735,3.24721867144027,1.62727256012528,5.80043107756819,4.54767098486473,5.65474363621006,3.61434636935964,2.8190604377541,1.74823787675911,3.38064811594077,0.579096880932388,4.22000667539388
4.72228560704267,5.45036745299596,3.47906028871136,4.90613428420856,2.95199749767625,6.08732422151063,5.50742369969766,3.83246105471178,3.6776993548715,5.52429322249528,4.79622735551525,3.75874231737904,4.38100026288587,4.40428688315279,1.85658292389093,4.81574929069364,3.78252506875753,5.49088472470296,1.75928008628861,4.17375631843516,3.07360616764548,4.66637140733949,4.06384108183008,1.8191479357277,3.77153967457748,4.8645673131888,3.80582003789792,1.74890145932571,2.0829552858713,5.76269328584341,4.91177529339637,5.52217788976604,5.98445823560942,5.29815070542602,1.82729833364734,1.43201867762305,0.453617964631864,1.73896174289662,3.58805086600067,5.12383929690761,3.09715668077888,3.11238877546248,5.34795343270951,4.29924984928729,0.570270209631814,5.4918463519586,5.9979519666832,6.10091122677822,0.525307118178577,0.176427844287879,3.43524192041472
7.89335456547973,2.88941449861456,1.66462175838359,3.0345809246246,5.26256421227145,4.792591723208,1.53229897776293,5.23562177435362,4.94600472229805,3.69393399316649,1.94169288643392,5.52428422993785,6.07768211089516,0.251237582036593,0.706713361928205,2.24350822049404,5.61422240730965,3.31492857077793,3.41553597501157,1.16892463316864,3.0625912927403,6.06876382727571,0.402320748034033,5.44889465583091,0.664680018476447,2.67715267785773,1.80451770163401,5.59077557118053,2.42177265456326,5.40745940302917,4.39749452232655,5.27086922892873,4.66998982110095,5.62458078163466,4.62068445816896,2.61300234055011,5.77312882763418,5.32534962945609,2.58527986886075,0.726655505695682,1.63179680544683,1.89573764832808,1.21673283257204,4.39892893544705,5.74710722496427,4.21789180348383,0.242507900741755,3.40756232392843,2.2432583701782,1.95884992822501,6.02200402957673
-1.56537648615027,5.61388088176946,5.99388021655275,2.6108934753817,1.62352771659465,4.96786897218611,4.69436281164812,3.86711550812886,3.49688232478498,3.89960608041733,3.66883776079053,3.04556705611536,1.04629521649835,3.7191047144052,6.07913802598558,5.47335812200961,6.00970626329112,1.77723748763502,1.14226602037613,5.6795040703701,3.14582669107445,4.29986511166973,4.83423364829847,3.19054698640282,0.919939367121476,5.56272063819139,6.16554988467778,4.37617746377979,3.14838674212228,1.44523830758799,4.88370082898796,2.63250509248373,3.96750236283288,5.89593553827233,0.912891993341499,2.14831433729814,3.43777563454837,5.15445231917144,2.90610330421602,2.16630536381661,3.60355690087212,1.35263439650339,6.07644936395773,2.56806000790442,3.69345826391046,3.06458960665238,4.96057029102388,1.97670200971014,6.12796199963149,4.05534104210073,4.50779062965357
-1.5396550381616,3.12323493641433,4.83142739837832,1.11807414640176,5.06319739410609,4.36112630134132,1.0601473098365,3.00693600953721,6.26844479539525,5.95114405799735,5.58928536090157,3.9546093746796,5.51408894318323,5.46356294188676,0.547590050832163,2.4098641195764,5.99024815815436,0.628296290559567,4.33735512018192,0.452990565881045,1.94759109417509,5.53414482005386,3.53492261432145,1.25762539104267,2.55710356194733,6.08998745509643,0.907393990247602,0.13506002030625,4.64897231697468,1.74060599991224,2.65791456487882,1.35684628540833,6.20540110880122,0.0896699952295139,5.93268524147926,3.16810652380463,0.85970835412088,4.53938525239357,4.69146221082645,4.95717252334465,5.1837513835265,1.52983931800537,3.90905671846291,4.90271290795736,0.074938066385545,0.242966503615835,1.61751203945756,0.2555759416724,5.96679156582457,5.42136520155292,3.3551487618589
-1.50900083185508,4.9486982953419,4.83210078103313,2.97892874865952,0.108126367211489,3.38863093220569,4.83467086769898,4.82756048603733,1.68063100196427,0.861763184947118,3.12454643808364,2.39867671396463,4.31014153624977,2.82254907020108,3.45924033225062,1.94454246067298,2.46137074411977,4.90763488120587,2.12800047043547,2.8550373003577,3.89451640262896,0.475454759936325,4.19550827765728,5.19262894096954,3.35325810993994,4.17853733074922,4.15316087202643,2.32852725975257,2.17709027970307,1.24128142302794,4.96319061429658,1.40492862834519,1.80620298765008,5.79165341256036,5.41874805573829,0.26658290365369,5.30990447684635,3.15204995774991,3.11484442243574,5.97111807143518,1.35946079504458,5.54033807350201,4.22122989873462,3.13941172215096,6.02262812213269,6.10916077104485,0.724212318395695,2.98973819621926,2.79313256570845,1.33844700819315,1.83028586837587
4.40428586459956,5.46403386106814,0.371645781429976,1.88625693561263,1.83627672418192,1.53639913629956,3.06703278224902,4.70478831782087,0.342631368748941,4.29344333286258,4.56914148742591,5.2853819541277,0.978700387370974,1.98827422860808,4.86410538949068,3.3469554580149,3.24426163270202,1.07612810258638,1.35839278731205,0.149158049191455,1.84420872306151,2.72423977421858,0.742989474665338,1.74989889003841,2.99790769107151,2.94288182252036,0.191178404856506,2.72021456243807,1.87581825586257,3.65006840772593,0.761519870302124,4.50540084617807,0.703742049498259,4.2220790071091,4.42397117297962,4.76903817890834,2.44694768555864,1.87965748247891,3.2813814293134,5.92089509021214,2.62816383627013,3.79350060286972,4.25426894973228,3.04756845971043,0.174622038691685,1.73071287010939,1.05615773620332,5.35907099422343,4.74098457717465,1.56357146594187,4.00869613174727
1.64471481170823,2.17109141003178,2.89236380144201,2.47683648437565,2.38349116640848,1.6600099179162,5.37613474865444,0.102400466350449,1.31879377758006,1.8645276252882,1.36739633711176,3.5067474221516,3.86440156833952,6.04100291887673,2.70033689093326,1.31895946183005,5.05129431434075,3.30824733613483,0.181573412861464,2.31626781753188,4.61823354227276,4.34130751814087,2.98865509117216,4.96214139628387,5.17615475569074,3.98057526942905,5.89423724837745,0.62347881793821,2.68871481286135,0.477519905797939,1.6767048282748,1.57769893312759,1.86791351846139,0.873390279365128,3.86751604485854,1.19782378692296,3.80378912431936,0.257877348803816,4.11346248919515,3.5702034424467,2.44726290198009,3.61352009713637,4.50974045660883,2.8839208842749,5.56768685886013,5.32604794608664,1.77689634099061,4.93100353899284,2.72477487015319,2.41211500629487,0.6699235586738
7.85669408807555,1.19785092990501,1.22443512405483,5.1021599861973,5.92517372768028,3.51924193482678,4.72700262498736,1.79275277838916,0.72922374615892,5.6441340920171,3.50896413949249,5.98393180892735,0.787997338726391,0.677055101445468,4.54175936801644,1.28614444795872,2.76937661937793,5.39666764214901,5.09935701760241,0.820853387449844,5.45229117856686,1.30768606296774,3.62644529143117,0.75143801382662,4.94116356649591,4.94243075491368,5.57332633637272,0.985810112182407,5.97740665447705,3.83266490942029,6.17611966090567,0.363758451291017,6.09579679641595,3.86666031239099,5.34462448215964,4.95257380817828,5.85632168431059,5.45068606777612,1.76154145188928,2.84317643163062,5.63691991631772,2.75469201008215,6.1098602287515,1.78428024298262,3.83357280662071,3.87041787160556,5.06806691588979,4.27725684212741,5.18428447526334,5.17076189398212,4.22867735573966
-1.50553652815664,5.35077208524913,3.19400870993465,1.98971251407273,1.73020276813016,1.37284451175295,5.76961995864142,1.23877994575709,3.70696984112188,3.28744046441653,5.93137102170816,4.08341181849267,5.67964735149262,4.84331614154648,4.44571504811644,0.697695766652023,5.38006038106421,3.70161477243892,1.50939502029259,4.32657988296147,0.316551948630699,1.12023224754105,1.32987299015945,1.69831691058478,1.47236353126815,5.63346466327256,4.8928687727439,5.17187682773787,5.51916056563666,0.306745283138004,2.36338865024656,5.55888180217417,2.78073260289165,5.91466521407279,2.46838481018092,3.758688334239,5.7174419219939,6.18271859324054,3.81297633616933,3.18359302140513,4.34472107802077,1.2847816929545,3.27667313865705,2.48292312766877,1.23879430283512,1.14646065855107,0.904533056449654,5.21012445080204,1.3656136280662,2.65020177110714,3.45098689077022
-1.55619818974284,3.32690896722667,5.12978899936517,3.52411582049511,3.20675630012295,1.29945945579367,2.52333331523529,4.09046060984027,1.57690653769828,4.93392880461332,1.00981580203575,0.829770737727562,4.08838358800968,0.855680896761115,4.52963096960854,4.60655979832304,0.355086956099864,1.98172653497893,4.43628445058562,5.45743827150108,5.18341431696061,4.46364295849729,3.78243385142653,2.93512866976471,5.02786177969877,1.96454194497749,0.292474155933987,3.5323326305068,2.33874896388186,3.65132756033469,1.26554233649523,0.118654720913966,1.91557447954887,5.31843252560524,2.36197481306885,0.699969139884286,1.76807337672445,0.853104617563032,0.370505180776524,0.490711342405652,4.53187735053932,2.19813578847013,1.78232067738171,0.269434038826343,4.63753721446248,1.38366699830153,2.60487451106768,1.0903491584933,1.02842009112763,3.99842548715656,1.85080395128781
1.62000221842011,1.34769775896405,0.912325182805851,3.91320602080658,4.95629737795419,2.18364016624642,5.96413029693775,5.16450146626161,3.62185617008156,2.48116243992906,5.53669559181232,6.08342590617015,5.43808182454165,3.05655069186788,2.2070496072636,3.82220661047587,3.07337973425933,3.75643465627284,4.7126105071436,6.2448387455028,6.257025015487,3.31654972831707,0.34838127755858,3.07215802211297,2.57445044369172,3.87314207083939,5.7866660878354,0.406552311724217,3.37307498256937,5.85875627696686,4.94594831363983,0.503672738071236,0.792564665522456,4.27435266447104,3.51958374709892,1.19667169212216,0.660016910044978,5.13575045490658,0.40139809291603,5.79142237829685,3.88809992104818,2.74650879744707,0.355175339758541,0.419788030862189,3.83845188564822,4.70697471472165,2.58437514034089,4.07123586208093,0.102507357385747,3.04828238567688,1.63948656264751
7.8230739630268,2.89392803683869,2.48371663637874,3.06372501475294,0.610122773788218,4.07371182606048,4.79111307144479,1.29416706290998,6.08748760459048,2.00635607454383,1.90045173214002,6.24689258008183,0.311435737897129,2.72057415501654,0.952225473201674,1.53784223915344,1.5370570588361,0.779481165936468,0.140813674186171,6.18156687733553,1.25291190849006,1.46234948104562,0.809284556670177,3.01229445170927,4.83587733331312,2.61546110353889,2.30404028740617,4.49351251262697,0.0877409343963872,3.72617622340765,6.03498422520255,1.57996619136228,6.15962528296862,2.99491440122326,5.30553918196286,4.30493196062146,1.44516033405437,4.15494744463864,4.04057221114821,0.749592860122848,2.85841682398556,1.71193755272777,0.196337073861491,3.85578090955162,0.268296425451608,0.0168878165882041,3.66287497838243,1.6592802333962,5.14051782550956,5.97020796669138,2.20037806298986
-1.54413202152135,3.25902506548683,0.128470604253479,1.91388403235781,0.815890767022498,1.34135912364302,0.758183182378536,5.38044243528688,1.58943969628035,2.14942471991574,6.15074023538501,2.17062978330604,1.69267822451087,5.32619628305404,0.598174280656947,3.11396603229298,1.32370523829926,2.89048511034127,1.18955777605043,5.58351754451173,2.05436679447445,3.10536877141684,4.65198420051172,4.21942206699688,1.46065527269218,2.51760107408729,5.80923794973548,4.51305642522366,4.76137439581815,2.89152421227546,1.11690346961551,5.98728941511655,0.525044069415826,0.462268281157983,4.12128905995753,0.173369552600612,4.26864848062888,3.37943644087536,2.26966052757975,5.50982041740486,0.930216546567252,3.76797155593959,3.13761736827749,3.24612396691571,2.25626924027031,1.01978200752249,4.2285441936215,1.48229080850481,5.30098363019442,2.35594882089638,4.92148135840151
4.52933892430294,3.75197430536132,3.54931282013128,0.183646430685263,2.9755552244587,5.6328672163065,2.51957693074394,4.84843644991359,4.01682567138094,6.10666564869013,2.52200926611761,3.38045341763652,1.70379414463071,5.4974052212221,3.32597104802143,0.750280364325872,0.669135117512061,5.23391367559302,2.18795587991036,5.14035003904629,2.07836512584985,1.61224863868436,5.90015077140799,5.84649443117176,5.41075676625187,1.56687934023097,0.286091320006108,1.23067430874191,0.157337010586598,1.42697448342069,5.58767310521894,5.37909027034664,0.982363311877911,3.61188217894479,1.43345347256517,0.414785412791638,3.26167370207603,6.12142319615551,3.72298704443983,3.29135851159607,3.03659538915228,5.11464558238678,2.33777182530583,6.14855326355743,3.81946555403701,4.81876404155011,1.54895811831157,0.926237579090142,6.00867490604523,0.782924398183769,5.33402850653187
4.67690374876118,5.51798699227262,2.49796366932199,1.70808760584774,4.71299089071381,4.58375673977555,3.84898160279035,0.0966193842194596,1.7778036047475,4.21727508257208,3.18042976827151,1.63331102806313,5.53510374968856,1.49219477706771,2.51221780034376,1.3354252031457,4.48616511482979,3.09991905778583,2.85188543457841,2.10720744377388,3.97047165204712,5.22738336728233,0.403427135422366,3.97757507021871,0.647653065212642,0.839938378256316,5.76063436177238,5.15160146341614,0.452287158295581,1.8764675837554,0.324254708247269,3.04642310018446,2.34338947900652,4.86798344048992,1.06185709095289,4.0763726984965,1.92695468898598,4.04002536212976,1.9387875881823,4.51562809184105,4.38374105599948,0.981651751449991,3.05437042898261,1.62237623036777,2.56325760041345,5.8083726015074,0.880522552132917,1.98166581802697,3.33841423714163,4.87152164245309,5.871761485566
4.60226705068999,3.69841923709205,5.90220206197248,5.21400493317113,3.72014225686873,5.77963250205833,0.00625657000553973,2.6116351836254,5.48432215173403,1.83200105058581,2.59464932519336,4.21439547023609,1.75535177088707,0.703543938206128,3.78777979003776,5.80096597015719,2.4935529069446,6.14821832700026,2.03973365648838,3.30401351223621,0.064315262303116,5.71281047842425,5.04648416947606,2.54215122108803,1.60401987809488,5.67347070801634,5.89180781835908,2.33198982738813,2.04101530292552,4.8539878670724,5.16053871669432,5.90406976655844,4.37798659020002,3.73870082830772,5.72801257889847,2.1753093583434,0.4110191492145,0.168173413874863,4.67416103649453,3.5285410599098,4.55729308714962,5.96187863633562,0.264812076428771,1.2299365562287,0.92145158115126,4.62230921887534,0.100056265939379,2.18082176971746,0.91055059441855,5.63040637451113,5.17071893685564
4.68209384889439,5.47678130057588,0.501675887077234,2.32094724920328,4.98953484891969,2.26427519989923,3.64371241488188,5.53148013964208,2.61937782238881,3.66011874855725,5.21748822157836,2.98990743974893,5.31681624397205,2.73317568746381,1.19927387082192,1.20849520231025,6.19811967398023,2.27127757139326,2.46072972121288,3.07812126095152,5.33349631156381,1.1033254203324,4.11160637823497,1.28184688179355,4.17541406209255,5.0903815777736,5.28434803677518,1.16275660189109,2.30256560453971,3.81771698803651,1.15689716586778,0.628052322637324,3.89394760983932,2.81147683135217,3.09434709101676,5.79693253677707,6.22760399204043,2.33951941115123,0.451533347330614,5.23947686777945,1.04644869269697,1.05897105933237,3.00952719148177,4.4590308254463,1.86715615260549,3.44706509413165,1.4477277977081,1.29015100899664,3.15150347738681,0.848315756693469,2.4779389730873
7.77713758009216,2.8561598529908,2.70204205215436,3.89091467637404,2.45255958267668,3.71138041917159,1.91451318661033,3.35955086668709,0.145327364553778,1.16004165561411,4.9977289471282,1.91765254005128,2.18031068465729,5.2393982286181,4.6257854706466,5.35177734111064,2.19156293850169,6.01545996983609,2.77917934962099,4.12070510548491,0.369013411026897,3.97026893548888,1.79136901002965,2.80177234776148,5.98113649724569,0.0229413130834885,5.4011699539398,1.24729621948836,5.94864200872552,1.76642788061722,3.50557902459172,0.538584689939879,0.517836985943299,1.54972438456106,3.90965827915461,6.24109166078168,3.5939416187113,1.11923490606634,6.03611511207996,1.6364747785889,3.86893278739156,5.1834622187502,5.95003990887368,4.90553759649697,2.32616336553832,6.09282210757108,0.620156950837683,4.79291168387279,5.12303996870952,1.59387225321129,2.92713628162681
-1.46904941168397,3.82706743667451,1.26671931553256,0.354417874424213,4.90123230612435,2.01424605256451,3.73686405712454,0.126815700120079,4.34012705735851,1.23661311684854,2.83896182608681,0.485756226748052,6.10958149896986,2.68412962529845,0.614767968787806,5.59669652876075,5.66643143880252,5.79299985017632,0.070360004696614,1.11697297870513,4.20484272489733,1.580326993774,2.6299432610646,4.79254997737769,4.45308284484331,3.51985710797121,1.76806212981026,2.52345923737188,4.08634370089163,2.6156675637045,1.68691118200469,1.78091252510366,4.26259811038954,0.70199030165093,3.56139968775783,3.65893226201532,4.56266580593921,1.30640935241619,1.45795498924311,0.360414099139612,3.62684883592042,1.42384147465544,2.1760320428004,3.05641119531443,3.62086504893453,4.81534192652528,2.41575442902286,3.28244675259125,6.2746815501754,3.14019254443534,4.70026808967237
7.84490115518683,1.90595269179136,1.96861083364018,2.67612925840534,4.19145151804839,2.88602329797459,2.54492207570524,1.42152043077465,5.61881295646731,3.12120362345913,5.65999116432209,1.08563857690724,4.75982208759257,6.24616621346003,2.23655928939746,6.13445837702025,5.67161989135668,5.19692727662962,4.1745431255174,1.25043708851244,4.20575082544337,0.901852888124171,1.13264040855076,2.80702586798597,0.971422583512659,4.13615317222747,0.216979241484913,0.792871969020023,0.315740315828649,1.02682610290305,3.42721074885562,1.56133036907119,1.51128966012623,0.503071772787191,0.519760616424516,4.01591616350772,3.65533876613751,4.49825493023627,3.46165600937612,2.2587601040705,2.73224875477334,4.81596283723442,5.65722940320366,4.55971383328627,1.34344216245566,2.86960733829826,2.80228409113479,5.52187690314874,0.998074022154912,2.34728827418413,0.961480878977903
7.80697766669362,2.50477035796789,0.707076623505222,3.69202709261643,5.43713685407127,3.50431303284094,5.67057693317043,2.53457085797548,0.280733915042972,5.30391071568499,4.58518634721015,4.85836982605572,4.46369246657093,2.6579356586946,4.24984397656867,1.04050924236931,3.13513825170948,0.884792445739696,4.90482576250337,6.12290210392938,0.683966733982706,2.8337734993436,1.61401305247642,5.86097841734507,5.29950692557517,2.21242434488014,2.61154014368946,4.09317222212694,3.23939373475739,2.55286896270213,3.52537681052897,4.18215535391155,2.86028733298549,6.07748900863453,5.5519135488556,4.40120471371663,1.84689254429344,1.74149360936474,1.62609169996628,1.41812931644684,1.78654783037388,1.75750021530412,4.55575338342621,4.47904866498395,2.2356424318238,4.06951932374593,1.24393185169179,4.14221508050171,1.24672251568272,4.9200192376126,0.340869458009715
1.60861183658184,0.496320625289085,2.51632540220758,2.42255509337212,4.8718068588135,2.42647740349494,4.51356766974191,2.2505499766686,2.20364336343702,1.22948071534396,1.73836720567462,0.0191482605504827,3.13828152577089,0.444223404625016,4.34885213192432,0.234057723112225,2.64600453040093,5.0390825837303,4.56711446520944,5.6273540164196,0.320609460179484,1.41494477931808,4.24324964949991,5.06755746637203,4.64574523233651,5.71863572605205,3.62550959586141,4.70635510308377,0.578009707510109,0.974825360223396,0.41757796248397,4.54780898192715,5.03097058594732,1.39119992629536,2.57228793916902,0.0594785801044599,5.08159766317973,4.25893233465526,1.05365849280837,5.09066509861195,2.60225348705722,5.09939567521265,2.60923500026527,4.05670004618299,2.87215507157586,2.29571555353902,5.16633757327998,5.59181506517677,4.17625176116893,0.108043193004092,3.14557753857053
7.76538325191804,2.48002763681996,4.12050902472307,2.34485988722635,2.53623500336238,1.12549332373741,2.70804061314993,5.36023218398593,0.310418285687589,5.57561667214011,0.937650967509297,4.46714029969559,3.73878005995089,3.41471940924976,1.82200219423045,2.30656402590144,3.19486992834499,4.04244589029161,0.562450842278063,5.86754033785254,1.40380276512847,4.0591383561141,0.518996828358248,3.49908653856505,3.95512121753134,1.38121460632099,1.18312367654722,0.175998230598459,1.91402036461946,6.22170221185331,2.69286347005814,0.799104207772068,4.06081866235703,3.29479851518317,4.51624109401505,0.497116498074666,3.66545976298622,5.71293431882842,2.14153194040694,1.26099878504378,5.96560869561613,2.37335407160922,2.03649413997237,0.375949317763824,5.5333167440526,2.67490757698027,5.75326378257532,3.65594083885054,5.71205500558435,0.0060877843692262,0.560007814436147
4.61636966585918,4.60130019235934,4.64048167503108,5.47085253247604,1.58389706101878,1.83935640226859,6.27636305747407,1.77465982012768,4.44312524570363,5.42706367123706,2.8982029014411,4.54829143768051,1.04071145568373,1.68754923372496,0.157568979654755,4.54208083548685,3.14209193728982,1.97070951251001,1.39430513522835,5.46633317330087,4.950177788283,4.36442380354123,4.47361174457153,0.619818806101168,4.05286794544061,0.54896979031528,3.06975582724049,0.540804833434909,5.80959780271338,1.10077481095785,1.24566018992402,3.93220476527769,2.79334215651875,1.3030160627292,4.8356618015925,4.62139458493716,5.14312830188066,3.92666170284403,3.67891189598442,5.06779838703591,0.443130414640453,0.850259720273069,3.41212152860331,4.14191439378261,1.35630661054013,4.15918492290661,4.85671342682005,4.06977652815095,0.0365899818110397,6.14977014514829,5.88344309708915
1.59968557874003,6.24863266993498,1.58023218936788,1.46895277287637,5.68656927565854,4.12663041670933,3.21448567753397,0.0254113537077378,3.60486874779009,4.64017737051557,5.75913793848035,4.24954726167216,1.39717199969619,1.9330792247832,1.38240471212224,1.71930669533928,4.00646601261386,2.16545792170581,5.02212812098316,4.04439193706656,5.42785633438037,3.99508550913021,3.62931480524365,5.30423840787183,5.65510832120636,5.42896936926846,0.417051240292448,2.98775001740363,0.260191231700612,2.74650167742478,2.54811010189362,4.96862701537308,4.78773149387994,2.66194911592835,4.74641133469517,1.67569558888736,3.86945067355788,1.09638101989311,2.61231193976929,0.477026083171102,4.44887153671686,5.97939499567658,1.70310803166278,2.46809567173715,6.13984128210843,2.17621304819143,2.77188320808455,5.32892903158113,0.887720710342242,1.72353373276093,1.7086055593083
4.55860318402038,5.92876375059057,4.79890933054456,5.80288788609842,0.185863828283059,4.74808339446888,0.0978658928272607,4.06428124462177,1.11588313838319,3.34578031640268,5.14470305419542,2.47903003933459,4.98795684453805,0.782860388203211,0.626252820755133,5.2187170449695,5.06436556345075,4.52558855391141,1.61998614845698,0.313818952870455,5.40614284990373,0.357099874323131,3.28786006004295,3.20701509910868,4.51063938319559,1.3471421148821,2.40959748520144,5.24249697437901,1.85897452869944,5.10533357045839,2.24584794730163,1.41007118184462,2.64397967476614,1.90127932976707,5.59945940901152,3.61234267922362,3.27310523945687,2.54189423026904,4.00735918993257,5.62308225759226,5.76623671627579,1.99778124020185,1.71889192002794,4.2357732442719,4.03167744393688,2.09391427584293,2.10466725915357,4.1334217768996,1.80459475206633,0.975614541621683,4.07928282437778
1.66404552758316,2.18122566823289,1.31981331591079,4.52919606600734,1.30976198468392,5.65616141302615,1.91759389020257,1.45018552933963,1.85896295555452,1.61592990379525,4.72765688291411,3.1429176843255,3.25609541988961,4.83375069515296,1.50543531944659,0.0902714871640673,3.74648345301099,6.05554057951436,3.4368469536708,4.22256348461525,1.75262425814379,0.770362348432545,5.64545428195688,5.85803513442552,2.63219546294642,3.50594561869613,3.02337164838754,5.80794752286402,0.327360288761449,1.71952090604487,2.97228620234795,4.74367306511525,5.96157469169797,5.15918471432898,1.34084931571033,2.69519172319923,1.17069922740761,1.38123757267192,1.30142465362919,3.15261140230205,0.157022246206827,4.47691538663863,5.12264219982085,3.81363595422793,0.0639337435084697,0.721297594562891,0.56707804777403,2.604274878502,5.19124716071571,0.489196581435491,1.92819538980901
-1.46911457320205,5.19963304748441,3.87894870429755,5.15943071424443,3.2871382211526,3.85440464596186,0.430479652073985,0.472875312057681,5.23281334761138,5.50824467030581,4.82702503315071,0.924388377492045,2.71583490755072,4.62450620291425,3.73613114248142,5.42858826886838,1.11272599439547,3.41015545447986,0.839966543818097,2.50332358465255,3.26827891764405,1.49055197858141,3.73802126628695,3.39343046798847,0.547192656450521,4.22887107974048,0.568078284363614,5.4083983492029,6.11504603488686,5.42915109295227,5.45525072913544,0.89450354025719,5.93780370510667,1.27228079317899,1.40014807831324,0.783643782297576,4.51361175624115,0.839295948022233,3.95902653439775,4.7386260723506,4.33406866447642,0.274748137025577,4.26512177720182,3.51418126377809,4.35959686730282,1.00574113045789,0.904582046650293,3.44759417454712,5.64985158548794,3.90275904923685,2.27964482351146
7.80754608859385,1.09594427740389,0.35493767701322,1.81046572612453,0.707960331355201,4.53953259165084,2.63450325864108,4.78472260201037,4.71155634593069,4.78944894068706,3.82968275530446,2.85910153986673,0.496318196845073,3.85112271506198,6.0556221225681,4.76186937122444,4.84583440287646,2.58576129471978,2.52044973107672,0.213967922634253,0.789050769943172,3.18629405094242,4.36462366302047,4.70494514410189,5.55871522700708,1.70220410482202,2.35476010925605,4.48253613148521,4.01398475907983,1.94194525443178,1.86387581336048,2.3300015432424,4.04091491141163,5.93910149630774,5.35828935416784,2.31149052834432,0.409914371036054,1.95935569118921,6.1597850438633,3.34903210533846,1.41093087150557,1.06785069265617,6.18270149465403,3.75872117528696,0.171448997173198,2.86190362632202,5.36992353203519,4.23006291324798,5.16888134643834,3.90962244205042,6.18743223525122
1.64949473397493,2.26716054979993,1.23792494182274,0.789176010359938,4.64833197725053,2.50625760144898,5.44712858308975,2.52766472015855,5.18319109614257,2.77912967477469,5.54430096204651,0.601586854530061,5.61480345496405,2.7940409676156,0.334591630341566,4.99015879518385,5.11552081701525,3.41657965002768,3.87556640405117,5.48149605294138,2.99975877690809,0.510802183018377,5.48755315699265,0.96914977057802,2.13443556764882,0.451296205384129,0.699792352086079,1.43117715447881,3.47813923695157,2.72307036724523,2.43383118985537,5.62945886148913,1.33942152960873,1.78718751032198,4.36648570757638,2.77059445479138,0.745405700385124,5.61789975326302,0.0497694063984033,3.52471144027649,1.09232958238019,2.63891590525696,0.819383043598407,2.99984190576503,1.76148856593779,6.07991284884292,3.52700702499395,1.54022379078891,4.50343917690096,2.5587899158936,6.20516226401809
1.59351633090807,2.52873523533266,3.73248154808402,2.35346396822657,1.09289381964293,1.37315275151809,0.247710858128672,1.6769061813934,2.3863444520707,0.222920167896916,0.596760285484087,0.359643569946835,0.262161141595266,4.84268520107099,2.71402031127979,3.90934852526926,2.44955267598694,4.26499262201627,2.62469833840966,0.39428215801735,5.80611287876373,2.22922937347132,1.14552985205353,2.16162047107202,5.39600144388489,1.9064413444657,2.55117746074714,0.957608657707201,2.84251174309796,3.253096493418,5.25741107017097,5.15003042106163,4.43554682973504,2.19591518854466,2.69085250775635,3.95614045888969,5.48406864412299,2.50505553336659,3.80977981335275,6.20435692761545,0.44325227279062,4.58270556437845,5.34736692544484,3.84650427390823,5.71321433744089,0.701678989757825,2.24460783018291,1.90106125256899,5.5263766475183,3.69176262336022,0.503574541158083
4.65024408158993,4.18516832293381,6.16332607072128,3.28372049634493,4.90148463901217,4.81579065762816,3.6317129507589,2.20467347866545,5.64611488309643,4.20018832814303,4.75020187686075,2.61547292391697,2.44976322500858,1.14091944670878,0.446497548815107,4.09325345796789,1.61289429611572,3.08651809181037,5.96503052991036,0.698963614845847,0.495974342339296,0.940249095388894,2.40018994764831,2.3438322794395,4.29411006655471,0.748740755692135,4.05719813321603,0.360928598650581,2.11595246669061,3.9783557959505,4.98335530155103,5.36962556341789,4.54049697358122,2.43223009184893,1.74439275750875,3.94457470608966,5.19153892070868,5.16379514454333,2.43015562866206,0.330216678735842,2.59107336238872,6.07524033823696,4.91767920798097,3.67820199743143,4.66593338187112,2.74333233123736,0.384779365479326,1.37036768611465,2.93060448149697,4.06151942352369,3.0243994112437
7.78296229079799,1.28655340231903,4.08616538580694,1.76455639731385,2.24127688274987,6.18895150493491,4.25530661069216,0.856725484638108,5.44629526106425,0.848480807499926,4.79302769766523,2.69815125182405,6.01859588103081,3.96342596501169,0.757463404739766,5.10722190804095,2.30076046749708,4.38909076601352,3.86260673901768,3.98825986691767,6.22186818868691,2.30430017626587,4.94481545182302,0.182593458824759,4.79375368392833,3.50695443822608,0.990392644548988,2.066538236321,0.787173116051351,5.75534462262209,5.54234838480526,1.05728708116507,5.76643829322085,3.96380805873314,5.26821978480875,1.31011322838892,3.28920393023768,2.46432434938929,2.35783451498596,2.61878715751096,2.76142522805628,5.82259580936681,6.15121271696291,5.33396666752174,1.43170342462864,3.36717398796926,0.750487804646594,2.36105034832118,5.27030818814198,3.80932498480732,0.470149654294523
1.64893152838784,2.78381976819305,2.66661094576942,1.56078324502414,1.55280896196038,4.25149795028617,2.52284650730064,4.14730293256831,0.2048486413853,4.95711073261082,2.4952808384856,1.02414462965465,2.5733641246136,2.60205450971759,5.04308345401689,1.52601147581752,0.75773082323882,5.47727022242715,5.78753352511051,2.89626772268457,1.54538655303868,0.258766703517581,1.58537053990366,0.880927869678876,4.89541246251593,2.38271748023848,2.90762236031366,4.98206020943381,5.84058177565164,5.78555013588867,1.19630912689415,6.23694767175648,2.06305528584785,0.444284121576978,5.77292854829746,4.58948750630212,0.175737014872061,3.97515917950717,1.93538610761698,5.5294358081789,0.33100331611959,1.55387122773944,3.87078024226547,2.13559967446997,2.99366518914285,4.02716498242046,1.40227935392371,0.255334795719131,4.76229387201517,6.08785032049905,4.27953541310761
4.62884621707845,2.85691549260337,0.394663662182816,1.34978030184746,2.86174182758245,1.90056058348554,1.10076513814351,0.331802574097607,3.40139496266736,1.63078672488149,2.31400704441303,1.41370545802681,2.83659981903688,2.27583938445108,0.730735609088365,0.820625371186337,4.24677202415238,3.97421500193838,1.18912809945553,0.829652959655918,0.578823240642743,0.898139585107339,3.65911619616835,0.56721014781367,4.38061595430645,3.34910968681004,4.11318120662146,1.48007812004031,1.61986575029906,0.992350937411175,1.35548672834303,2.81902367169694,2.34763666373595,1.41164824849577,5.90138760866437,1.05328100581595,3.01493727758786,1.35121061148274,3.19107139425794,0.515133680105474,0.570855940086981,3.36915829444073,3.01453190883976,5.73484816895395,0.302810443121837,3.02375120833488,2.50103219558414,3.53650435499587,4.94723640861987,1.23829908458443,0.0681775679150763
4.64737101937737,4.69945059788341,0.370321926880406,3.74912578734911,3.65038521726517,3.36484622636865,4.35125826497228,6.25666985116156,3.39865560906514,6.09133927332508,0.64137424129728,0.803151699794929,3.72407434221015,6.1266164982831,3.64626770852012,2.88415358919085,4.36082279411616,6.19657874286855,6.23652731394974,0.990001603620564,0.341450909429501,0.997187299230772,2.4961635691063,1.37969453056945,5.33020840464358,2.12759939096319,5.05002401283331,3.61288556080825,6.18013342535221,3.38733953103079,2.55194139803105,0.652817916509429,1.16872945502726,0.510712620247728,5.87036144955745,4.0039992562407,1.39469951307291,1.74324405521497,2.04464983072962,4.48527681049121,2.49530717393687,2.02378917043939,0.452753641909353,5.49650796382487,5.22632457154495,0.315645242245595,5.87532308836677,2.59669914259934,0.720796006766889,1.3614318430895,4.24588154884336
-1.52280556082334,3.85905852776901,5.01328450470247,1.46540615913424,2.79219470501993,4.85526599519157,5.91608065753455,4.10209070616617,2.23801268241711,1.74596703583805,2.48359863301771,0.0567269789520844,5.84979648304691,6.22694367470699,1.52707729063584,1.45711205292,2.68236764287624,4.07642618278147,3.89260973321996,3.61593205113537,6.1963715424664,2.14971075112152,1.06950333219239,3.45116967799547,1.65288433653571,5.67946945041375,1.6925208671906,0.63168610727904,2.60192508681803,0.18528724691756,1.31088892899711,4.37082805512687,1.50989896046087,0.335336374140277,3.30815100297931,2.52250967772748,3.59132148415504,5.35811488802063,1.81200970449457,3.9177686428581,0.723320497202049,5.34864813154365,3.71587128655424,6.23182076855467,1.87981223726793,2.03157920628565,4.84265972727848,1.88903556856527,2.81694607347663,4.0003435687895,2.01733579113881
-1.55996398405879,4.94861104251889,5.39668407657071,4.62793956631619,1.26953151221469,0.308480431253887,2.6830219256726,2.52224819428707,4.72199182335307,2.52851078712634,0.442468491022964,0.676369657031099,5.04796721145642,1.31281289448656,4.09462362557801,1.06653829129224,4.98160581683797,6.09614638409768,2.57981294692437,5.40391392304855,0.694508368055506,4.31626396837079,4.79228210098527,4.59670982314061,1.66775255960545,0.185081758129555,4.35690870998171,0.752642005646283,1.53071175407155,3.2021561469081,5.51212405256051,5.30498223295799,5.48790467572625,2.10895147326542,0.350009695560155,4.9363219922992,4.35102358950567,2.77988336431746,4.71570591159962,1.01391154548561,3.58003282559424,2.86636779544973,5.74257679442508,4.12913899205871,4.78084696482595,0.926224987754234,1.45852833902257,1.0785128872708,4.35765008906884,1.6864522704549,1.61862507434564
4.68981988792738,4.69961123214019,0.38034010253192,5.88810515953419,3.66179412184041,1.11636946501779,0.014008953266277,6.05306037014654,0.0763980732578344,4.60768827431145,2.28345918344629,4.6287258204154,2.1956872088541,1.02793124973686,2.84479083633991,3.65394386789726,3.8767888418049,0.173602832443368,3.69745677012143,1.67485379217744,4.94273422995463,0.765908783997996,3.49625756221254,0.152928698596995,5.71853606036915,2.63371102120693,2.31016573167551,1.53499279365117,4.90558137285758,0.521086289381258,5.90589593743722,1.37792227407357,5.41516438335538,1.66555146622965,2.0893823282577,3.81065027009077,0.645935963654184,5.38812216857288,0.464541328159514,0.637698355336161,3.98876309025609,5.15313778487295,2.05775129056087,3.85979969619593,1.13823793396159,5.6700764923022,5.64683231275168,4.16049643189051,3.56308355620628,0.50829120994627,4.19023377333586
4.65840747157492,3.73529659599349,1.85703448135154,1.84662398910704,2.0507155689234,5.61900109650981,2.24800710174193,5.70795214796386,3.34851591615711,4.87367043504464,3.04865045586563,5.14945982156816,3.9195125553162,2.2813111881451,1.70743227852787,3.24696200246326,4.83956902464116,5.74122770746448,5.97411271740849,1.20846395730591,1.34100202680279,3.36084630112713,1.86708651770491,2.18506216504409,2.47559444937133,2.33161167915673,5.04277018620232,4.29908698261753,6.01811042044371,0.0951620764310264,0.592287154520228,5.41389449877959,2.87182183200367,3.94564829339174,0.994258553328178,5.38482163959546,1.98339080178804,3.80255121328112,4.77957375503737,0.641561698157039,0.305997034187574,0.200644605424613,6.05851909535293,3.51174915076796,5.22596706655058,0.295897458848294,3.4813997931554,2.83140812319334,5.78563465744362,0.796683413359121,0.0225022152961603
4.69269095711321,4.56525849907815,4.21879528413457,0.832107099823564,4.12307874712232,0.233859755186066,1.34205631382664,5.38850123112807,4.36481864366791,0.0940142577397707,5.78218463725643,0.707050481159146,0.99173656740877,1.01109440267745,0.365970876430262,2.43053115241842,3.8039936768398,1.18852082021706,1.9516437927234,5.27065381277864,3.73629356003533,5.06377834959665,3.09683636901375,5.09351093948407,0.448801889097272,2.69404840005523,4.6038984548274,3.18150101929341,3.99753497527459,0.916329852290695,1.27164126391146,5.00003070535996,0.61882545107823,1.79662507134285,0.287157442037227,0.396856684639575,1.00640271175255,3.61168470109619,6.17615112534772,4.29618091925975,2.97726904176607,1.49593002531865,0.191405392688603,0.777342117842243,6.11119438955894,5.78356975735224,4.92541561910212,2.23755831907962,0.219868073130633,4.61905477474325,5.60164708157686
4.69761782678668,4.35398790333553,2.53566044374967,5.09032210576492,4.5804566452848,0.484386736469,6.15549941949842,5.50041194650999,2.95967449676836,6.06134962093568,4.21893158713786,5.78663405870698,0.496803658895087,3.18135473918883,1.53670273422563,4.45479332377163,4.02929723526021,0.546404989172446,4.62265597288475,3.58447097526099,6.0732663497267,4.17730874581373,3.54166514084331,4.16743360844033,2.31666613355191,3.77527502230685,2.47188476707675,4.72210063519981,4.81203041103308,3.44308840002924,4.23729425043935,6.2448441261155,0.847070697837484,1.23934771157824,5.65688539070273,0.579634013248962,0.023277970032316,3.29496509912777,1.21558231040818,3.36099316493603,2.77084646291138,2.15311036354045,3.3231712729767,4.05645684044107,2.62884272534858,1.31034497070477,5.14116080141209,2.89177458339014,3.78554250260576,5.13283630014891,5.73337545663814
4.6418237894542,3.65267252332922,4.75735773918257,0.857867827626993,5.47597353134048,5.48021836223472,5.87321579437237,4.26229168171698,4.4506456920804,1.69883764944136,3.87651846528549,2.18473932096777,0.873307443091807,5.29575681407655,2.8678806721814,4.69144207375909,3.52850876453029,5.28226064870709,3.76899617644772,3.86638298701071,4.88629561263683,5.44728815965675,5.97265156507135,3.90563642184526,2.76848326650905,5.40604449353251,1.33567396358757,2.91159486900745,4.61356001493873,5.19470191636872,4.15891709771634,5.49808033158316,0.767405175105835,2.22256515695424,0.38746498610049,4.0707978161317,2.8292135734501,4.69214710372071,5.35904757290498,4.05194555803662,3.86193687468085,5.98030849731617,3.65551770735113,0.178463231469925,1.63602309531733,3.33614938248134,1.63099831111205,2.56860466693451,5.3050743499836,6.07132927063958,1.2144610875676
-1.32986024281287,5.73989076272393,0.118732735409298,3.12999176881209,5.94223975109722,1.12162738716278,1.29339280620194,4.73424797985976,5.42033105013351,3.62134551658222,1.43074028471572,3.89396580415147,1.97690813779335,0.0384983686858703,5.96783612736904,5.900763952058,2.24953152528601,0.607053273222627,0.425192263833042,5.38847239701273,2.18053341832361,5.97594639890869,4.99612108019981,3.52663763817894,1.99137091458034,4.69782882738159,4.10148012219576,2.31274336114698,1.79569689809785,5.67270357133059,1.77702667382521,2.91965579924612,3.18099096997924,3.82121928413834,3.0703619200524,3.3622196198628,0.371379697112211,0.695678715685183,0.595286347242929,1.85487968055544,3.31828367245138,1.26438024118643,3.87223021351973,4.98884016910349,4.38967434305327,1.34255190073269,2.29813066744106,0.981438855907752,4.11595601404333,1.90228411603188,5.83107104532012
7.81826763087238,2.21217089724874,4.37645900967873,3.97685600355813,0.913048664553198,0.800735572090655,3.48538747816134,2.81558924475355,3.55615340166324,1.6352183982099,1.4648322768526,1.65350724266511,5.82117929504902,2.01003409051367,2.61612859502259,4.80355596359262,0.891734698615251,5.72399876471271,1.77433898317496,0.985646812488891,2.79516076703689,0.128888366843539,0.950916345848407,5.47272236121905,2.81971138217141,0.0302333716155674,4.4595611551938,5.72499924707253,3.9020594057396,4.82023667779418,4.94271648183249,3.10089668205066,2.35900526199227,2.04701282086051,2.39451635488612,3.05659781538505,4.61320952024779,1.01328134232084,4.48049881032546,4.06942852042075,2.59325824078054,4.91942928225002,1.44885052442846,2.8298133215863,2.58516850275905,3.78205953896634,3.19840283454472,0.0526119308352415,6.18828540176046,5.61973010955042,6.11509038324843
-1.42972778146435,3.57904148208366,5.16710833946548,3.2159490535066,4.85720217165823,4.01718010863611,3.98490537674398,5.59253310633178,0.433584381169843,2.0655404823034,3.023272958471,1.94984452783393,2.82158321511219,6.10129748250161,4.77092348532463,0.910702835914305,2.44725472426803,0.261047237733842,1.52762272208668,4.8827198283082,4.90904119898465,5.95896739132201,3.2416359990367,4.0774134359731,4.84753328525316,2.1226218780298,1.20565863780166,0.0444351799093161,1.719589388166,4.84327005670115,3.40065485046729,4.32402440206972,4.7191261379972,6.10371634586269,6.16299965127318,1.83792654174916,4.19837065096662,6.20430934913076,3.35399681481282,6.1359496874136,0.234885584064528,2.65083149004603,0.353906270028122,5.87079859288623,4.01251579329722,3.6656971550917,3.20371983224759,5.28713999398569,3.10949964977022,1.73590289530048,5.83846216096118
1.60173896333902,1.9995262088868,2.70275849433991,2.41744598510582,2.76159446427136,1.01688142279293,0.544887113649695,1.82129985018643,5.8523314304205,1.62986777094622,2.02208761384844,0.0505854352692813,4.47254768086615,5.96207072625694,6.27374525627215,2.09166332621899,6.1701253643163,1.25378005235459,5.7001849307138,1.92513373487308,3.47028458255083,3.06858089482555,4.63163899501796,4.50514103485303,4.41993320309053,1.62026588618918,4.60073252162786,2.68064191448987,0.400307013502478,3.70231822098609,0.0350721531016673,0.200323370558177,5.75343207520824,5.47818085528438,1.09437300683416,2.10619834336365,1.49712563900647,0.710066690544945,4.06035776123865,4.16604094992766,5.20281401655597,3.18688790059293,1.33147606017947,0.373424049056246,0.491297820411958,5.07368474660356,3.98160039610684,4.27732604400423,4.35602920655829,6.08181046571485,3.92380602677366
4.83873738635345,5.59168963750649,3.1630741792387,3.90010518564135,5.04265917120095,0.981444884593156,2.44803586693147,2.32944203705672,2.69744094365401,1.99619285934226,5.49616004679559,1.38167057155377,0.61764717004381,4.9861559543466,1.90520726773574,1.34092053787702,1.98530136841081,1.91175687925049,3.46755879605088,1.53903459199687,2.66026148046584,3.17315305428716,2.79919533710435,0.7893083225227,5.1762078171924,5.02993618583183,0.219787837925657,1.57391419289511,2.3815811088812,0.682386924360151,3.8811889248803,3.76699838333447,0.686457814294771,5.15283506030897,0.998812643641462,1.08530698750664,4.98007449417223,5.27005577771951,2.41430742310355,5.19607407793618,2.06764259025321,0.00656720310465516,5.00546866737005,6.21051289859635,4.7241628259669,3.32645889170207,5.12262278543502,4.71568662302474,3.88900068652296,2.3838194642434,0.709911591970181
7.72076899461714,2.04844747536248,4.11316884057494,2.83852117906924,5.22277315211693,2.86588828601338,4.38710119011112,3.70868677151892,1.11380390462047,1.00746669353452,2.67834769321206,2.41559674986061,1.38331515772596,0.71895224429821,1.85738469077345,6.05541483292794,5.12719161464796,5.92038978367838,2.55539533737577,4.14438362395025,5.54700245679176,1.10749387227373,5.82841363414828,5.68537979159747,3.19557437021354,1.45229903927295,6.25017178702824,4.14086809136563,3.06161074849098,4.21235117242003,4.71951458809771,3.81986545878608,4.69947397531432,2.36350040255863,5.45303402788665,0.210982074650271,1.49892142800258,1.71623811494916,1.12580956712736,0.52420642300449,0.838979125316724,1.51457928012354,3.61574578070217,4.37824143052943,6.01646901465543,0.790973927901849,3.14512571924759,3.93662424810974,6.02778538966216,1.21935797762273,5.29210516574216
-1.41893809638514,5.58788910507334,3.21061432962536,5.99934792407614,5.03687035169624,1.84670009742011,0.474976388650241,5.36961689123951,5.19865172349975,3.51684940984279,5.49285988647352,3.09690604048728,0.924639834091936,1.70534429505212,2.23417283259767,2.57596078664929,4.15313324774434,6.13029906831692,0.171704165196256,0.674683265048961,0.879779176162609,0.123510783851337,0.0357040781210237,0.897935164249532,4.98632505012155,1.26629907329635,4.24410831219237,5.03202411664253,5.58592658145207,4.08962488131453,3.47525169413668,6.13540690530741,5.42576576592838,2.86889674778503,4.60316782818815,3.57025630206565,5.98403258350216,3.30580199103068,2.10239879986313,1.87208934350983,5.60058217376775,6.20204227083499,3.5128373731025,5.1467494000968,5.60144203459012,2.35199324547935,5.29708367784861,4.86663310419728,5.14078379718263,5.45373955231458,3.43257461991666
4.67084258277836,4.82659006664404,4.01880294414229,0.739435113309064,3.61503207271051,2.05509246035849,6.19928391685276,2.22443337502445,5.76948991400168,4.61006647001285,2.16797103063831,4.73652954397035,4.80978547692828,3.91625543550694,3.32772942288766,2.45179709807042,0.282763457867292,4.0405520945617,0.682571983497178,0.340887329016972,2.7384580227857,1.89456255499215,1.67088166969402,0.979390053766919,5.61689038806462,5.9449706373296,1.26891144560929,0.948102936407183,3.39002608499369,0.481000206926451,6.01922125949176,4.02217806877549,5.94632312703765,5.05949933469564,3.80908136505958,1.21172900759408,0.329269759658576,1.43000148475316,1.39163756409045,4.51827250937451,5.42841265286756,5.61258558338079,2.53138177556025,0.671558831909494,4.4980570339931,3.14483954175,1.03847790161867,1.98381058174213,3.09931949982897,1.03991107418463,3.95587519673188
-1.4970605783076,4.38467076238262,2.06350962724156,1.07262241690336,4.69020970132869,4.48198067611969,5.43360316374746,1.31896719627794,2.94082066164759,4.80368890773599,4.17683986740306,5.8604315917333,6.03787356740668,3.36619779882706,4.37684978581898,0.337567700181106,1.09554657288361,5.9635537594598,0.464229515948427,1.6132799359506,0.693029182327198,4.27373123735182,3.38244741447735,5.59172442862425,4.93056538478767,4.72418708553741,4.46352536914208,5.6923026139951,3.79255056631403,0.888641116955157,0.995057416318313,1.71118060380352,5.80735925570891,2.27483482054982,4.03453272648229,6.00389727014609,5.26003979498219,0.437487968867082,3.07219586195201,4.5019758872405,1.68316853431411,0.869114269297859,5.16374503228452,4.33627164501654,4.1984313371973,3.9103009931948,4.25545686700809,1.4247375851249,1.72778525650539,4.10211251681182,5.25894041204562
4.57986607250089,3.5163459860846,0.82730945851969,2.92165532006562,2.70241815376336,3.44949372393383,5.45199890362672,5.40308812773658,2.11037067350081,1.52141703383486,0.0463456441278193,5.18008148528908,3.62553927846924,1.28928246429255,2.65493826828697,4.1067769447954,3.13595397044172,6.18637904249009,6.26919012582411,4.8755289788376,4.81034584769855,0.463774675699648,0.45830518926787,2.21006285862905,1.87144342567905,1.45800833308795,3.01811202340591,3.71068595147851,1.92381473135986,0.366745389148968,5.5854691928,3.0418743685401,4.24952317472598,1.81178042280693,0.354964912159101,5.03549431193295,5.9386501787657,0.0671348525732255,4.71563135105387,0.59069364466986,5.67598303136183,2.16689068172887,1.31667195973498,2.13054642187886,5.64062366062783,5.03367953718601,4.01205837246095,3.54230468181419,0.801976234877811,1.56238288742709,4.34848410562312
4.66734821048199,5.58309576182279,5.76798551341736,2.69318652625759,1.61273356676927,1.28430070743381,3.0403829967042,2.52715838665629,2.45092096959901,5.26371461301312,3.40430966016764,0.897278986974258,0.867230888081757,6.0403329404323,4.24561041306947,0.684690458574454,1.56978793882578,4.79831542676608,4.26864690506611,3.90371463025206,4.23137296662839,4.60133628108544,4.21216405495726,2.10007617749373,5.48193136177089,0.51715157225021,3.54693315566013,5.32030656901524,4.82104826963452,6.09522395573198,5.09834053238172,2.31062308521755,2.31758919536114,3.55950070452042,4.56741598579184,1.20604916232001,4.91652545130523,4.72705796864122,0.682089123978427,2.00839821894448,3.48233302370819,2.25778353895836,2.48562554844116,2.94540688349357,0.216507485514384,5.61989966321872,3.39044585470735,4.67830313250374,3.53309388187311,3.88943118235198,3.98632032427651
1.58820248285769,1.75803898316311,1.33400716446726,2.73661602898498,1.28707606783871,6.06102253293401,4.11094288783222,1.15345476016919,1.10903374715855,1.97656741100642,5.77031272203494,0.811822311383562,4.00911108992338,0.621168503098609,6.26794617147127,0.461121413363479,4.45421323725441,5.06651536399285,3.0631345444432,0.76097857159486,5.59589905700571,1.81037904676542,5.78211668617456,2.41159073887989,3.0029677959709,0.416359584327915,3.65743349951728,2.02026158487272,0.938818054294574,4.20685259732516,4.23263600474757,4.23703425917538,0.230412562819524,4.9446669919705,2.67421091052131,3.00380799810012,0.22819637505498,4.4456242404025,5.81456144572046,3.77018337543075,5.51797541327602,5.25605264101551,2.29542307964202,1.44289032553368,1.21348284741426,6.02952681223368,1.58680436785692,1.08680342396493,4.86415657699427,0.419278655953251,3.72290311829254
1.74703693819903,0.869851326924982,1.56473734143098,1.49666158091087,1.25623075905351,2.21939302975955,5.77517686320594,3.1421055219471,1.99776309270307,5.00330554110716,5.01155395161228,4.8656930052441,6.2410011646693,2.16912673884677,0.182789018787759,3.36681555255899,0.277576839812403,5.12659843793977,0.876761733536869,2.39659274766192,4.74374308037452,3.49854272656453,5.2731772835599,2.65281564729986,0.324684446284726,5.13693409753576,3.45290096254471,2.46080315970046,3.94632379581484,1.96796833318603,1.89596744935164,1.03532308220778,3.89467239358375,2.58485327170841,0.211518392121475,6.22382123698778,2.58739343438495,3.6495500197787,3.23683337210801,5.54350244137921,5.62061680175328,1.45915217703079,4.88871138924076,6.02617127022189,0.0291771447623365,1.83388837436613,2.23352712250125,4.59242299186831,0.825242742946976,6.01529032400395,2.75693941066683
1.63513347822721,0.763083388868948,3.46102163250607,3.54253053149602,5.52187429769164,6.19982934391485,5.39067137062023,0.371389696157282,1.84150619403319,1.24431369671717,4.53311463691155,5.01201059125029,1.29329170832223,3.77901407707063,3.02010580519778,4.60327094343189,3.06083542385274,1.84110900884883,4.38416755806214,3.49426201467855,4.69505903045414,6.07985069384249,1.41318511708395,2.71825977619052,5.70693945755267,3.48490440651947,4.07713974594424,0.96181526694079,4.46352107255168,2.10663000074963,4.71770190971238,0.926756269861409,4.59247559108785,5.98421847503957,2.33491093539543,0.99332510918934,1.88980966142649,5.66168956247291,4.14310859282865,5.89384276812862,1.99149095432333,4.87076770567717,0.520564336302675,2.10214192607759,2.67830154253541,5.62963073388259,5.73068514004994,6.08553527311946,5.02909251658676,0.730758876800416,5.17027818597088
1.55523233732482,0.921416854401895,4.8093691202025,0.706060063675711,6.11738379406963,0.231434370136186,3.46478561539392,1.16625104651159,1.97807087532318,5.60586398829081,4.0410737170208,6.04707928078159,3.37855519365359,4.74315023574873,2.30983356881102,5.16875895578599,4.7837990267169,5.51021349617816,6.11055941581831,0.330050110883337,2.426112926233,5.03536390010077,5.10489287516452,5.73197601457433,0.836261550175954,6.07645793519476,5.55914790843571,5.60079620599733,4.08350462894145,2.92547564431745,1.80591898258584,4.79762211038953,3.52237919044321,4.00033084286513,4.99537132151792,3.01509941865025,0.291459789018676,0.942454536557228,2.6474333902844,0.807247030701899,0.624994336699935,0.415449953569572,2.09295561538516,3.19313002428243,1.8222724932152,4.37714297508292,5.16917578210848,0.176825433237626,0.462716567533767,1.08309973817156,3.73042776031837
1.5791879907544,0.95454317138882,4.87449206689177,1.5819024775478,2.51843404354953,0.790911587110819,1.70512042908721,2.72078597677691,2.73822286455613,1.867660767179,3.33985181162809,0.411253314122694,5.63050874512957,0.0927208377379216,3.10032685205209,0.233337487580095,1.40563894090399,5.35384064223256,0.340532552364814,1.94789213638328,0.327435086299924,1.19366303285657,3.48068785968337,0.836521948131146,3.03246049801461,0.87871305413149,4.23398396379833,0.46495439478254,2.10438351009999,0.348002096507024,2.12336303621629,3.64461599793689,3.95817920054289,2.44136371993548,4.70009726472825,1.53636512638005,0.93126604984899,3.74595933188782,0.861584411969077,1.9099026773984,4.47775114442272,5.41053852520697,4.50499954287932,2.06449871346955,3.20574416415771,5.04845231801734,3.31129793433592,0.618653901989665,1.03284586889619,5.80928699845285,0.0181808884155503
1.64792630582295,3.10523676207813,3.60089546813847,0.114842030168664,3.5828427825488,5.80564286512864,0.508869599478516,1.19101621906329,1.47533045640678,5.38559122666899,1.81363785331922,3.48889350031552,4.9541818550456,4.57177234224586,2.25801995676039,3.88388628249322,0.452948281696882,4.31179146499878,2.87487095997209,6.00331804821346,2.24382803779286,4.96002762741405,4.26620694496341,5.68330706050561,1.08644502805345,0.872443891327124,2.28068409806999,4.14105833801017,2.54860558054372,5.39815082895827,0.278519634923603,3.2091573027172,4.70872171247398,1.86441304076673,5.15241727870097,2.30035697859872,5.8518550808872,5.91394570122219,5.29816800589522,5.05543879783227,1.77071497667769,3.01659334620405,5.57629852801643,1.63769169967855,4.72783288658823,0.131364554649558,0.727176654169322,0.618910272531384,2.03984218452901,1.94605680032274,4.52408952369936
-1.57188097049789,5.3884688187151,1.35402886903448,1.10225545082673,0.699929699612869,2.27768617223435,5.42439317572591,6.19608091038326,2.67762534230039,0.146924113304773,4.07401356900643,3.29355650212262,4.59683344410706,2.65443126623116,1.75384061015831,2.50500919689935,2.55560497499945,3.162009264115,5.2004178196476,5.45461243310785,6.23590879511167,1.11399358218988,3.56191950790186,4.31228962517773,0.071271670374006,4.2741888776258,0.115187147172744,5.32911768510788,2.87332066033303,4.93458281530692,4.37396510154602,2.99588480745029,6.08798788600063,3.11079110068434,6.10065492645657,1.88872370515205,2.34176145452991,3.46981545836992,4.16816204655413,1.93883647890451,1.87257228787783,2.44119636649597,2.34402633991147,4.38839616958364,5.13167244641259,5.08736893790791,4.5663411550094,0.193247108534889,4.04008190537644,5.95028006882016,4.310122013608
-1.44813377524784,3.65279981329422,3.69907532951807,2.98494971131964,2.6518022312813,5.05407906375389,4.14650938728539,0.378202590501678,4.6902375128643,3.29439806622858,0.0959090833640064,4.65964300821752,5.5869739474105,2.23608150035277,2.35483125096224,3.29613517026593,4.47041183363668,3.84037462228649,0.0711032343751134,4.44058154422825,3.2657619451449,2.69393270956769,3.72405245110401,4.07456317708838,0.209818901170856,1.09418782481201,3.22981329784231,2.75601773424103,3.04800931592529,6.21004283375912,1.69786204254056,5.55486427949109,1.78113430933615,3.20244624941489,0.560631842623711,5.05447299979719,4.98156714752438,5.84444353413224,2.18118833163767,0.801937862536592,1.60299062745103,2.21450207183724,2.13670732581952,0.831342736830492,1.12347548864648,2.93155579371723,0.098061913609456,0.221156517748094,6.0592447553853,0.0712357147734538,6.25153200679543
-1.54840090200451,4.83172375632282,2.46395491429798,4.87731370817302,5.00750454170381,0.302214135768957,5.34049911169283,0.102518250273765,1.05240897351516,1.15954810509004,5.9184804137226,1.09509103335999,4.82140685865119,3.74652023516026,3.30953968528064,0.845079767272949,0.621405492901614,3.17522706982109,1.10797883839451,0.868210295643728,5.845189616501,1.0559140945118,5.4552900670026,3.58752426523135,4.29781001605532,2.30272114052698,5.8856374946889,0.436154175252081,2.14147799383985,3.13953304194727,2.03120838581092,0.26236277705705,0.394836372828336,5.86777744176316,5.04929490762887,4.5218757219542,0.967158329455076,4.78768254610392,2.79658124878851,2.77904686044514,6.24622781986618,2.95271376577454,5.19322833215373,5.51997314348379,2.9426238954338,0.17874712388947,2.12754099712514,4.8226918112832,4.19961283518858,1.0267654839666,2.29928234531021
7.80813385063497,0.392620008050704,2.95213832841098,4.47400593955133,5.19049093008424,5.93980196050203,2.5318604350412,1.25428229700081,5.18480595874522,2.8028648008551,2.11876971921763,0.0674484041939091,0.61854700071394,5.9333359781622,0.698425835919481,1.58934171880491,5.1767720998056,4.10499235882594,3.70041679467548,2.62649418592249,6.26346934225051,0.992317259574072,4.62670328350577,1.29703770024355,1.42475664841039,4.41683728661318,2.73635209661971,0.315664529357553,1.26556138368862,0.0343940510731388,4.68092402485157,1.61378417309124,1.78605645959775,4.70639310823255,3.51246668867915,4.69118609089066,4.13977989828945,2.94245180067679,0.410864072583507,5.96421019420865,4.38838654650852,1.16088039921401,1.44828401086519,6.06738619732046,1.42791033113393,0.255030559960777,5.99394615758517,2.02561977542286,2.03736923123486,0.623919656598052,5.07004812390077
-1.59118555778032,0.0013510136237117,0.545134003019342,1.47873889753632,0.265098508474101,5.84026307748516,2.76824559644914,0.994242638242393,1.35322727331337,3.23188692277711,0.143640681450943,3.49927615176606,5.95503203635868,0.0991427160235005,0.918092898254351,2.62214348949852,4.54603664350785,4.62038932029814,3.96148770973843,2.49028094583143,1.18264064001538,4.8102008330181,4.26297153339553,2.1484825523964,1.0559360148763,4.69469553481023,0.393067456174428,3.59513198052322,6.13027093640226,5.41611369576663,3.59477485442463,3.85680676329969,4.2934553185504,2.37505812979008,0.656197412341853,4.20034018928008,5.0838527908977,4.95762857342668,1.92358561790779,4.8901815063399,3.36939402174544,4.5244638083641,4.797711747769,2.14578290970545,4.75634224728325,3.0156327941932,2.08318766455652,0.0334320054229331,4.20381479087976,1.15611886419125,3.65381856896377
4.56978135203016,4.059627409628,5.96314637042184,1.99631811877697,3.39902583705805,3.20412273597871,2.75550637268934,2.0327602244398,0.147318227824082,2.8019983832339,2.4799930241782,2.23879810850469,3.36053018939981,1.00155394438764,3.99623249103232,0.641336537509623,3.20884902345327,5.87804654151238,1.80164474850112,0.0277789564193227,2.30959458505068,0.285234693695612,0.546676307811099,1.85918882864304,3.16735150885808,3.10839184335135,3.74039895874453,3.64543980806903,5.24207753089608,2.03212648979078,2.76765212276858,0.362329946896646,5.50404857652737,0.92232263768569,2.74128236315082,3.50002749039947,5.86129729398756,4.88723689655365,1.27232321487746,3.91552354344356,4.43021743087561,1.85066002648134,0.0376007733545647,4.26400660060166,5.73080695577548,0.0991189128834327,4.91659045460717,5.95893250657749,4.04228675991462,3.6928634633632,0.358417771870282
4.67809843009487,4.32644001190099,1.69372489119446,3.14921005047352,5.85353114905645,4.42831117547242,3.38932247113677,1.1652634963476,6.00045189326089,3.10308603843471,4.69899172436949,5.98667599454798,4.47036629299688,3.43238866401085,6.24825439735555,1.31343768192861,1.51639023958013,1.79787376262442,1.85837146120212,1.6307192331559,0.765686866639962,2.5907700190104,2.98846945418249,5.06021291980218,0.205946554089199,0.22216081978702,4.84530193580564,3.26410509386754,2.25206510044244,3.46112062817249,6.11693796247038,1.40655256835453,2.02394494341939,4.03896220397067,1.71121459763093,0.455238632093454,0.0595951015294735,3.97839248154718,1.59227219826543,5.56675453385362,2.74968903067083,2.30888274813124,5.73448162166293,1.03460297541244,3.64529320173372,5.37571985923548,3.34903462009464,0.59263184288931,0.521159919511106,6.26075607832932,4.89313495800301
1.59079472514491,0.528776962368658,0.107823851844796,0.0184522085171216,1.55245172029126,4.45253261794701,5.17744350459517,5.181374207479,5.52411972918859,0.667587300444982,1.9524560370252,2.89049859552012,2.72496427269399,5.88750823336697,1.13773189304295,3.33526304869341,2.92275786144232,2.27326586285358,0.196389716968573,4.59562552727819,1.78607534440723,2.42093757411023,3.04947758974764,0.114693608352014,4.32715545345057,2.53219283197258,0.112715865993964,2.96323994558076,3.54279629543473,3.2977270372593,1.31990884446136,4.93977998100116,1.49292910781553,5.83952246204127,2.18344448047247,0.700575248788298,4.46712529454485,1.09968711527382,4.96661003755214,2.5039082457146,1.70520678514143,0.70656890461955,2.20265527345625,3.33756058201775,0.6097084212602,1.84765669370047,5.57454005367177,3.06773682912968,4.53168146434559,3.28855939779031,5.35243337355703
1.62039161465552,2.0434660388828,0.994735204222601,3.37945292211044,5.0434092019856,3.00856247308023,0.560475673192914,1.4907092071649,3.25739763788079,5.06945896143979,1.36376503796786,0.379220778559012,5.3857774093271,5.24732417394268,2.30520497354288,5.02334980972283,2.94364014073593,0.0685193333738366,4.02687461658842,5.80015938442251,2.43889557964182,4.82556219553194,2.71658743553653,0.846909462321378,5.70401423435681,2.06393780434543,3.25543501331817,2.98884546216473,6.11749359338606,5.55698994481072,3.02978623841525,3.71099114252237,1.20300642876651,4.01132670861279,4.27840989221372,5.68029874941453,4.22144263920754,5.66610020050226,4.72198328137441,5.11611731747331,5.67374615062106,5.0499862885648,1.91077888486738,4.50835634446358,2.64068035708489,2.39406373242114,2.0996724238072,6.12409415833752,5.12845707243364,2.25949282560843,4.22200681941648
7.79513264575289,2.70253928776907,1.47882858758084,0.771932278969311,0.243395817407049,1.07418994971739,0.816974695692478,2.94366567158225,5.63812528181746,5.13140867057955,3.34693495960678,1.59398061447925,3.75966871025274,5.28516435384092,4.44083656010783,5.29221224403098,4.64696982350565,3.48841808266104,6.14916599216575,3.23526119891783,0.568348700381812,3.42632050029891,3.92236780714032,1.82452231785514,4.29736446972509,0.664786763219937,3.47120822806437,4.1654615963324,3.5283978446186,2.29317756329582,3.05851273126327,1.39921662520591,2.7131766888481,1.83654429482445,1.63246739977977,2.94906504766508,3.95498657932883,3.27055220163832,3.46126775384372,4.00625125331399,4.01743968735717,1.21770640309088,5.85687265875803,6.0452960026609,3.84519968598976,2.45367139456525,5.6943805603899,2.29123513724313,2.82342830737341,3.23945932322655,5.07279796077394
-1.57766376447263,4.51061285025039,2.06358378548484,3.17803570868646,3.91478159967005,1.71033332700247,0.932947206047323,1.98159572962179,2.05034171435657,1.76125581128263,2.4858341152088,5.08790328043971,0.719553070605037,6.04347054276031,3.62928481103427,4.1544299944219,5.39634106616867,5.52422832306053,4.48969071667955,5.59214811603253,5.48963884368702,1.3514414965286,1.78670975785024,3.76156451603209,4.42523011346525,0.964795535355217,6.13199826229517,3.0495598218358,2.95934319556262,5.24978554092564,2.09080514190074,0.551311018076813,0.216126734751729,1.51665061851738,1.02228417967944,6.14145452526077,2.53733582727326,2.20357558351657,2.44423966766168,1.16218825529146,4.31745911246191,5.393093096912,3.78233286911735,3.52856966142117,2.74690582609919,4.86209942305412,5.56690318534841,3.80252899009257,5.66260828673003,3.94888036658056,3.96183561945313
-1.49244578938211,3.98629981562795,1.55252446389275,5.19729564671657,3.91184423132829,4.20061970903749,2.55638453039678,1.84359702142168,1.72625989230499,6.02569679322373,2.33995718938645,3.30527133358952,3.48288151265782,0.512540761677157,0.415732633230029,1.32689943068734,2.5725369673249,2.35415275394583,4.46185746551863,4.88869496798532,5.2788030067167,0.0840995659873482,3.43347732668374,4.23787388930363,5.59526147634506,2.9020272194593,3.15746165745464,4.6363134615454,3.23782889810137,4.44375265615779,0.527181615093183,4.30434585858511,4.06126241953844,3.11168022425705,0.0468769145316498,3.72746769626554,0.907541502129207,0.332058852475487,5.63198666982249,2.24261946265085,5.43128285425154,0.950750110078306,2.71134686213704,2.64139489016234,3.91461050993776,5.68583925027863,4.84093254475154,2.9805584452515,0.224596097088951,4.59641271618205,3.51167539775299
4.72231953665957,5.37767031085677,5.0604807961946,5.36248254405389,6.00773849949729,4.90174161081322,2.75963889682555,1.15241271045507,4.9729541529643,2.51455070117559,6.08990088984492,6.1965476339156,3.4390390647296,1.42779747724454,0.699654118030933,6.09397494407135,1.32123510697409,3.32640650606857,4.98050928512873,5.93187046632918,3.22658207168305,0.534721083793746,0.337092750660409,1.06819901198793,0.487323477218897,3.27318833612961,0.44878464714479,4.23307542730271,1.52356834118258,3.36226320019238,1.06102780219254,1.60009724613008,2.3144953342837,1.60889891908652,5.63470262551295,3.1419911539375,2.34040022681216,3.1147354160209,3.91089187751036,0.0950768673045814,0.0508226957121311,1.30361079744514,5.39301938485874,1.07975054083547,0.915519230365038,0.18830949522919,0.194415032109308,1.46165143505492,1.7760165713161,1.33106826445028,5.66819868334106
-1.51953770237475,3.91454535156651,2.54910415911723,5.72522270195747,2.67643524673956,3.36594193884376,1.95770691083089,5.30065401865906,3.99025435529897,3.39736378656984,1.98846680568112,5.8373229734866,1.5884045383733,3.23430146321527,5.84786664979304,1.47497088723499,3.90463339400798,6.01711635883134,1.40051695456984,0.762781591795032,0.795082350462711,4.14905562546072,0.872775982508626,3.79389742671331,1.2257139646151,1.6449260621845,2.23852201636434,4.27731514087579,5.50175913899168,5.21489460972688,2.82266176024364,0.774884415469074,0.977060031957872,3.90485228019975,3.35635055491269,0.832677860238026,1.08203852569351,2.71517472334283,5.91431950751272,2.50340301086383,5.22545394803427,2.9240204870186,2.76245005337294,1.15091419080142,5.30229229965432,3.48103012546011,1.40496760194574,5.17432360503883,0.311532577222304,2.22938897490793,1.34956860004638
1.68597446071389,6.14099553178756,2.56858547930099,2.97252281910684,2.40287978293646,4.48365723290359,5.66354290120333,1.55199614126885,3.44109200692859,1.29176470272775,3.43811087831833,1.16585405735826,4.80003653233132,4.30759222594648,3.5990779314022,5.64642246893718,1.55719233412257,2.62491678133725,2.07894564831666,6.18494565341225,2.52414128050171,4.38338647684126,0.262656532470285,1.71932875029224,2.05863075155967,1.29929809300369,5.50873046151239,3.31295688343781,5.31222470149302,5.6373206476155,5.75428471652989,3.52534360521441,5.7427638519082,1.2863241542785,0.92484140811116,5.2359777666907,4.82021061298276,1.85032031642248,3.24155978100477,3.44155144659181,3.83580446474394,1.96806638088154,4.47262796142159,3.687239497171,3.25134852428807,1.47772551516487,2.6464094032198,2.14275229057657,2.28614171584739,4.74400354854978,0.0286123120919315
1.72268488855809,0.864719767254924,2.70353766498978,2.89812739731319,3.97870867080916,5.40062915701343,3.192078158388,1.2177566382348,4.08551332225731,3.74710597000418,4.97417476938501,2.50231623389235,1.62102397765245,2.87325046659775,1.87537029718044,1.51220568091075,1.50650786515099,0.578333522964036,4.83471335669168,2.38543948655812,1.82900887401821,5.16637455731194,5.75966565399324,4.60065325487465,2.65065308279751,4.07997533468647,1.75703796098652,3.59283400539762,4.52844578945246,3.6743387555519,3.195467054932,4.26815585028028,5.1123451085971,2.52810532182566,5.87981763352547,2.80117632714054,4.13176043300082,5.96794143406405,1.07597201069024,4.5482898109156,1.02265061578868,3.09585407511441,3.13801111999311,3.66624958514263,2.05002586449158,1.61282749781331,0.326613079945774,1.57245471267333,4.02873554493784,6.2406076089847,3.66243071649428
-1.4048027573896,4.48942273641995,0.364961107466474,0.800085155786776,1.5954652247078,4.10360716265839,2.11736613709566,1.97160931245886,4.7225149453032,1.94199115933818,0.814485411843814,4.63260499493574,4.40021843336553,2.99118810603096,3.12415547615279,4.00632610644335,4.18702800633994,1.63646102715895,0.394144008811452,5.24204885770173,6.15195533514165,5.9646055419679,1.74025339423051,0.0450365650508498,3.77712995854382,2.12814251100346,3.51202994765285,2.81823498915371,5.87275298122006,3.56437557619553,4.54736884254215,1.33610028863715,5.77414009462608,2.6787241298293,5.56135622131223,4.05396124995256,1.46612657021654,5.66391279857676,2.73954037004124,6.18383216063081,3.28986143730549,2.61753648836414,0.0894939096319849,5.5278420774279,5.12466489033689,0.0450441254114834,3.25487326155324,4.30259472077462,3.7767562019925,2.75825770173895,1.54727636670558
4.617312552261,3.81974931918269,2.15978175859655,3.04978602261797,1.57895564558899,4.3115469996844,4.19201121880217,0.272169002211403,1.57167073341173,0.851658610816761,4.55049559440677,0.938334305321631,3.64913319345621,4.17188770391415,5.91997321044072,4.89525286400516,2.68953606873852,1.88592598404431,1.58496510825009,2.24847571829027,2.62147861517526,0.532172897011538,2.44212336062899,6.25064672777143,0.23104926426641,4.07135989997903,4.87227121973314,2.24184960201164,0.284073634132821,3.22437011760343,0.694968471883535,0.381835806068261,1.62626249565204,3.44385184284684,2.96996141339687,5.54969836904161,0.228131008949362,0.0631569954509382,4.51309772340104,0.268641666803725,1.75573869077527,6.19735523930417,2.99816017756573,0.270985162088281,0.415795584057897,3.06363389836329,0.498342571179818,3.39403806468017,5.9527053938904,3.27593372719474,0.42385807523016
-1.56450758744361,4.05236909915309,1.15699471617114,4.75603803346867,4.52354255764746,5.69819759453898,1.97645029271083,0.314844746638883,2.85859749583127,5.85220552145017,3.53441968502957,2.09204332943051,5.43592400720847,4.12616380143293,0.844488634261315,2.54581623025323,2.49144080287556,4.99805683973482,5.9427349283862,2.91083149055824,2.87845893040831,1.58481601641696,3.76230049109983,3.29264432881266,2.9763065864988,4.95942038182269,3.86079046770554,1.88664921416975,5.51310570862756,4.79737590859138,3.13167971002448,0.974360171292124,0.837565293990689,1.50663994324686,1.48234083591436,0.344474183246705,1.64873236729238,3.06747134460833,2.10456857362577,5.4919393745305,0.745540571191605,6.25977407555068,6.0872300403076,2.69714827226307,3.07582839287293,4.37875083323381,6.04345555809043,6.01740439716072,6.26605376990229,0.73547331610145,1.74842405941723
4.58335604137298,5.38628978614394,3.38835075413514,4.65529664788273,5.04938743280863,2.60523250906545,0.85923160228511,2.97307098328865,6.07123207582531,4.8716677704142,4.22999558975797,4.5663090878451,5.01004847285733,3.27922088071216,2.00725263851789,5.17654622232833,3.76701449006252,0.81041671043464,3.24010350311066,4.54348377977654,3.24267390576682,0.608880419867762,3.77309208959608,2.36977364983028,2.86670149730403,5.894848312185,0.316795117799671,1.78764160448254,4.62159140154679,4.02682062174503,3.03357990244801,1.73635246611834,0.144634978593124,0.693148765639751,2.25109886645777,2.09939929115012,0.288802247647125,0.804802510683543,5.25531743397976,2.51841253426501,1.91458288149054,4.83902451482872,4.23114614264312,4.1186897237076,5.23007999197329,0.925415888726298,0.3899131517107,6.13945061861287,4.87761469917908,5.10893961817333,1.91633197999323
4.46412703730758,2.77406459010215,0.449818233877826,0.144533604221903,1.46599803384534,3.28424546303476,0.804723573086904,2.25878802239912,0.536782584063507,2.27662777587361,0.293932094240112,5.3905285898157,5.16265711277402,3.46169055764948,1.53276521268063,1.72628378760889,4.44955279864844,5.07762811104337,1.34576085689002,4.01571852473813,0.989984572328285,2.20928879356327,2.14286391415185,3.0392476684075,0.785468680437623,5.02758346099711,0.623736655786762,2.32979653429152,1.73411954110805,1.33597386618257,3.34629997855155,4.15617896272488,1.03251730773601,5.85561604284922,3.43335436403042,4.19467688960949,4.28852996888696,3.15018030894582,5.39609776533707,6.27248890222567,0.971964771674115,5.89603709404539,4.4757230337952,2.85637093305171,2.29510828746681,0.223142693828872,2.24350986481396,0.889014365873901,5.08075576552845,0.275988164906287,0.130554835344355
-1.47987036934557,6.00374381442833,1.0368550266137,5.0642235989545,6.08170777032861,3.02028219069351,3.30778503500385,0.615636354033823,5.32544809700909,3.52861906709055,0.337145071925514,0.904448356418701,3.03284519426732,0.25209557032382,5.51356575832762,4.77083904130434,6.116598493793,1.43728665879276,2.70240970394853,2.46576854796881,2.89614463275738,6.27343123944351,3.4026440884356,5.88221873998691,4.26524628762246,0.539705266170662,3.18566818532975,0.777782971131267,6.14820437953929,5.81335413307676,3.96127338638815,0.715444159429537,5.47330384921179,4.01527498406859,3.29360756235235,3.91838687935299,5.99399234483477,4.82439278563275,0.613892577627108,4.88293489189503,1.82593556986562,2.58662933032838,0.719923658475796,4.32251421418147,1.67448260451026,4.35107999377514,4.01604023797878,5.89503383799289,1.3131375438038,0.610217309017418,3.75494971249897
-1.49351714906141,5.09482251868804,2.38241992270116,2.77694902129029,4.00661586955315,5.65465846365656,2.42796160703226,4.08276081702156,1.23162005309596,3.29483164588891,0.256567968365722,3.2708535832435,1.5120981710611,1.08120894288663,5.63351745706021,1.37636676352031,1.24742100786344,3.26603127567789,0.894699891658872,0.550785660787859,5.41806814554302,3.25574537724036,3.04991298050056,2.23550992070418,0.697013754243469,0.82871925658058,3.79805565432018,2.31940384722296,4.73082221485432,5.63364339967765,4.61502489479114,1.16745260988725,2.63067077022542,0.361359476301222,5.93859221356264,1.17900379787488,1.408311545943,5.06612422797475,1.3899418986706,1.85725021788069,5.52288980275722,3.39001499461173,3.04145501136934,6.20663772369405,1.63813900151046,5.64534545986972,4.29719116806067,4.26364865234311,4.73676890808939,1.00347151692509,4.80372680755467
1.65016677429336,1.36051271067823,6.03219502705554,0.374513046737371,2.54997147350722,5.83104634102252,4.06807035312763,3.13932217986116,2.26207760289764,2.672500092196,1.68878181096389,2.5981442745206,2.24469880320659,3.21026634676476,1.04858532697636,2.78874606729032,4.9201501614661,5.87984071983568,2.2672147699327,0.809328713389482,4.0728678159555,5.79554595376318,1.42839441657803,2.30246385127271,2.01866012698843,5.66315685028848,2.46178385316742,3.20806822018683,5.94643659535263,4.67437474103046,3.29429611839347,5.86930210961455,4.89078401939127,4.8971611952891,5.81225040673641,4.01995257831488,1.98393767713902,1.75191636378858,1.06173208460302,2.24854197531299,2.14622143841764,3.98203391286169,2.74220996000609,6.01291212830255,2.35160072700367,0.708245250743237,6.20142712987476,4.68438280060346,5.59556623290225,0.934580973940313,4.99992348663101
8.53995803143848,2.5795608451776,0.320386504149613,3.48938052037329,1.64780990966832,0.220000211206143,5.46757945515637,2.48038001867522,6.04214339079339,3.93915860885318,3.21148144213265,4.81536883836627,5.64826810832976,5.112486972152,2.77243632570698,2.58305379469583,5.71042324188913,3.91082765540668,5.60353017752394,1.684300180446,5.16553672218417,6.22773543376693,3.4591251216002,5.18081879892687,4.91971437279947,3.08623997938016,6.24592130341854,2.45902453512218,4.93449626907335,5.3456324283275,1.19262804611093,2.98206516748681,4.86860852051559,0.0109787247365243,5.20575394354144,4.92831710060047,6.22758378182716,5.4255810505771,5.64453347743025,0.713466891056944,3.97223159369861,1.90003948913987,3.3991471919644,0.713399807485501,3.05073762303309,1.99919699672807,1.13496672917706,2.02644816009984,2.4522555634302,1.4365110093867,3.29960195695723
-1.55715605622155,5.61889491206395,1.10392668697757,1.48651283689495,3.40903592423551,0.900345115513676,2.46818885376712,0.811683739394339,0.380731754960101,1.99816920168771,2.49487507913838,2.9465377235576,1.91112735195387,1.35419025230531,6.13245128852553,4.27663686622292,1.02381384485899,2.31598879662954,5.00920521761808,5.8607940428537,2.74688527063726,1.20835773336126,0.428528442661138,0.518752624906194,2.60137692556206,3.69765148012903,0.0246663568241987,4.48589827857213,6.09324399120137,4.01254658479696,0.394962982536424,1.31033369160638,4.89396632410703,3.40335244507293,3.73365338350138,4.37697201555034,1.4405636347891,5.51521295141983,2.82373796324324,4.11613478409553,5.96984135649488,2.9811832853586,3.10461630779943,4.14991308856036,3.56390170191962,5.1576800826036,3.2210524578553,5.86362323132933,1.26358914775422,0.758646721138215,2.85107621412827
1.68153000600278,1.98442050739941,0.55637363480655,0.353607755742375,1.13583689040563,4.86527806169718,1.97618382949729,2.49492380455085,5.6328890562105,0.443698198016624,1.11395782262035,2.34744522188734,1.06871512802338,4.57685296457132,6.03182074824247,5.71376596288687,0.867235269521405,1.7375158209996,1.69354778301719,2.19940453196982,5.6278835123038,1.54136271786408,6.02322957310554,0.656179864639492,1.02175974549179,1.75539395266697,5.60785488081947,3.01522054973014,3.29132316603235,5.13705758976542,6.18836715254857,2.36252951210572,5.97969211141265,3.53487999512904,5.46865096072602,2.23273276968755,3.89057470298992,5.25988726529158,3.29029705773654,4.05637439184104,0.796208109812249,5.41934494240673,3.3335599253172,3.17002173226646,3.17727645859207,3.20486624507457,1.46172540311884,3.83963796696184,5.8450132427086,3.78889419860592,2.5944985963549
7.78648315054476,0.70193505893842,4.37058647029818,0.967406314550365,2.40459734238828,5.47170547223297,3.72188406857646,4.98611787897775,3.30350759859145,6.08208082760508,5.78438397951929,4.27474832383184,5.98349551409106,5.4827751070877,0.139667853841012,0.645379071703113,0.16054177109488,5.76073725026382,3.07340069202374,3.07991027663692,0.030324091554417,3.54226194119959,0.602564445147777,5.27474223871227,2.85522046647873,3.15783153873597,0.422972281259,1.20700415816799,3.85419196546858,2.79057819078276,4.61438304679846,0.680463535260417,3.37871006693897,0.592687773173317,1.77511250988689,4.21884019425669,4.09092564809098,2.45767717294199,0.708702652561573,2.37654018722658,4.36723681945749,3.87937276474995,1.42965479657506,1.9273176272581,0.785183648404895,4.70714804418152,4.57971929507406,1.60214044529467,0.708084537488885,4.68469773614465,1.39160178550298
-1.45735146865156,4.49859396003822,3.5201529802269,2.57205604470968,4.42466169810847,1.00933082713745,1.44444304337633,3.31798633435177,1.7668584539809,5.59770075619085,4.01742352503823,1.21853497941012,1.4946634615669,2.01737233483243,3.96574671338303,5.76146784325595,0.85907110846847,3.17428473114033,2.24593953913965,3.21102585725857,4.60907827031322,0.539911397179703,0.908998957672366,4.3740500137001,4.42803609420847,4.83564480687317,1.76982440189025,1.28169626998854,0.980945751573691,1.85987744320088,2.15941997164096,2.25644900656973,6.07311452369968,4.18904556786519,2.963561237501,5.07123217175826,1.34982963437093,5.40994351838826,0.642276226845741,0.857984732336543,5.74060766865451,6.05347752708852,1.26889570314784,4.45531491258361,4.04024693131329,1.51010969966186,0.759344319475986,4.13136260120667,1.32188817847428,0.804056837931851,0.201416606312977
-1.53718573713737,3.84758771396357,5.84201237640762,1.69130209989833,4.097285677126,4.12237807373075,6.03216343826545,4.63180803666494,6.22947346236851,4.92510811079602,1.91335817182504,1.20044642306914,4.89006377215579,5.9685264827994,5.76676325852839,3.02152191575018,2.03630929442138,3.99607387121374,0.534383799253062,3.38301708062909,3.63239638219799,4.69085954416868,5.67432426366178,0.518429965157549,4.86888204084595,2.7650539319835,0.260388844137677,0.508962917559874,6.07934909726898,5.08569215583464,6.05494640363312,5.62974659699447,3.12239431442762,2.47228639368039,4.71417038450732,6.07500538042717,2.21675032530316,4.7701261276772,4.82397941472277,4.55302750622534,4.42587549147927,5.54819834989693,0.112431457164337,4.49349042402689,0.725289675637663,1.08444175192324,3.07030348525264,2.90423150492235,0.403956267039965,2.40695822299129,2.13805426229054
7.74623915839894,2.85334438083509,4.46531060025841,1.43368009174191,0.29732808447388,5.07226512651068,1.53432295857271,2.35683167879095,0.0671917439944101,5.60281723902719,6.20656666244835,1.57614865689521,0.423479985515491,2.40192395468809,5.98843116708654,2.91110103175143,4.45587704763308,5.2797783459035,0.217878248532166,1.6227886255114,5.79373472220383,4.32853843622307,4.38045477291831,3.68915554681073,5.73864280143848,3.70757153347621,3.52613468401745,4.61747618080562,6.02238179452359,0.529022189863367,3.74448498549251,3.63115121947482,1.76815550933417,0.348732611964497,6.19542171218215,6.02622123472597,6.17322741627207,5.95959539718383,0.347693128208683,4.08407757934428,3.65098992176783,3.67106284602284,2.17843891315907,1.55402464834717,4.3824962165812,6.21964867132082,0.958288667380905,5.00599658769148,4.06035723019939,0.604014567082605,2.60516487543681
-1.49686814229087,5.49809847176734,2.32822124362291,1.67249985458363,1.70260242815665,4.79495572567819,1.62109064282932,1.67402726979517,3.91763677395952,5.92281078728861,3.08215942101995,5.58548565648006,2.8933320440132,2.88003951537745,2.57605601969041,5.10485184323824,0.0713638225096552,0.920660767136397,3.89224090377673,4.04771085638716,0.635302391031773,2.2008044333899,1.40456036651418,0.130354245868999,3.58866063805155,4.72070821953154,0.0878727008907048,5.55339061042685,5.47871493449092,0.297285316063832,5.93210292254905,0.682929896645697,3.39945121706255,2.37994515392568,4.3013645968493,1.07739587617138,2.23695155332539,2.53743620978602,2.79775367815061,0.269474901054133,4.50395182582055,5.92245572390451,4.71154088873827,5.59358541256456,6.1828402480451,2.67570719044738,5.15480690125549,2.01154537412756,4.6707864194939,1.18432772542069,2.74499362685985
7.60717201082994,2.68884969390825,2.85350609326249,2.25009262458947,5.12919648243303,3.05300481543647,1.33327948707087,1.83241358324373,4.24878849872949,2.36217642073519,1.44421807875994,4.89558518779063,3.36653243109727,5.02864871405489,3.47577211115128,1.65118284870191,0.86261731551937,2.86274703224183,6.03945027856874,1.50750945932855,5.14788859927473,5.22953979338042,2.37251799052023,6.11626574576128,4.39214761965231,0.298007188601292,3.00382390879715,2.8163897184165,2.56736498283955,0.932679881175026,6.26575280961752,1.84255485174827,4.34311770810255,5.3513545065836,3.17556207220957,4.96112227049604,1.87469509026679,4.14743896785758,4.79240076704819,2.21642393657633,3.37945158646623,0.338405263206111,1.93986170944948,4.17016082128541,5.94385101053265,2.30891883978317,3.73578142898873,5.42051024882071,4.40485140568456,5.81215879441753,0.163255418300607
7.61674887209037,1.3180002045017,0.807903101184154,0.0125408740120262,2.39940528959273,4.82974729986976,1.16906983071384,0.400020372259863,2.19923970206399,4.87720152576303,1.72018197531821,0.645304872498133,2.18173899740939,6.0757667064023,5.278578494142,6.22561882098437,2.5585223320848,3.4579763768818,1.30035733931984,5.19978411133111,0.130524705083595,4.62984306704464,2.6361689020561,5.4946133371575,4.19539931366707,0.0265847193374118,1.53878978289673,1.63441670008452,4.5519460893857,2.81612049321361,4.64616466119026,3.99362777855845,5.73901380185214,0.671126751740192,6.00815953170925,4.44361004797759,1.22971197050809,0.50172465784016,5.41836839631253,1.98695320041624,3.23873851715637,3.30445365600997,3.03807064255679,1.13714774107639,0.0408304590610809,3.58468007745665,4.27556878827033,4.68685180548171,2.25164733638946,1.4893897764796,1.77476841692546
1.72214792801863,0.738799497347393,1.20942580838801,3.53458182170321,5.47189720959103,3.71115378243983,0.932174924278687,4.75338671681354,2.66601053054257,2.31482945014382,0.599872770971601,5.62068704669069,2.35065104154832,5.96411017596249,5.85200427073584,5.9882875202345,4.51020830219934,1.14185520957278,0.0420241343824494,4.23840873215341,5.45316040499077,3.93337013606006,2.67901491990758,4.70892569153052,3.17152041430401,3.51888077546304,2.71198886666196,6.24527293666289,4.19881013642724,5.05260491485253,2.24525194423571,5.99719906126452,4.23185795761878,1.96622467381276,2.93159441182868,3.99466240396332,0.926573432896944,0.712708610877245,3.11273725864106,0.729442815215454,2.08427689045286,3.3009253097259,2.75881237298038,4.91166910456175,2.76258037157836,4.85689190428863,5.74209913411718,3.65623286802044,3.09397466864673,1.91138035632108,2.62987745754647
1.60197336395416,0.447372403084871,1.93590446045417,3.92967769718087,5.35335579607106,2.34132263762285,6.15681681526467,5.13833457534557,5.41128258143418,5.92214385463962,3.80923109911374,4.92228938657341,0.112238691374868,5.76376111071117,3.55882399372698,3.35542763939527,3.56948514528102,2.62700737173302,1.52251721698761,2.36936649778505,4.36462546533554,4.97899291348577,0.608431637562749,4.79125115189354,0.175734112442592,4.35286550138298,0.671351577379368,1.64402161454491,3.28732848535216,1.93044862451099,1.5681547224529,3.35307320002056,5.01081661749364,5.77962666208935,1.15432583425864,3.59915987968425,2.95908545865541,5.44378866065429,5.85016318540725,0.945530351077249,2.73221215548883,6.10095564974862,3.29539056398152,5.50885002726993,0.0337002212123401,1.73872934665638,1.47211512192662,1.18727053581769,2.20193519591927,5.19564587888855,1.95203232182148
4.67374095159234,4.74749914741265,3.03505969236149,3.00476190992581,4.0209607395317,1.70015107338502,4.41950751002156,2.51668196947147,3.73899416093763,2.87702687404885,0.115631232047805,1.71561465144798,6.05422179836469,4.52125887962024,5.86471839374724,3.72577571154758,6.21190632952977,0.93803040164568,1.24344881662287,5.85321468037712,4.12536476728138,1.69994560507787,4.40563706730195,0.0923540988046301,2.75323399277845,0.352655358036902,1.33985716320605,1.62910302027986,5.94645271378403,2.62393282995173,5.41532298708186,0.776035492078893,4.1661550458345,1.6555803409494,3.36963953889792,2.64935606548011,0.419084042498248,1.63986412278583,3.75503696824781,3.02774094874072,1.72491706370793,0.837802955273092,0.163453168251972,3.70600721761903,1.94318374917434,2.96175150104392,0.961690420048987,0.546739922803776,2.43223041076507,1.72753257398014,3.50033280579137
7.84514506299179,0.700117133065939,0.92478057558867,2.68293524338765,0.77490840293682,2.04018059990536,0.626161142604941,2.45321631293498,5.47770842637154,4.64032511353824,2.57255223872673,3.68917140630563,2.03053995513381,4.7134050062491,1.19941770639039,0.395260841434871,0.448623685194364,2.48234097697414,0.968722374672408,4.18186341544257,3.66451139708298,6.25710650441277,4.10542100113776,3.00902111399018,4.62197109900843,4.2325811775038,0.1489050418984,3.84100424613571,2.38851570191769,3.16996969919622,4.850411542927,3.66807230499766,5.45072680565587,0.263301502330154,6.05718246075102,5.85462181153835,0.782812825810618,4.60201825692104,0.724183316044774,0.771112089559416,2.98565512749163,4.63083086444179,3.66233688785451,2.12951663141823,3.23199174817208,5.05786467295971,4.2239739190455,3.6014586111385,5.92718967268105,3.63239681083298,1.94145609119902
4.52638198497753,3.46675062743884,4.33347655277259,5.58964485107578,5.84427219131513,2.97232979876963,3.85724288112289,1.98486165180913,3.29632207560558,0.562998466643101,3.61313759379786,5.48502616789341,2.64409557445097,0.00109785418717644,2.87625805061855,3.0387579024525,5.18015936080719,1.15862397535061,5.99784156610743,0.296656509985821,0.385312196816747,5.51328880306561,5.96811971257578,1.37864887768809,4.47028668830959,0.39996760773058,5.58213054456618,5.90333257287994,4.49094400006097,4.25983642095409,0.00886384843772323,3.92308629594827,2.17070025206991,5.101066580744,1.7623411311877,4.16593441438146,5.80546226935467,3.30961266733778,2.29651310868039,0.180624660747845,0.0541296395853314,1.50928296954523,2.04540552593308,4.13759151620884,4.89677259011928,1.31864975475808,4.830223418262,5.87024738144606,6.23377547434172,4.88528313288584,1.30469312275691
7.68562858871704,2.68388854956525,3.76494685577726,1.63062467452001,5.40234437287049,4.77320092546915,0.52252036017892,1.13442941545865,2.72595560596415,2.442596822362,5.58990763358744,0.522432630444625,1.59797498502082,0.605537295104625,4.10869352986314,1.57005123189585,2.05557169330333,1.73813930498164,4.80024685021191,4.63809995954878,2.25933064651017,1.88954663168167,4.15357193884044,2.87367509905111,3.41567523164645,1.06664338586414,4.18356890143148,3.92412280998038,3.08113061364028,3.18740413805058,0.764151779886008,0.621459525780872,0.738055426490998,0.071772794424977,2.70132676859993,2.1820904283679,2.97411908216903,1.47176888725312,1.26382360963478,5.93528426905348,2.62462848553429,2.02426327293052,2.218105265399,4.90864016486283,4.54978376919068,0.647639961855406,0.0920283113371316,0.461475224489704,1.24543507462706,4.93753594220223,2.64060275513245
4.598765050412,3.9420362740452,6.01370962346428,5.0818802711572,4.1264506006707,0.199801958759283,0.117858306848695,4.80229240174877,4.69773902908113,2.55062339661672,4.63285332235386,0.0354118148842296,4.35287545800343,1.0967773097716,2.63289639234865,4.88328452492722,0.37335472868306,2.33479581983469,1.16044709750811,4.64569273698415,3.28115864444495,0.679143569147102,0.246394723397806,5.30746554224922,1.46027202180253,6.26939932310944,1.9915702503349,6.23133831865298,3.42145229075273,1.55578030218577,2.37577516153162,5.72660477040617,4.75455649536809,0.107404213793758,2.32571387664387,2.62456850443012,0.0314703185908025,6.08781473794261,3.73462755235371,3.41456373428527,4.69609395868306,5.31340362621139,3.73429495500256,1.86751151442488,5.28455292869261,3.69107745836321,4.25820685017306,2.14683092373658,2.75832670904767,5.82390699211998,5.88104828556421
7.75279595064846,2.36704119681264,2.40310755781849,0.596138337566031,4.49268743560777,5.71595510861072,3.33787170373151,4.65551023245939,0.195164597686009,2.44108381543062,0.271837544473429,1.19574342963916,2.39932786465338,1.66037673584707,2.37937852186604,0.0797172719957848,2.01824536191751,4.76886100636267,5.42406636421576,2.62378268335466,1.32661194972974,4.08917609608368,0.887631018834802,4.01375137536989,2.43827615525745,0.90981070165619,1.91386485057596,1.80282986428881,2.84638246195179,2.49397377384683,0.210248489990669,0.794539015373481,0.234180223483428,2.68859535828558,6.13876843796874,2.61070638864022,3.47661127607158,0.976089891981934,1.63159305314258,0.923391667997951,4.22569605157924,4.4902075700257,0.607709250078125,3.90147646653213,2.03882880947215,3.4154501573112,4.69046356735466,3.85221354285362,0.50105670992602,4.23139482847617,4.82981266304954
7.82592907768653,6.15202065735972,2.78411387909538,3.39402860545187,3.12101097031436,4.70181072069486,2.44004968595498,1.25636842842227,2.36014926393026,1.2701552522074,2.2438707974254,0.738435359482447,3.98646500687455,1.47191833018659,3.88963633466883,6.1296587871095,0.0149353871016792,4.67500068271488,1.05999740462092,5.72967108327326,3.08054874821468,1.63035991706894,3.29055333172567,0.195293790907425,0.837238548311848,2.43637362298077,5.27793597759575,5.51046029777273,0.787548794877025,0.46346000787247,1.58982937669496,1.94687195290568,2.24306219140085,1.42735278525848,2.50122647549382,1.78272857405224,2.12068963681276,2.83855853321947,5.14693734703411,2.74878681690715,2.94803323837751,1.80190767437875,2.26798285312644,0.909644057731944,0.119659296518573,2.60512004431227,5.50087949512813,0.484920515777336,3.48174653985022,3.30459566731959,4.1649511081428
-1.55374246205689,4.95827731322644,2.54631346440503,2.53369198214391,0.254749347607153,3.94286388776435,2.33948902341689,3.86374888597554,3.12028683171679,2.74123766222599,4.83086279246022,2.66752356380648,5.24964678460874,1.67158025403857,1.37764304982561,4.44036234058325,4.25552219946659,5.68427153459983,6.05087478809114,0.298723623472252,0.48068744528153,5.10559851223714,3.85484973586165,4.92598168062371,4.4128884303789,1.64943146219535,4.33509472303302,5.21600010766102,5.23748540910149,0.962495551643092,2.76363944819601,5.52526029765784,0.26754956919919,1.39321624726608,4.8965811672886,2.48766182215156,5.15514672688488,2.31349757002567,0.926055208796545,5.72059971112849,0.125822854192632,2.70721687470077,3.77722277630719,4.81770556034012,3.86159306113678,4.46154027415776,5.12440780296531,2.8073987438606,6.13587846085816,1.48566675529797,5.59577185774163
-1.44186285743741,5.80207185576462,1.43759348830487,2.21178722357577,3.59969697835371,4.04550787145828,0.143291531181718,1.40508981704792,1.6356816151276,4.19937070322853,5.31020055976224,5.79652188104304,3.28860421574859,3.38877987920993,1.66730935833291,1.46815685620325,4.51771098289896,3.89730622397908,5.15766149915524,3.6622884257673,4.02342645138135,5.26903017559335,3.8068927913367,4.67013422867039,1.65308385661795,6.25161988135861,3.7382656394375,3.15438353737573,2.93083845622581,6.25675024436168,0.566773335104382,3.56909943230024,0.990940091900939,5.1565653317126,5.11638320576006,4.66169509460944,1.56765923063654,3.88622449518059,5.24599296530393,1.8397250605504,2.26079369478914,3.41583652860512,3.8795812598346,2.93178805975775,4.36672370240411,5.51432762411954,5.99231582901258,0.190964694468896,2.27005640052659,4.93075763855581,6.11665302845316
-1.58076736391529,3.01524930631082,0.295105364780111,0.680786361781723,2.79902717613406,6.08623843200885,5.30418888516901,4.6633433366139,5.18912664340479,1.82686374896229,1.37878812115671,4.16161162311985,1.46583179076065,5.76853640886722,0.540086872740393,3.46615866202682,2.91765682848382,5.98590744322045,0.889949792266737,4.11825269594935,1.14812115249445,4.29996013405065,4.24420447564939,2.99503295903024,4.23172953828103,3.85958021752234,5.77536505152474,1.46336158190082,3.07835284234639,4.03295213127273,3.59393573339187,0.580183407744877,4.99678686738394,2.35806758416851,3.0747541209252,5.7565071728984,3.57884544228353,2.87039873601744,5.71661879797033,3.41473963555512,5.45676605918074,2.8156938902096,4.75543427693693,0.138226743481552,0.893286111534969,4.89110633242833,4.52679904986486,1.96478482156285,1.64427114887044,4.54565971096138,1.60275562721661
-1.52606528622848,2.9916279572211,1.08206126090338,5.35408405863469,1.05538127195189,2.10822889121269,0.083336591303533,0.238725733782177,0.940050611052653,1.33256939248686,2.55484685866658,2.22046547452261,4.59142704601745,4.90571473832136,2.8059109898211,2.76298161928622,3.82239554780873,3.28187890777252,5.54089636546569,2.20603874111126,5.15429239442993,1.44534541513516,2.50340468005335,0.00474830292873336,5.45158916075357,4.03615793191576,0.992806828035135,4.63296377413176,2.38802177396075,5.08894222437875,3.71831131833993,3.11897559337274,0.926861168402283,1.80310872280724,1.4128749916174,3.69678676534447,0.0956761707136882,4.98356172806952,4.58945459064534,1.44923960650958,3.06342317818023,4.50573924253649,0.822015040957375,4.48140351690155,5.89175631486518,4.98391619458305,3.3634033122312,3.88852569896639,4.99998156594168,1.75253321490005,2.31483274463533
7.71488459964543,0.604643869089845,1.85903776333342,4.66511613438948,0.664311838568847,2.05255235619867,1.45196366530328,3.95202932554162,3.35914892409314,0.654652872211271,3.10929860825318,2.67107449461986,3.44794734637814,1.20625694935231,3.40213880969729,1.93826769489237,4.66470518022016,6.16456082624524,3.08553805226779,0.146658355217739,5.722617625217,0.430756294271529,1.86326423899452,1.68813827183791,4.6732958711312,4.43402992851573,0.405347319268588,2.8328846434849,0.786431239572075,4.61777709573993,0.646078760550819,0.00988367788914195,3.35320800206989,1.52215666034613,4.120654977134,4.39271567513124,1.05742053586685,2.09710964295423,4.09198253033151,2.10039019432236,0.919155942305831,5.75950955624543,1.31163932551128,3.22835983021383,3.54159644513615,2.31599475802071,2.26703298626925,4.87540244373833,6.10726720353016,5.5802619081014,5.83858294386656
4.63800879334696,3.8168130407149,2.9898282841775,1.70493893654446,0.247270105780996,4.24064691489128,4.4089240364917,2.1911988620793,3.22036671793148,3.73856620619731,1.56086279850929,1.49753544771093,5.02356993646913,3.95960944142102,3.29070851807551,2.67503879926906,3.52909009891663,5.5442958871837,3.46514695469658,0.29236871172467,0.691989758551025,5.72151585479812,4.49768976548346,5.04253874085883,1.36482714282593,5.2253648285278,4.29021288790158,2.1729617566478,5.69355345137749,1.05375580465608,2.38932336143424,1.71383460637624,2.35590818980964,3.33886651728377,1.83312465213118,3.62438219072903,3.15844095383484,0.879595882767704,1.93856427812626,1.0476029423761,4.56017925774736,4.50643572320485,2.02218821141016,2.06268021267026,3.52463440301044,0.349342752670735,3.66213531968696,0.735331215553821,4.0134202321593,0.215629715648888,5.32552838487911
4.71284883137201,5.92084566406191,5.37578751919665,4.76924116756934,3.26404070206536,0.439977874455929,5.19777069864153,2.76512086926314,0.0302614084405566,6.12225038709133,4.09911637866207,4.06404064287402,4.73510631485857,4.39871138782532,3.74205113453571,4.3079856294876,1.74531074884392,5.03685575762548,0.933856244323844,4.79169319746079,3.26246622916796,2.1730232855193,1.16966121095863,0.450034208862623,2.10987628765051,3.5045125134244,1.42769103678801,2.92956840634028,2.0373080534637,6.14958784214892,4.19052014393863,0.176718764565877,3.89803265496927,2.76669582492351,5.99653016976822,0.0761406713588693,5.24971745232947,4.55114142299955,1.10450581382053,3.27464217826512,3.05606833266711,0.340740156532361,5.94736193053656,2.15571620977584,2.68279090164952,3.67961347053353,2.62137287545649,2.73471387121533,2.52842222938042,5.74991370309963,0.953485452359149
-1.47969950700971,5.00547003519845,4.85769541789534,0.750783109290075,1.26856726926153,2.02361192621074,3.34295825818977,2.76965975839466,5.1986729109423,2.07762018602012,6.03270017559415,5.3360929092311,5.93763823005397,5.11246453684034,3.34259480497049,2.86873227044246,2.25470740991095,6.16407280701442,3.11023090253841,3.83658435953826,0.964003062391252,4.76502988723833,3.2286884469649,1.81713280118354,3.31959492981337,2.6327760892804,5.22899074267025,3.214052037894,6.20728920646521,0.370910158925489,0.989371891996261,2.92295181073251,6.17058755280259,0.976723565188395,5.22391467002002,4.13306973005258,3.57008397470467,4.31043385507745,1.1557477760025,5.51501724662794,0.0564206980342548,3.85662596125428,3.66736772122606,2.20440170505928,1.50018003347998,0.97445159489457,3.49936306958082,5.55578459247724,1.56580670236273,5.902460650298,3.86822104702471
1.66369094418675,0.673869209654572,1.86097122169829,0.93462723872457,4.5789278988178,2.58515344933201,6.26587042530526,1.37216254030611,5.89834551879483,4.90522593642937,4.69988163499212,3.24328394114296,3.8716275497878,1.87114367522752,4.38532149467681,3.13924078602507,0.365469556348268,1.9157340663563,1.54411553470138,2.25523877540445,4.76213782546949,0.811848096777627,1.0210663779131,0.57949467176483,0.512433493208995,4.04261575995022,6.14060992121105,5.95163769044483,1.59486228009559,2.89872832602429,3.82366109629533,5.99199656908556,0.856728366586724,3.89383112352434,3.77261939589506,4.86496829171973,3.6974235589552,3.13867852516465,0.75122167603814,4.01838757049745,4.74118053505136,3.963366653924,1.66741205810791,0.263624851113214,1.03566966359285,4.4133550295632,0.765859564119219,1.17423717921179,1.94107095314505,5.11409392768244,2.48798508754829
7.81962112254007,2.49128955323827,0.652067477570635,2.33487450142066,0.0234735914378756,1.81861931905726,4.55490509428585,5.01948900945357,1.25018535834687,2.56821007696683,5.42522384548093,5.47106358620441,0.0959056572098648,5.77347197116177,6.25534887417185,1.83680659164731,2.85397734745212,0.487691872175454,5.62861052992414,1.33268896263315,3.47619937393135,4.60192789100837,5.0005218011075,4.12128639744662,1.16518714957887,1.02514696114292,1.56299443546052,3.69147525212148,2.79833136255635,4.02147212156425,4.958607992692,0.37064205139202,4.68894594637965,4.75921880943504,4.79514380720397,4.38112546087801,1.49601491406603,4.952736800659,4.55101853202922,3.66153376923568,6.07498077853383,6.08317711793283,2.3316146137704,4.94910203732508,4.12933584231545,2.28542969021153,3.49820228358371,0.399177213573205,4.88357124516741,0.364991168970085,5.72466360538885
4.64007478092457,5.08531795163039,1.07739868204826,2.16278428530955,6.06334848929372,3.18067100346278,0.199989133275853,4.16692274135496,4.08223463903556,2.71679878184852,2.88761838192481,2.74861145984283,3.24454755418894,1.31251229993131,4.32842516979078,3.09883850991953,3.25114965959313,1.42536065071237,1.12180850812434,2.52631002290711,3.2767511297457,0.151987353237611,5.38506743323946,2.22681318139865,2.8584092694766,1.07591629838103,5.13729662180207,5.8402084945487,2.81896486824182,1.02593507314809,4.00374208255695,3.5748312579795,4.26747988264923,1.36156632475977,1.72000526944341,4.21803326473626,1.90542487826295,4.06302689916181,5.8259985334125,0.0961842582547166,4.77572378475065,1.99112504925335,4.047481565922,1.76486316099465,5.87464691007551,5.01372792541272,5.59812916589869,2.61309859324514,0.197281305558245,0.00934697713340121,1.83590332604553
4.67276269308938,4.61390113525062,5.93241582902287,5.55722395026084,3.16519448150066,5.62710093159188,5.23405701669519,5.22708449604457,0.792173216439888,4.65789372831299,3.82139301443776,5.92981892414278,1.59293089468564,1.61802040495302,4.6102468785333,5.86217003287778,2.56543277673256,2.91950058656374,4.0690421301089,2.82465045546935,6.1670255681802,2.4900278112645,0.95960123112874,3.40113797770005,5.53667935195872,2.99367693637502,1.96913144229705,0.945150236683959,2.90989191386682,3.94111556753408,1.07500949251749,2.84162196413795,0.360865361090769,6.08593955491942,5.05767850200494,4.71960984161969,5.75448174672556,4.33051110225539,4.75792673824366,4.23936345150987,1.50671787581878,5.98134467487712,2.39955785146754,3.8106455068295,0.162070086001045,6.2419066729245,3.13421578091915,2.98700458164467,4.81441184856094,1.50649374067694,4.42183726704244
1.67985102788901,1.9153617112805,0.166661245195539,0.144296690490638,4.75422206351766,1.24857534678057,0.580091953421152,4.10459399745545,5.98020693422851,2.35299120869424,0.387302883073963,3.91000186009471,5.65207803562281,3.30942392457303,1.07829646170724,5.48988530588459,1.4209838587557,3.37123411521557,0.753975278462448,4.16534608285794,2.24714972056571,3.48611684815396,5.21461278002182,3.37101643154246,1.10183424745335,0.771733187522067,1.44960126326546,3.33405305452087,5.50149210377716,5.74873354221548,4.6558322909487,1.73716794200618,3.16375017759103,3.78644496652843,1.58980184603963,4.52055270711961,5.97363215613404,3.07553788660075,2.02428399077636,6.15094765961363,2.87817005528979,5.94906572978092,3.39084532789558,3.74244619117426,2.02060689059323,5.35337716198961,2.7780968926466,3.51774411005922,2.84643103960953,0.685770767985106,2.87930363539938
7.88870097991386,3.14739934410176,2.08995355241719,5.11880110652104,2.22492065401872,3.8825074573339,2.21676071202152,2.6173275090536,4.03028712901897,5.58295587028146,3.8005752293506,2.99887270790833,5.96230438060672,6.13915323223696,3.45192726328908,1.94326000816797,5.14579356453384,2.41615549825472,0.403544562393671,1.67315825403147,5.09235836338322,4.53592135203964,0.859750802151868,4.85156098692024,0.348283127458806,1.73741292080482,1.8444060546183,2.8969156754344,0.546442621277117,1.60192920138694,0.353706087243991,1.43390603651341,2.3007893162416,1.19640265563571,5.7422190144021,1.81440699566566,1.621828190534,3.66296590898148,3.51856111762229,6.12690516713017,0.266569108336203,0.0741440207846442,1.28325068627907,0.425939656976395,2.97382120717849,0.821045609033787,4.56594101765636,3.87789830570995,1.42152716166073,3.37366727860088,1.64619045642874
-1.5363664384199,5.22209180826194,2.15252098017884,4.98284749342735,3.35645199072647,0.761909533161718,0.30400527268557,4.72002314816128,5.08305814403747,2.8593590880575,3.12949857231419,5.15164208133661,0.919001469860005,3.92603796577716,2.68183495636771,4.04171767600428,1.00042575074242,6.05437991640237,5.35669041981724,6.22277343507977,3.21807433261586,0.122006235512288,2.46161646754371,3.29494473091935,1.479619021237,5.19539284380005,4.90010412418247,3.42849642855791,5.37755969084328,5.24151735908268,6.21946825548577,1.40402954083745,1.24117507473525,1.24096713263363,5.0397195777608,3.92387282068732,5.29210331515079,1.61783192843936,0.113892833327949,4.20454597489079,2.63336648498133,3.40385494134106,0.0605153720910077,5.12820049415755,5.40051670103776,3.73131677417223,0.849888567715932,0.444054282517545,1.54801702749993,1.85646499513872,3.6748674907187
-1.4253075953038,3.50385960138227,0.530906494180777,4.31987870874495,4.89094439178571,3.73382598589097,5.38790074275532,5.02920709233073,2.35600332483525,3.97455253517514,2.81313010140608,3.25114688590045,1.17381754554951,4.51188540465167,1.67360492973444,5.29848448774082,4.30429269760502,0.376365479921506,4.17576677603021,1.18990263411801,1.72920503020466,1.86606932296896,5.12063343774785,4.3376659127391,4.17977377740648,3.5045500109406,1.18152115219565,3.34005540008551,5.25138408028836,6.18678390214269,3.73023189021674,1.62662636287714,0.671456405700174,2.53617185504057,2.24628815105502,6.26083168193566,2.48086512962489,5.26026490296456,4.40293824091929,2.22573130959149,4.96508112431248,1.16258261850684,5.34834405524336,0.60958009993796,2.20608143491248,3.17088625833458,4.29445938798535,3.70839974552885,2.03753506470249,5.69407396933344,4.25763948226563
7.6479663700436,0.965836506898718,4.66692544221155,5.79556426657169,0.459346808884079,3.14391413195726,5.55456209913263,5.76575015118555,1.28163269156881,0.831365344766489,4.49189070847803,4.67772935994095,0.753897881318546,2.30220907970045,2.52449434992847,0.910420823344493,5.76433834600105,1.13136645559979,4.29019982258021,5.81673155010259,0.856737705855742,0.245329116313851,3.90022317876195,5.51821504364616,3.55611670875198,4.32119685206234,2.14405791862979,2.60695796242322,3.21308547036401,2.8927463925556,2.87197463672288,2.9544360372855,4.91741229272574,1.08689589209089,1.55105637878683,1.03389637866556,6.27923887207472,3.94554782602973,2.08369258487991,4.54120941761166,1.22806183548763,5.93250607790209,5.54739281453744,0.94617845011889,5.15267013092471,1.15627965936901,3.96979258156682,3.98807838168951,0.268277763005671,5.38388579188221,0.400792747655256
4.61115406090605,4.22731141449987,0.626773120736287,0.182458206196658,4.94098113768559,5.49611323634289,6.00932185084451,4.53641817657438,1.51716300411173,2.80565713988723,0.781640972838238,5.76981240844058,6.28114738329759,0.442291363827762,4.75984691770113,6.20722345122338,2.5577054927573,2.15314701256417,5.68142170727594,2.48797482956672,4.501528935046,1.27160218936956,4.80448785411246,3.21232366747757,3.64780031416501,0.123661486357272,1.95567896697603,3.85464522137708,1.46741135461297,1.83982468673451,3.40905437455832,2.35810041058729,5.43948089063552,2.79483841742688,1.54956978337845,4.06391302082662,1.85203235921022,1.63280449852986,3.71593058886442,2.78565007474124,4.71240993814909,4.89769897275255,0.384807159459914,4.4592984019405,0.926719143926394,0.232240253670184,2.01449560883382,4.98016338253765,2.15199214845945,5.44515331306325,1.17463618719208
1.61494199859014,1.14497847822945,5.59391334613288,5.77732036003404,0.254623415230136,3.12135126407753,3.88265012695667,4.8889554054393,4.27824132894095,3.7399820241661,1.05030196186395,0.169415108019265,1.90952149946366,6.07908482258088,2.85016235846251,5.2614634717469,1.95514885520332,6.09766426108335,2.85610423138251,0.259865542248625,5.05469669898945,3.51690676062025,1.03641631649966,2.58339127526753,1.93250998872937,2.87477833238806,5.98173581528397,2.61320611187229,4.91878513747594,2.46704780838657,5.24761626162931,2.40942392460052,0.0350132633343864,4.39632226412587,4.12939145660916,5.37850060464184,1.68503398161747,1.2616829303869,0.593953573281829,2.11366901248987,3.0009060982072,0.97290327604659,4.22755832435037,2.08805633784773,1.20072810063071,2.98529756398053,2.39656365899884,1.50934988926985,2.37389583113568,3.34331678430097,3.14536634879077
7.81150865305993,2.20321034992598,0.613770236713975,4.66997824941894,1.69738215128259,2.19902024533416,5.59571926291085,2.25438777255106,3.43196246477223,5.62699201148921,1.90256305939956,2.31751607871554,1.92317324617085,2.92992024106418,3.58725802145551,4.02084822503931,0.360484538645128,1.47234045519837,1.88792583109454,1.53898092631005,0.896145683356185,1.086918873071,4.15910784760469,3.50092113731488,1.19372682047358,5.13492086332219,1.31122383775883,3.63100485013223,0.128688128468521,4.09656740921869,3.39296162761368,2.51265159797889,3.67939999860156,0.413748367720263,5.4817648436576,5.19263044338641,0.716018373793584,3.30036739958384,4.61249471506757,4.9238245888979,2.54368682132623,0.791889034362563,5.64976223922916,5.14633021116161,3.55344047421321,0.0927425693859891,1.05428030613796,2.05802240585391,1.50510600927235,4.05186391257862,0.903119494300546
7.98902328091568,3.28163653004223,2.33586793251534,2.19437682631712,6.05549356717897,3.34100893008958,0.645771865207396,0.162313348796774,3.34309370831181,1.21504516638826,2.02994803214642,0.24661766918725,3.61190258226324,5.70002203039692,3.96603362526549,5.96055674063336,4.56447006376808,4.65436562779915,5.45349814742481,3.16027344013096,0.194053350483817,3.73651741283399,3.59447182411077,3.4968029951263,1.05116179489088,5.33112469021627,3.84710725948214,1.03044306398686,2.17021894763308,1.73077267273755,3.91282611853641,1.60891988709135,5.51115158361899,2.29519202636058,1.90792168882513,5.02959569457472,3.89225302844177,0.212949714096066,0.313659374840533,0.0345309992232933,0.267716264325568,1.52481497413842,3.58225456366998,0.502840197243997,2.30375053161096,6.09040558634184,6.0148010890882,5.26204538252296,1.66960432569894,4.27688347763814,0.4427858257498
7.73596964410165,1.34189530798868,4.44375660018493,2.97840738221109,3.41178358282366,3.90626379426355,3.93998968091067,2.48212425297529,3.97266340030223,4.90441286557884,0.516088996332516,1.16890638911727,0.455468525280857,0.0481945092547587,0.989167419936322,4.81467959475365,0.627667483018637,0.207317246886913,1.0856949650846,5.84008077741163,5.38613020079942,4.62140163327647,5.48062249774288,3.66094202911305,1.47668731731405,5.88598455152236,5.72347508246496,3.86361888522334,0.618806633562976,1.81106735996214,6.27092833582753,0.874707016818242,2.25412355930551,6.20959294695096,5.26082747542653,3.59929921092795,3.85077902294011,0.557314114118431,2.69969900013398,2.49738687583337,5.7729498981239,1.73761004316433,3.58176919524672,1.53814739508727,0.172254201913208,0.204349594678001,1.17445474731438,1.18994970350721,0.665035450515904,4.01114051278841,2.09446463440186
-1.53244125999688,5.1587352956546,1.78979242028979,2.99716892621899,5.71892151587635,5.11698330792244,2.98052858563058,3.47304081237601,3.7537172537564,1.87409773692748,1.49770199069383,2.39608680768464,0.980704969887024,0.600745855110488,4.98317307316048,4.2593821790388,1.89624984959475,1.41404156930719,3.82390554551762,2.61107925720026,4.72342782959135,1.6939156323053,1.53671707521156,3.74065295643312,1.87969907616574,2.01906691330414,6.27066601267215,1.61944371745113,1.76837980978576,0.185262380236048,3.97450386974232,3.41960413221522,0.986490304720871,3.53583534061445,4.71872557932376,3.38021820820482,5.56124670726482,5.34863262168617,2.54252865395248,4.81388667998842,3.18739185392746,1.45126497123986,5.84430859603153,5.71414330797624,4.31724305116494,1.58145949425005,5.06360658545912,3.4427073435167,6.28054275194084,4.11772515306079,2.15889240388278
7.77173379726486,0.856472968885527,2.17628590004886,3.85555596541608,1.63090138840054,5.42639001355365,1.68266164490298,5.43064562030247,1.5867714170901,3.51263903359515,3.19321113138658,5.06347679536713,2.41202713612044,0.883939072959008,1.43947053508569,0.954218485498636,5.62623891442826,4.86533033614891,1.48874112299201,3.1001665396373,4.50353283730514,4.16551980291694,4.05116627181622,1.7711618001354,3.78261708776763,5.72787705270469,3.26601082700898,5.56695596743271,4.91844311600652,0.0059236464236505,2.7730624297753,1.08239353641256,2.16640402886354,6.19215154168071,3.29490692911619,3.88342382044125,5.89313493667889,4.76279808721204,0.764407634017646,5.44501525455827,4.28122833263022,6.06362068714614,5.27359088999969,0.411489374972719,1.99230269684424,5.50050585561026,1.49047039602889,1.63232415669312,5.6082909518293,1.58024705407848,4.25286032346877
-1.36297219490368,4.80179138595373,3.33582975828771,1.27000366756186,3.52862427800474,3.49422524569555,5.72902289791946,3.66054432898152,1.95691502157124,5.39741740375673,2.15797461881907,0.317406642426412,4.15236099377115,3.437772230338,4.44301025887968,3.62615145555744,0.736837547190008,3.87970648415927,3.13040949629212,5.84226670032695,5.59751661430346,3.50508844379135,3.14174585183397,3.81791452586475,4.8529975578449,5.81761563831127,6.02947848473493,1.0877438374455,3.77614748470555,0.940183559584779,4.02510217283902,1.9578460723761,2.92614944682975,1.88430341917797,5.76181533457607,0.805326759080593,1.11724868609802,0.604912857299998,1.5088248889329,6.0744401703239,1.25887728465192,6.19686708841073,1.92309087803132,0.723525819217392,0.655739938840531,1.14793712764051,3.3192105773464,3.58275081327791,0.113689761280612,3.24992067820684,3.62456495308467
4.60400087663944,5.33786618976964,3.99538090593753,4.9366403847158,6.24322274767572,2.98913498243012,3.46649772255005,2.06344237104579,1.04916350731132,5.78985544235339,4.36681002042246,5.87902936937682,5.09661210930024,4.18849837213515,5.30261261434529,5.81069200253119,0.5899700970912,4.68844641837231,5.67036263176391,3.95245835845257,1.71421565850002,1.13606034236473,4.04480281808997,5.98171177515118,5.27898262818723,3.05147987987106,5.15989776108166,2.07851917404944,3.11494668040948,6.17278223274553,5.26606418818521,5.5530451964504,4.61294749260186,5.85502976233685,2.03621560183299,4.91062261489126,3.16139320005346,4.59817781608269,3.38088407438653,5.04622815003468,5.81606748331011,0.785334355299585,5.53839821194471,0.846564659844685,3.45000135504442,6.08779113083356,6.153926571903,5.1826763947489,2.18345562644531,4.39294543080435,3.50360060636552
7.81713301331133,2.20441354591821,5.62138241407839,3.70686819172206,2.97281212871203,4.38773177070876,1.7651624359978,0.348280716569811,2.21691559262149,2.00190687691975,4.49552132590211,3.73133566337047,3.8891104536552,1.23013965607148,5.69048399031069,0.904787197504221,5.30746942629672,0.0767080187854526,3.30686572119073,2.8013932457075,1.5963054897425,5.49450832597193,4.95564522662947,3.43217147480405,0.290383953211511,3.37814164573052,1.63298017158449,3.24038157165333,4.05959817906186,2.98867803411639,5.03865401749023,3.26850310398803,0.755220584551588,1.32526878319861,6.18646225619628,2.76557354878192,0.0306823616549476,3.42250461454052,4.85532060153471,1.8316785473694,1.24994506527484,5.2848478544403,3.80691729960328,5.74884700614171,3.95541912178024,5.17082679487979,2.11254850794207,0.701293213871568,5.83611308903291,0.504657492598786,1.33369214700267
7.78020847599124,0.834454773202155,4.01987126786512,2.12983959691676,0.69306786480705,0.158956016173251,0.79097874821692,6.02506434009095,1.50595043484607,0.427398256521492,1.06919334424014,3.10593324713524,5.41717016985301,5.13223086857597,3.2196899222888,0.508082277449107,5.32818872627587,5.25458623095079,5.73991076666575,4.8207962761437,1.15581659166895,3.07558917650861,5.76604268213635,4.05070197526498,5.93356627950375,0.822040451844412,2.67832937894062,1.70380656626812,6.00292034954486,2.26044076141377,4.91004111958393,0.862908784391647,1.04290681588358,0.864261686642599,3.71550138040331,0.157113454760315,2.50416950679146,0.625225054973134,5.35909947870135,5.28642036263873,5.0133259769671,5.04132049875416,4.91930094483568,5.46767472184461,0.698265159238081,5.72374257703575,0.84845136627358,4.31446927948908,4.11182397705883,5.06370724885216,3.38293865359086
4.65476188480732,4.42196772129924,2.19010019743551,3.71430386784782,3.80861745032995,2.17544522686002,3.23054723945392,3.97005795783224,5.36368583220996,4.56416325327391,2.61320541552329,5.14739417246272,2.07395363201343,3.31670898157918,2.68374846638165,0.63435664228897,1.25027527221786,3.09365737780743,3.31793075077935,4.79465779655967,2.91576601271804,1.99758731431834,5.20221288596218,5.1126150637961,5.35406491049995,1.8963460320697,4.38273687977151,4.89322966000487,0.0386726812266873,2.05221779414854,0.760053893261153,0.609955936758786,2.78129184136332,2.54101786919366,0.558632766531311,0.304701854295276,2.31522790660399,2.40866441410671,3.93997123643953,5.77244993124113,1.01822794672105,5.29230249437312,4.91589144016469,0.668507383753002,2.82541748389916,4.93683401801569,2.7493811229881,0.624083090880032,5.31763240889431,6.23243235169813,5.45085511234893
-1.78450873267535,2.80795256953538,0.758633395417431,5.18074006028708,4.50284087120198,0.281187176803144,6.09749025429241,4.08972746551901,2.13168331988665,3.51941938678979,2.29306970819751,2.23873923629242,2.94004684527789,5.36832542130746,2.49899861949468,2.48653288241812,0.0800552719034091,0.520933686544738,0.64673128491965,0.905471579840064,1.61198312197881,0.460412347210885,2.21980886276067,4.65857246963672,1.89446975770963,1.56095491407198,4.41192085636127,4.02294748907637,0.572002943932866,5.8704256043669,1.30978380995875,5.5941169667745,0.451731034376502,3.70843856406009,1.32162529941003,3.28978712838165,5.74474109979994,0.892343685079124,3.01190191714148,2.17736538291079,5.02239441888696,4.81399546111388,2.63700530498707,5.32542865775365,4.39351491262841,2.37285475718791,4.48693775793919,2.24910864540851,0.78338484287171,4.48405968313011,0.177668761622782
4.40294312519989,3.76020818177532,3.393409779401,2.97499234624685,4.467202865776,1.03751488605378,5.26293552136082,1.60699951013994,5.49680213470684,2.27723563881639,0.0154554105913163,0.931206735835466,0.549488914110298,3.6908507367822,1.06612815050538,1.66899087148326,4.79171946122907,3.93729573921147,0.79570697698377,3.98987280724597,5.91121259428017,5.46195927645908,1.93838881573183,4.73075441445302,1.63015000002791,2.01629925516293,2.44507295896589,5.9660698542081,3.95308084326156,0.973367988066567,1.75768822075816,4.15874835011589,4.81693921801888,1.42065679123488,1.51395507345997,1.36887240975039,4.97355459452367,0.909790286634394,1.97355753898174,4.852209298085,0.710693177897801,5.05881891833071,3.11143505381614,4.8961285579899,6.26930393207317,4.49088206742409,2.80820200291957,0.86258279796729,3.80800263560045,3.09497009662459,0.430594185393329
-1.54132200244942,4.82951095228779,2.68538907780542,0.700011722503738,3.73073818568312,0.289174166773335,2.91936154644074,2.66999378436965,4.11535020211169,3.95629388388617,1.44342409460159,1.80810705452782,1.95333239810059,3.71461901404921,3.94896567811127,3.793573814605,2.45156313943367,4.66653110386578,5.71292426419246,5.43566758107587,4.5215306356714,1.16623228312431,1.90617458866854,3.99534300465593,2.60535382886176,3.52952364346693,1.57271293088058,0.0049086987298623,5.34999402787992,0.121087008011344,4.12981950058748,4.08885677617701,6.235624261934,0.0228192311068556,3.77648245052108,0.365434203469964,5.45059909875923,3.05866803172073,4.38682748399016,2.29110525791313,5.31011016897996,1.64737335882137,5.18079150087551,4.42402936786081,6.16123352294113,3.77274416525221,3.80436779326896,2.29256300457699,2.02475397369018,5.23507360285722,5.05052107436078
-1.52989583653488,3.08197192466141,1.06263543212821,0.490945700419032,3.55996255653555,3.39522551674803,4.49114240101088,3.65178165156941,5.12994135643145,0.226688934526888,4.539845688304,6.03559351156463,0.970319657388502,2.97288968385109,0.911864862465947,0.554293254116058,1.8315383266715,0.563089853672595,5.36787438757153,4.22003391639144,0.691016212901798,0.941132212219969,4.91883041186466,1.30033182895437,4.89641478230086,5.56740523542652,1.04248516046851,3.59754752744902,1.18427909070914,5.37322425850655,5.04027612885196,2.62059759763163,1.81009117228286,3.72595708998272,1.21258246668693,5.04114468379647,4.16933333630305,3.04018205320266,0.0624843442551731,5.98101898688805,4.96640676947378,2.79805505097829,4.07707098879452,1.98758266480739,2.6092585737272,0.4845618082643,0.080250586096172,4.91109255245462,2.7822489730717,5.96292411805556,0.646177898120297
1.58075276137739,2.12710789583902,5.68122376129355,6.26887764944821,4.61380727588957,2.83438143982105,1.99316268201464,1.99696934700038,5.00739876248626,0.216294645563031,3.28836660859416,2.02615021488923,2.20130889581993,5.2009050357364,0.592932128768851,3.61296240204328,4.86562401256456,0.710491952053079,2.15024620839689,0.795186255682209,2.22269414536713,5.29763225896207,4.82087550486103,1.8080010514838,2.80228145203057,0.0084737993677567,4.14156042612415,6.15099928599265,1.07718426068246,3.37429520985388,0.89105005587999,0.565512981439878,4.44989479671117,6.14379043092633,4.69228891753639,5.89710781549095,3.84951360172738,4.43416289460287,3.20940861302528,0.329110521025648,3.1151958811897,0.348884195147116,5.33473870790889,3.97841793485884,3.78108336737916,1.40975824464953,1.8663191571927,0.315725805144221,2.6580712507197,3.25521591500328,5.39076129765748
1.62484837355619,1.4471019291696,1.7190363129682,5.64376254886083,2.23157365141705,3.46056025886514,5.99289058026757,6.06232169635224,5.31453275466126,4.22735239083527,3.35580073031886,4.79273051317201,2.01672001380921,0.161498760900204,1.39860623872943,3.55137553169721,0.00811129411938661,0.61062590788863,3.95443787094149,0.509056365840941,0.718653573480229,0.942959508082748,5.36910929962771,1.22383068287743,2.78100807768057,4.80067028892411,3.57588228269604,1.37072828956952,1.7729810148387,5.70916938065506,3.93723456582907,2.74713513265645,1.50760467627758,1.86442115118456,6.22292755642526,4.13536607109869,0.199505249714446,3.74441755082073,0.659335668594251,0.18705901772464,1.06721808006532,0.516436724645367,1.21462857120682,2.58175825931443,0.807409177615969,3.9565515417958,0.736986359605786,1.64909277910498,1.5928832884055,1.30438058201262,4.31720040710293
-1.40978037223645,5.68814647104649,5.50475522886514,2.01263245392308,1.99441050432288,4.43784250661634,4.88793190991517,5.15088270982002,4.58503432515211,4.21995441557134,1.42737455494242,6.04893891591143,2.07677686348664,5.5949518029202,1.96037942224314,4.88487097327202,2.79569472774707,5.6870345040886,3.82071316422213,6.15311020802388,1.22903327453482,4.79211207479443,1.35732296263527,4.03739986451581,5.75451540115597,0.703381958064719,0.938901986293536,1.66494975924614,4.57121622271554,4.64808583982078,3.41890323938593,4.79530173652522,2.08004669751692,5.38199972621144,4.48191894829134,4.8519563756412,2.03305826766592,4.43179189499551,2.08930387342403,6.26942058808664,6.16316533113441,0.886589460661152,4.41089849313574,3.21375196560049,1.02928813697666,2.9663837243489,4.26634507661429,2.01054812481669,5.71454635361042,1.79166896528971,0.276620752627534
7.75365792017457,1.33330065549547,3.50896085231557,0.0322090585737166,5.47448596894325,4.39508666157235,0.388874127311164,2.01081552576073,5.73319946466737,2.3771197968325,2.67967646755513,0.53302590845146,0.906738667316486,1.77679193545313,6.07274266747895,2.38510201622684,4.12198418742666,0.905363960271562,4.38681782726792,4.99349011273517,2.35015448326467,0.0756877811798898,2.20978289121871,5.50113021441731,1.85586627250809,3.74985463069122,1.10150580917829,0.691272422522529,0.845634167874531,3.15482499923867,0.0910086076966677,1.23447048167918,3.55443700962005,0.838718150971809,3.39594043018419,3.16714448254317,2.45169959458043,5.31249894450491,4.21265478936403,4.96421993808633,1.73009885852191,1.15697495068497,3.3792690113641,0.29680104775497,4.50518487997078,0.511951457313122,5.00576534715652,2.23260444690239,5.7169609686574,4.2275416821943,3.95493784367594
7.83720335169772,1.41135231479752,1.47680218710455,1.79048785058297,3.38084078225181,2.6237867722107,1.64414481857971,1.3675691794199,1.48126297396566,1.65540357509497,0.890312452584423,0.0950678923021651,3.18154111934088,2.63361091079693,4.1690589674802,3.9340868854584,0.259816035637904,2.58732505613101,0.81885562359496,0.845179327625752,0.118910658431934,1.27038184212577,3.41792918171538,0.955509617496609,4.01853993195249,3.41364665434807,5.88993685439164,2.88017048458142,4.6357563896554,4.74422452232565,0.316103268729951,5.73007153222786,5.42400284577568,5.29858127586386,3.30372337900814,1.59749253219329,0.395194009485338,0.707303470897184,3.49320225195232,4.91628676451725,5.16163478612144,6.10373043961547,3.98538353005527,3.85537310358201,1.13152282545036,1.35321926968856,4.64911622861489,6.06851120765594,2.02814529721527,4.10321209285357,1.3322109658541
7.84624576200833,6.08868089662731,1.96493033656128,6.12990019199927,6.22249973042173,0.610481114108816,4.39041034299062,1.18827720339515,1.7923576559193,0.262747182189066,0.295516168268868,3.64953132953732,4.73673846330125,3.69106885786782,4.22028973395012,2.2941232535219,5.49914105544656,2.59144621046792,5.23198918491598,4.22442791519055,3.64162522577065,3.80749673512195,5.11088830258957,4.27673021356264,5.89180080220397,2.32179935948566,3.31757967238409,6.15122197284559,1.90986148601404,4.06906743712875,1.98915998015462,3.18660338497028,2.47756304849139,5.26494081485506,1.3616833333365,3.73236340867161,5.03599044304451,2.34038238506327,2.94870250438084,3.29960569471292,1.67370911144546,4.0521265517243,1.65575877599337,2.62474444519876,1.98307361774176,3.10983146738604,2.68107009598249,0.927926595547314,5.62024239420341,4.86031804672693,5.67949185939289
7.58579105318909,0.365820111018849,4.60385766574551,4.71431995910342,0.930522510031858,1.58707275334482,2.44357348256382,6.2203535447502,3.64448553343966,4.63265708505978,5.58511314340911,1.53232580914342,3.72850629934467,2.71451781899727,4.29899920753277,4.88406144268325,3.58404772672813,0.478637440622036,3.95447593314408,4.7817503972004,4.05165450317016,2.8587297085156,1.3103990094357,1.35066121991266,3.3710960406185,1.79390078872268,5.36405345913452,0.422954252256591,0.156258929200181,0.246966270862195,5.4722577077158,4.91303754446563,2.90557470656352,3.8992098197972,4.753418602576,0.156263190680546,5.60915116228909,2.92404774995992,0.953484820378538,3.89548986342894,4.38573650405504,5.5371652002191,0.948852797493336,4.13515220564176,2.86941731255435,2.94082576723169,5.33873531671512,5.07981943212641,0.590428490767993,2.57360224232645,3.94952985393146
7.84614107203043,6.02792942126165,1.8960048210569,5.90432725623249,3.61908866554674,3.04645895923242,5.99911505385045,0.563271156035995,0.610828646390645,4.79258111705192,0.0571187952270907,5.40705091972849,3.6775304009996,4.88682332083513,2.2232547033909,3.57201303407488,3.12823549323331,0.653357876646651,1.4681702521441,5.63847443940128,4.92116665985305,6.20712505974212,1.0569003821775,2.62186661762284,1.08132964825735,3.27699482410226,2.96083144260551,2.82864982187616,5.83167027558332,5.42624880538605,2.63130483110517,4.75883271609556,2.86472115680347,4.70106948058494,0.399203834293493,3.61816156315778,2.24646867075725,5.13682261878937,3.92963186103161,6.07510867707274,3.88554874845017,5.03829286251524,3.80787041560153,0.0719441489454378,3.46549994219993,0.653214791555154,2.27848317439269,0.643000352277044,2.85618361516917,5.44866223033231,0.214257460454666
-1.54293150794405,4.17306104467421,4.50085175465586,3.26309481434534,1.16064391704357,1.41238751366628,5.30146301381981,4.70965170705198,5.1162813427742,4.43734215206028,4.63168945984002,0.369751788206128,4.62812050002424,1.86320910600087,0.743312476736814,3.34651914416068,6.00756296980863,3.01802310431921,2.8765926536304,2.61489366102263,4.21209056234171,1.42062150711373,1.06095445440588,0.926988218448713,6.22069623331026,1.68313433275233,2.11634021312752,2.24691511678209,2.41134981236433,3.57478716270276,1.88828054191538,0.00672761353496488,3.96897970821024,5.4515972872635,3.51326390588645,2.62447381266869,3.10614668249425,1.22698431439884,1.13523390044296,6.21843056526752,1.75380937393148,1.85329322050729,5.57214434098929,0.31133543584486,3.31964670687295,1.37706142285566,3.1955059919596,3.27296906080163,1.41040351294468,0.237651333097648,0.162168727641293
7.76953045272956,0.776819303104911,1.66417384797775,5.4916945200799,4.98617311437567,3.67134916542348,1.63337675843535,2.69006840707255,5.22299724922291,2.27317241603543,2.47636395452145,2.12926075826866,1.30702962529304,4.49138502743725,0.734314180275934,3.39545050184528,5.18157850691461,2.22141927809236,2.26837429196859,5.62745890033129,3.85612802929055,2.78764728561308,2.85154549337849,1.15364798531494,3.34581009702602,0.514671092242547,4.28604751979156,5.66839210012908,5.90683882324934,5.71410107938296,1.19517762851699,4.05971924431043,4.56382414740021,3.40553255288889,1.55482575399072,0.140355483854991,1.09256850908673,4.07755664102388,0.123447626752019,4.40350602722129,0.17317827459883,1.05445805214751,1.60186328522413,1.17979506832018,5.25680561519134,5.45945873838163,0.965182295785342,3.31780540795831,2.84580627996293,0.300508658557557,4.13148659375431
4.57933227109777,5.10550365224013,5.26181095721535,4.48158504309142,1.23851612457359,5.19910778235929,2.40814772314446,4.13297526504345,5.37484296565792,0.898171216322049,2.73668264295972,3.03670691763789,4.84178594093891,3.94443619993175,3.02516714772587,5.47462198521459,3.8981465153463,2.30149370105634,4.88709106995367,1.53867396220948,3.24662892381205,1.48863830325773,3.45339840589379,0.461517909513421,5.10696065866744,4.5465356375501,1.18419764128216,3.99353682894146,4.88445786568729,6.25326000416774,0.384892058447726,6.12771675604468,1.95885884178486,1.48545563427536,5.46570961617293,2.26299513780237,2.83460894552615,5.49014035394836,5.492608208973,0.235015441450752,5.53942623812612,0.0590992864082122,4.18306986935336,2.91986513550867,3.23025815074936,4.58684836844001,4.28631358362847,4.11948162613351,1.97104651909626,4.96774447785756,4.35127562395821
1.57742144496023,0.915189256025997,4.25724539993052,2.55518696078748,0.32226573067837,5.41254607305796,1.18391738567696,3.9836991832326,4.15110552040136,2.35635217374335,4.36283670858664,4.63775211127665,5.76617854772712,2.4342632158967,0.778730696276394,6.06417648776032,3.18914485842142,2.32437703577051,0.383990943335522,4.16194607252529,5.57149558363452,4.02398841819524,1.96852269867758,5.46611019386431,3.27829223640755,1.64750209268651,2.86153336321907,1.52720571582527,1.91529522457963,0.970008867757152,5.74893266584692,5.82409735726088,2.95823314941617,5.86899492315043,1.60509580460297,6.1166095710087,0.932333375861689,4.75036050691976,4.60789288388569,3.64685843484053,0.899826502277067,0.42508769883749,5.82868904310588,3.28206413953388,1.88879934679426,3.08840030561785,5.00805432533594,2.01866937701944,2.05412038933069,4.81352504078756,4.8282122935763
4.66673165667234,5.76419281344761,5.00024473173787,4.29019370611972,5.65796683387489,5.92245420685846,4.44314086235412,0.523846567100762,0.275003223125223,2.4466742325225,3.46474855236438,1.23093526992056,0.243651017614304,5.39955980193336,3.69758438339132,1.97000966713007,4.18192343311969,1.80331096538003,4.0351589592874,0.555772172130358,0.201060968002071,0.00519670780088186,4.27908906509828,5.78600610112145,4.76826382857354,2.82749378451113,5.29675900219885,0.121491711131711,6.01873133407868,4.73496802082378,1.37476054091183,2.64830051595795,6.23242646052702,2.26025478210127,3.17341441191661,1.49844469079599,0.72600683611599,1.20684232578131,4.32885926293536,1.37360796042223,0.948200341881655,4.00365026542954,1.53834460375895,4.64353817903245,0.644382436817841,1.34090403323525,3.75170624756706,2.34338950680196,3.55581069262232,5.84022818250021,0.034950378337831
-1.52694739434544,4.29446419220832,6.2690923941189,5.8873509096938,4.37778539507658,5.66012287668844,4.98292276495129,5.70371222662269,4.14365185916073,5.59617653306656,0.83458866677936,4.06946924952299,5.5151834955643,5.25504841212249,2.03129809341046,4.34197887904289,1.54437222123341,2.432381113271,0.451962233949749,1.66707866785516,2.62240763691275,1.69872575668915,4.52021365829972,3.90048209624405,5.89315711159113,0.0228436311174997,0.342645150900166,0.619021419195375,2.55055484573844,2.50315862015826,4.86884128541118,4.54684347940152,3.66770198337799,4.65078562734062,3.15900150600695,3.87038427569187,4.79952455196529,0.452972501768602,2.24248659750506,1.89090660714154,0.993586790123687,3.09021035221355,1.4624859376553,2.51196288394261,3.1112442892986,3.22704451910584,1.59083184130878,4.29677644834022,0.835125066173977,5.11173894849096,2.62616199965131
1.63042645129938,2.05189348715413,0.533995098993565,0.450054186471913,1.78475093541171,4.91909114043934,4.59997017014715,5.35857656741143,0.338796321689552,4.80827969388637,5.797600095555,4.66694756592167,3.62192177756866,1.23200421099482,1.44498635067012,4.56253615921319,3.27026907578784,1.26867343615238,4.01543773370491,1.29314028752352,5.72479660658603,4.81723389068176,0.725288473119002,0.876501979265633,3.54713701183156,5.52588510704366,4.91671011984313,4.57680552652676,6.26476866805264,0.128164222394302,0.650984115049952,4.96131640557683,0.488245724182756,0.92587015551119,2.11300748532318,0.851530279254093,0.394618308796522,3.33089231760634,0.476154401970652,1.9676246118058,1.87841845230833,4.99484632410681,1.71731431794877,4.05505378204377,3.16095496685072,2.37700850533962,0.239382933637189,3.45861741588079,0.705080961863619,3.66915681152028,0.68713146027483
7.79073161591843,0.90698505636815,1.39485474038447,5.78829825675894,4.81283022345705,2.59648617829995,1.36723975952681,1.68797489022098,5.45584807223433,6.13898289444457,2.84719745215084,3.33619884081577,3.35089930229185,2.82152031256062,6.22798066418748,5.34350576383482,2.1670952825256,0.456911565229263,5.79970927963956,5.92853131338863,2.59477239025094,3.54171450555098,1.24486698111226,0.151256499846062,1.10223988391545,5.83900712720407,4.33585736270859,0.68667505909246,5.68157940984489,5.14356155384735,5.59314310367205,1.46862942409331,3.9843096121337,0.00696659729531204,0.812315853130128,4.69731179702234,1.5239153380364,1.32271646659866,2.13292067209019,3.534015896233,5.0435543015153,4.2456916884092,6.02396116819655,4.81675655514167,3.43995197535027,2.72912363991405,3.38793015055817,5.15992299934437,3.30279375015965,3.25331495097478,5.06134111344741
7.70099957689856,6.11185809793649,2.43137470609296,6.13199609132474,3.31490755157096,1.00729831020068,0.59376042713366,2.59448873628704,2.52568924678644,5.61147037020769,4.434416061354,2.23374637442254,4.1379095897093,3.31088264554033,0.659985055003802,3.07607229496386,2.17625112794903,0.429523073348642,4.69385291886618,3.91084784806493,0.543519482739521,1.35980216258962,3.13737330526557,2.61000841725834,3.42038825337987,3.02758818937197,4.23222817537127,1.11057735833616,0.721552453910235,1.49880507042439,2.83890001194629,3.97464014348724,0.275793374438197,5.91126100223942,1.30908695332044,2.30181987619713,2.28674911797099,2.30812415342415,1.39161575490772,3.65488012230172,2.36683797115891,3.21742227199206,0.54250581656197,0.710027816422824,1.67965964922924,2.61761399668982,1.56520248501179,1.03252903302441,4.18558404475315,1.94583676427735,4.41492773525556
1.76520413901623,2.46163703909774,2.42298034756566,5.65045460470896,2.88938172778667,6.04861631467951,1.13455263558555,2.84112622362551,5.13441847677292,2.42416066351913,1.13133923362017,5.56504553100965,0.974391270004653,1.88519893862852,5.21664886794163,6.07144943473061,4.22530512183259,2.20536704666391,4.40558251362386,6.1290609978206,1.09851999776726,1.13995480730482,1.01971144513186,2.24422614315269,3.51580382425567,6.12926232021792,5.88287130531744,2.14041163627892,2.23009942936979,3.17008016852914,5.06961160231218,1.4958943535242,5.4104477555289,6.22810629081462,4.14458843248134,1.59381490243382,2.35362529590652,3.92804402584047,4.78159089670513,2.06904833310518,6.23100260967506,3.8611258080281,2.76065929242627,0.617777042059215,1.47458456568029,0.452450791534419,4.14502715576164,3.36107705158453,3.78370034203238,0.721892838374328,6.18222557229281
-1.29846629209731,3.74787791530166,6.21669409613661,4.18209045008805,0.471146575911739,1.98819188387524,0.158468046681649,0.536083342868733,3.65509632842758,0.956214433872183,6.16920010520411,1.69511181653118,5.31449882373933,5.80720816260384,5.10011234853926,1.34445156568993,2.37046075465667,1.8390568975873,5.24055250170392,5.77331932004895,2.1703978157008,2.6671622713172,4.24918182619888,1.00174172894105,4.72569546672183,5.20143277465598,0.968128554280263,4.74568438875781,2.71762023521964,2.9556886638167,4.87619980284868,2.51304727928346,4.0290865106884,0.917730726551303,4.50649875156738,3.94043624543188,0.25308625113251,2.69655746694508,5.53221206388967,6.03919963388839,4.58675020371105,5.74899919058366,1.47093719345545,0.466933791700938,0.231586795959619,1.48846385759137,5.34741667928872,3.84443506991186,3.94852589567828,6.01583409065401,6.09957468726599
1.64496521850402,2.57202338652648,3.3932560135446,1.62816935231456,2.5400990044964,6.21820383637193,2.13911057691886,5.6527492004938,3.54385465668544,3.33253973452501,3.12411667517657,2.11278396753276,4.0420275249793,0.315378126570584,4.52272689596902,2.18061678271036,3.21135478268535,2.00202144827496,1.11539443743255,0.284352567260077,1.03237587866778,3.41911112297083,5.80322804234729,0.323974935405036,1.36726395765476,6.14463860303325,0.830544734036187,3.82480918708935,5.78342746369942,5.88435710928714,4.54601489430477,4.89840008794538,3.37459524703735,2.23351794707906,1.72471324410945,5.62919552599443,5.34243939018179,3.62780523031808,4.03199393455999,0.254058134906799,1.10178342421636,0.655862219774023,5.84795664705035,4.69361844381936,6.03527492457992,1.269028865266,5.64462772885334,5.92228989336271,1.11395305497033,2.75276100795673,3.9629251145264
-1.50647214081517,4.73966755737834,4.15087337432011,1.08357791927829,0.80023936344443,6.12153170371528,3.23683258213224,4.47198631238576,0.291446166325522,0.0245146873294126,5.23738340421258,6.10830528434754,2.9152841655386,4.52394737926419,0.18277670979504,0.314769119625857,4.97465019289117,2.11061017952291,5.96743006812361,5.48511456179252,2.55984941383165,1.01020450522108,1.99211300757149,4.13130034380197,3.57355853826847,3.66251242632068,1.67108621197403,1.52121585041476,2.91407489551051,2.97479606799107,0.632267226616421,1.67159644561588,5.22211589520812,1.87441643363105,4.89502006399953,3.22831437149744,4.48583804730897,3.88282801048051,0.81425210713145,2.52546921659272,3.63469084778312,1.98126698267102,2.06248122655312,1.64461661404903,6.2787520012346,3.05218044061795,3.78471671021962,3.67745189203796,1.73057453657581,3.13197689890644,1.37411685549404
-1.47701811320183,5.34106570425369,3.22308572526905,1.67111733701908,6.2821093484873,5.98008408421989,5.94422380155803,3.9276260116285,2.4495507303059,2.31495374844134,1.97598884884984,4.93465134716726,3.81750549104395,4.58932510337739,6.25628102947986,5.82747849741322,3.18542182114769,4.43719144662851,0.383639022299455,0.548068999970889,4.25782505927566,0.783492544363624,4.5581036944461,3.18180856270954,0.79124590339072,5.84346213407585,2.76106062498338,5.10873011952687,2.39714186274048,2.84929306035561,2.30004996622185,4.64695728044604,1.2044180306054,3.02691828407344,5.1136881829644,5.61705661213137,6.20136530549381,5.71459423638207,2.34490646214924,5.49828115219957,3.63455173158837,0.20100705947085,2.55750777352722,5.66404453727563,1.12089202213188,0.81068740733311,1.08472021252796,2.29291323594267,0.787986110830132,5.46881035296535,3.42658729413194
-1.50413077535273,4.52626205213675,3.98477385748281,4.43505368882803,4.73103729307034,0.245552607771739,3.83302808468514,1.4517982326752,2.12909639942246,3.16309551736181,1.22287137142111,3.0369837514777,1.13995830367903,5.43687844275883,5.79871116720702,5.99662073756359,2.05872923959352,2.67644920736679,1.18392019886843,0.602986257095081,2.66113056352378,3.84050282950112,5.88590891573182,0.548302007710882,4.33539730715686,2.33957505762913,4.97332255523544,2.39518298909982,4.58584530695561,5.82538454962046,2.45705039446844,1.03920669961032,1.32931286369651,4.31681614972564,3.59992554028566,0.225337113372397,1.8515321216876,5.94271335912204,0.291998030227154,3.72612967481729,5.08409332242538,4.7774596906581,2.73019018033974,3.41955806199907,2.52503646055527,5.62237352644791,1.39584170538123,5.13429328609536,1.21358110723289,0.802694311142855,6.06780229803559
7.63418404160594,0.0773044329313529,2.54053586840782,3.33042856672354,6.11222103620861,5.46456435173664,5.48407593969545,6.19776692785837,3.073364293159,5.18617580158753,5.04165917306702,5.10569378331413,1.881950698732,2.6381545617268,6.25081738447997,4.01436837423608,1.95160978572972,1.68380313062187,6.01829082603833,3.30741805907783,2.99372965262801,2.30568470534278,0.24692741575801,0.724133317893579,1.65417279578235,3.99007880074071,3.84856383873737,4.63572282885175,3.31024179379485,4.57347928968993,2.24820573090706,3.64181363060133,3.87313370002214,2.8105022543457,3.11948110471503,3.30794900617676,3.94032324086193,2.83926658118108,1.1602058272068,1.70584278438763,0.794442925062362,2.60674664975834,6.02305514499419,0.11137548632177,4.98735141881678,4.31392936177648,3.69443358407931,0.0078283057832151,5.63118754643294,1.31564922492825,3.07461655688653
8.01077981812648,6.09140252405116,1.41612189879555,4.86212204415638,3.30701916520515,5.36464970358192,4.91525850426894,3.10931750037726,0.110816227369247,1.83091727844806,5.85748191878758,4.37173960962249,5.72688023349174,3.83707463312584,4.70053783128533,0.128532103866613,5.77562864741885,0.292474837653812,0.638801489194685,5.80494679554026,3.41112656875924,5.55280826955288,0.838712068158436,1.53107973648521,2.66647322812435,5.62693544922459,5.87396875977069,3.03735543799994,3.88127789809497,2.15104570336764,1.0739332822033,6.23261326931407,5.72710260289146,3.8493144751701,4.44281955726762,1.84472174941397,2.9336201027897,5.17999156556642,0.15476640165899,2.53536719158025,0.0072724656702433,4.89089327742802,4.85778285212019,2.01530864896306,0.474894355518946,5.3465868507116,2.88830919524853,0.1353591256109,4.72347059946432,3.69665576980798,0.326296514713847
1.65474006429021,2.64257856204988,2.85071554776793,6.13257581357536,0.709037619840019,3.9307039927302,1.8202479360157,6.03358598419449,0.64586987047828,4.86208868230958,3.84507434316873,1.30644486328965,1.66125555023608,2.14832279735339,3.7467735087044,1.83360831186612,3.06382613603933,3.74310540985622,3.10320494295327,0.0537790190834373,3.64669817070203,3.16284885620738,0.289047163540284,1.67560850429994,1.9459256716607,2.71828306877218,1.88081637107127,2.4323597751479,4.03650705292663,2.95312627209995,4.73882717823604,3.75058424352823,4.83191116490628,5.93735902921271,2.43995125058618,1.74398172287894,1.34529514569699,4.52382624525847,5.99300107447009,0.7478687438722,6.14341551135514,3.10786468813608,0.469989302380937,4.84424476537025,1.02151921396411,2.48993224175222,0.564434816667131,4.45074483989031,3.59726734352681,1.43010538119515,1.47413473592593
4.59105634314002,3.48841390602992,5.05238073874898,5.25040970955334,0.601602696469942,1.17363466177166,6.21691756857657,5.78289406913854,4.81029382633165,1.3203350042012,5.89262674088192,4.68464490285821,4.77004934203305,5.68288882685593,1.68625532364556,4.82221428702668,3.91488403026812,1.78604542773251,4.713361399587,1.09298136797539,3.49529252343195,3.12786368967763,3.96943660824768,3.15209062833544,3.88775632401598,0.257928548010754,3.1910012926865,4.09651507039856,3.2171835062065,2.12650469814198,3.59832800887349,4.34405972494133,0.6497747674872,0.18552370714422,2.10694381423265,3.7247852823608,5.33945447553954,0.635585765578318,2.39030423484012,5.87745647496802,5.83569098889074,2.34545752876052,5.35117014086975,0.456024873026402,4.57950865242566,4.12066582467156,5.51226849816582,3.29523668840627,4.16564231060273,2.92122206663601,1.56811870248395
7.79776422075398,1.88754248218937,4.17719363464174,3.81518405802695,3.70125282017358,1.44807807003549,1.99403669218068,2.44792237959855,0.284693814845837,0.802512901986436,6.06281658983511,0.184067771572945,5.24186055527532,2.65162656554126,3.81796414512016,6.12480744062002,0.517465393047821,2.00863849153566,3.41825390710435,4.72511565523321,2.86961007834382,1.58666212101748,0.224799432461543,4.90984804072999,2.81371828224903,4.6207059850085,2.69000633838428,4.21309238766033,6.20600447327091,0.681182552181787,6.11330102816604,0.0159164682419323,4.39580401223002,0.907237024989369,2.44467276163321,3.57915764363083,2.30733462385136,0.114501689592113,5.66069085609564,1.36336076933416,5.78201778120906,1.57509166932458,4.18849844528106,6.02959565569557,2.04794382924074,2.39190557130221,3.56890504559754,4.04430520065364,4.16053182865636,5.97006346842102,2.64103937766239
-1.36904855162021,4.05811506832434,0.101745580831839,0.791891543267069,4.82767379196841,3.84213694703153,3.09606821706285,1.40194081712515,3.40031374771042,3.42390784702507,6.04845631386626,0.532762790931559,4.04071642122371,3.56799414356339,4.23839517090282,4.70917697989483,2.16085723452587,0.689293408888668,5.6887477084333,4.37298412719879,0.754421828354472,0.213242916526267,4.86995710130653,5.59426152941325,3.76619372133707,4.58690920535125,1.5164234697643,3.62013871742276,2.44538276259046,0.737123909015271,0.408375815703335,4.85706832928316,3.70286994005883,0.733015664930414,3.00481285751084,3.28925016137482,0.648927682328418,3.65905492330751,3.09092619899145,5.45258289467229,0.428308627516384,0.875065709702098,5.58243431072784,1.40731831380518,2.9329683171945,2.83999431416837,3.27886266181377,3.25156860568392,4.64531156490109,6.06922372190645,1.06588716693602
1.63770197814965,1.98606618929724,3.82444276999804,2.93034687332655,2.82012592341586,5.5556057463533,2.5527759298898,4.73239698033534,5.95645999947336,2.83540125903204,6.02249870654773,1.96940012914608,2.94759179260666,5.77615286802046,0.132320818847514,0.262196301368383,6.23150750805468,5.21334808295354,1.63128469926983,3.11234888022354,3.14807783380358,3.13330870295286,3.56201779112718,0.0157887408644315,3.40490463041339,0.811525233683369,3.95659054026595,4.66400432835258,2.642792799088,5.63539310529134,5.37761936327174,2.12048749518133,1.43170857702612,1.15149816868073,0.726371673255779,3.15526439399837,1.85527826282656,2.71822660891182,5.53234883795257,0.791963874325663,5.05997960192356,1.77366246256088,5.0077618163289,2.15363564329475,3.27413847070082,1.55334438558864,4.25248723254518,4.39687269729362,1.75275849404383,5.82434353711526,1.45946074887833
1.57145062137831,0.579943895871103,4.09270678742544,5.71949853319144,1.22583811223206,3.4931538132718,4.78108341188635,1.68536633612423,5.99461811535777,4.62659596529839,2.29888492605896,3.84291980862372,3.08181397047055,0.0172795099780918,2.64846760899804,2.37725869651537,0.897341115642166,2.01844977692365,5.1910227125094,5.88488364129931,0.50740596456939,0.0725997074063647,1.84487980747201,1.05906842530806,2.65762661139868,2.79438474458672,4.03914526915035,3.72556750319487,0.167800254194122,2.19403792525196,0.163036735454446,5.52651115698401,1.52677574957259,2.84087743246236,4.99055041250199,2.39076830463906,4.26589966487253,3.55108481622774,0.488083403181435,3.87973410405261,4.65024177876715,5.57174042199302,5.87811529427335,1.96609107281917,6.1139122470429,2.7829845238932,3.09530839643042,3.88986078580098,3.17958203942877,0.932457216265853,5.19337072528498
9.21279253214098,2.83154114487137,0.994685625928894,1.5023564488907,5.02146385669674,1.48954870643682,4.80166288176673,3.73230881403181,5.99014710855096,2.14358369471646,2.62338917740928,2.67374753268262,0.802339026858125,5.96377880161085,4.7699507486691,1.999957237218,2.49845222836958,2.5440387350477,2.45804454239298,4.55358742641684,3.58754424869231,4.57150669972935,0.852613590572644,0.0771039268423266,5.91109419154251,2.74453910406429,0.47638796269368,0.251777966420057,5.69808983453035,4.60845563628659,0.251505789048492,6.2746992383179,6.2741929092044,4.24359102874829,2.62227172304567,5.35644558731041,2.42308421182345,6.08379273726728,3.32123274267485,5.20985675142271,3.94653108838083,1.23794294156679,4.13819894759079,2.04621760638806,0.0392660495771465,1.66908797267077,0.774435574647338,5.8756369998653,3.90972513304792,6.1795886112528,3.77497197004922
7.68031406534896,1.46653375590889,3.03882683807823,5.59940785138965,5.63182646566363,0.113229903222821,2.16375712290643,3.2991064036983,1.06927263440004,0.713133769981114,5.04995673030501,2.5012772168074,4.54522241110037,1.78102639718403,2.39031786484787,5.74970053691755,2.70370408216172,1.75033022704533,0.221451853112855,3.51718030289439,2.98752520639363,0.689352469817364,0.487244416737139,1.86304537913527,5.56570890876771,1.21658566155035,4.38155110859652,1.31638374878126,2.04905597760047,2.71454067855517,5.50427497041473,4.88828853862162,3.57814426418522,5.08682210937031,2.72706948056721,5.77791411605779,4.66655023005675,2.5708803881503,0.820492763514124,4.18451262549566,6.21197642232371,0.782215077483429,3.69268677796926,4.5433672232415,5.48739099837524,1.42907045296623,6.17539582074339,0.364951420022953,3.49073817125633,0.800288578934453,2.81094756514611
1.64315792843674,2.46780800352604,4.21555345474508,1.86666887068538,1.50987102457723,4.20234091554408,1.81053739886999,3.43588197340693,1.88446075455448,1.24216280483817,1.2229985150943,3.03139266875809,3.0812546281317,1.62127926124604,5.70732973776369,5.85509381766787,3.54704527077589,0.885239553003508,3.41518095551501,0.984802951601555,0.769514720531155,4.83795315262504,2.64340025241373,0.598444854670298,4.83166909731462,5.74341235910399,2.33131787693012,0.827507357688699,5.35385589900521,5.14444249531924,2.68988833209742,2.33794026276764,5.61631592793033,3.12109366907338,4.15167741165149,6.07849570985911,2.51611620199641,3.72268343481042,3.90964499585845,3.25075131577765,1.53015663371427,4.0722405239977,0.886607172210337,3.49909248825288,5.13869804465695,1.85357562660207,3.47122134019912,4.01519514824025,2.39285875166886,5.21506569068166,3.47319436903512
-1.45203126938955,3.10032863534923,5.92058980115276,3.1680187677378,3.23820860726636,4.79719274393326,3.86934216746102,1.98055502286646,4.6516100796938,2.82424064383905,2.14692488989065,2.8191000140769,0.417082132733528,0.43132844884692,5.65990403584713,4.013020260116,5.21522538135627,4.29062742914603,3.53904753420949,4.29736070417396,1.27005721036356,2.0455640360328,5.98268841633506,2.2072311363793,1.12433102069426,6.00221786067195,1.7491895313022,1.17157899708212,6.22001923139613,4.59208927538482,3.21170627069766,2.98028955359394,2.13915541096924,2.64205938851565,1.01859193244252,5.50832154665087,5.98018306964588,1.29006089616879,2.34436632207309,1.40074874077324,2.929944048593,3.3397127568759,1.50740520593455,4.00177500779754,4.19837371870583,1.25358024115165,3.40071542405328,3.95563898812713,2.03380132910884,3.64491040581159,2.07270487051178
-1.56521015285705,4.16400639368308,2.2835514613929,4.30099283864408,5.20248485998813,4.13321956358518,0.130327196513713,0.814302415421278,1.60064917147428,0.954544253948199,2.52541267919771,2.83032679851754,4.44948830444199,4.95152138637497,3.53294970251889,1.37317868759272,3.7642692291971,3.53751578876043,3.19098497090949,5.99779505555293,0.375854059853093,2.97916096057208,4.85881923448967,5.14140113251998,6.21223304887609,3.6187647681694,4.58470219008306,5.11682520305102,2.86083700251,5.35073988788512,1.27066849946049,2.2920680043011,0.714500786465695,4.81970851170251,6.13206115168048,2.99075864155919,1.67204644945749,2.18740518195444,3.02326605203474,5.00992469535864,5.43800951396391,0.445671863221988,5.55331341662856,5.63787789505567,1.63185984843853,2.43111438274659,2.75333472492863,5.24872265194347,0.287486244578887,5.10355134563872,1.14879487747209
-1.25340745119211,5.12297113987681,0.234801848096589,5.89962743148307,1.08697440105253,4.08573469248398,5.71443971712287,6.16449203105964,1.81129478520674,6.11202729904153,0.865394624531153,2.53117381151486,3.54648729480252,0.849699489942941,6.02241602241789,1.6685599762776,5.89799093085911,0.749363452624248,2.9292584315543,0.145631603237969,5.95000594284171,5.4387646942202,6.03376817016041,2.78356814628342,3.31297550492204,5.05295903172863,4.66497315755392,1.8787675894113,2.43129504142604,3.1693816748855,2.05305232600728,5.20416637752723,4.26673275283113,5.74201925001254,5.88862866184302,2.76574872298148,2.17227909177778,5.43422687301888,5.6772908318484,4.67258427705617,1.81701643043909,4.23128123873899,1.41625457815075,1.42400612023359,2.5970672303431,0.864838829768641,0.918678625783682,1.26087224994452,2.37471543391542,2.0579117756,5.58349922438862
-1.56862954226502,3.98256381982587,3.02669785157726,3.24332898439062,3.33216625446521,5.28327461478284,5.51340977615034,0.186901067922539,5.19207850926471,0.77440676832744,0.767996989837294,5.67247779333174,0.690653283407185,5.75301582088672,3.05940073131489,3.98658436197188,0.950568064552522,0.910606997225097,5.0218062936349,4.23581426156901,4.34478316426406,6.24775419933173,1.6151791605695,5.37412755482961,0.692902016710239,1.07264678326688,5.86687335400141,5.96947098952475,5.015333848123,1.93178500310224,4.98773593366765,3.61076581152932,4.53932509135048,2.84722688167384,2.83865057124751,1.84938531866464,3.82719699123669,5.03205841036814,0.850069595050733,3.90618888261746,5.74021291630292,1.41591451406572,2.14211281251117,4.2527482639439,1.89930025176481,5.73205533838135,3.77831339343863,1.13576157353123,1.40819820782773,0.413024169143056,3.9030924716738
1.6012325080424,0.839037481118906,2.68783534015921,5.03157309899869,1.15418925915259,4.59843711392349,4.95159302108456,0.754728412096344,6.19752304478537,6.09896863395286,2.8735538202165,5.03288228486868,3.94400673399706,5.39527566974492,3.09261341605938,5.00254880869478,4.22606698469866,4.67737974885253,2.61322371370262,2.52177664605091,3.97907068451705,1.06652727113035,2.53591908620317,3.37430162328674,3.60582735558281,5.44326840602359,0.323601300275919,5.06708419628129,0.915448969335527,6.0617756095141,3.97534972751283,5.52104177880817,6.09638456179017,4.60951098831481,5.06215639623006,2.13284584529336,3.94976549931275,1.75022851327712,3.36791949541121,4.86144349740076,4.57937353584894,2.61593090212503,1.38818978801959,5.29505913527828,5.08669989865688,4.3875959709493,4.17080575457233,3.79865771240403,2.15458265161002,3.12866517421696,3.94187654826056
4.56837280203285,5.13338976448292,4.99320974594819,5.84980987606192,6.22488741314687,2.15152175446565,2.4725822586215,1.19269760347685,4.73870163792106,4.4750367613692,0.128422039762001,4.57807489322955,0.490805092047843,5.20984538454924,3.08701650507414,4.67729830235138,5.50662516293825,1.38784780019728,1.10188853195452,3.58104966191527,3.56547464314179,4.15713723404644,3.12631219044574,5.1246956876883,6.1527750432515,0.433390145147704,4.18668227052152,1.32794447938352,2.99429761155435,3.2572538813099,0.267128651094833,3.13010228349547,0.610163725254011,5.32621430913061,4.44631111408783,3.29933162139952,1.94285506074029,5.65022898909403,5.19129644496288,6.13204182360682,2.28039341771056,3.25227911866249,0.379607310773916,0.394567374377756,4.49818073542005,0.602739091233916,3.0784766139934,4.82528638134603,0.391454681155875,3.00764002423368,0.0942245054002868
1.58077437198588,1.01503982251717,3.0070544546995,1.05193473350973,0.966171155261022,1.19253956589966,2.96017185380528,0.525338728912434,3.37101610384881,0.173860292859056,1.38450410343318,1.9669397964462,5.21648926357918,2.31061027883269,1.12443151731463,0.664715568848691,1.66379191371437,2.52801545330513,0.520960683234972,4.2360261008844,3.30624575991543,6.03053638370353,5.22179983614584,4.91831440554807,1.09428788987155,4.1645772067626,0.263578794063325,2.62026773154853,2.97724297256589,5.11196845107923,0.749144199240035,4.15522485047942,6.12256221246868,1.18611910079295,3.20540938266986,0.33955518118481,5.45732827761654,1.64771328392918,5.56674345956376,0.836336252624754,1.05104780577706,3.40086237710018,0.435883781177654,0.484029325101381,2.60065730006677,2.78579447207025,2.54149048536002,2.20735691807576,2.9413588004518,5.60121770926892,0.479754728212977
7.69266439739531,1.65658510673336,4.06772364007993,0.565807061620927,1.37064617158898,2.79456070583622,1.67068850452791,3.93261752761375,4.72677831283243,4.55568435563664,3.3475893448074,5.76808965270375,4.64442557782475,3.81678773223213,0.640373526333485,1.29153497046133,0.321363521303442,5.72249923857143,5.45869835013698,2.02309630171577,5.13539424752054,1.41680693066702,1.71381654518963,4.05105311802863,4.14493956939332,4.01591601282716,2.02754055467674,5.48802473448718,3.42981899573957,3.65361286658972,5.97868722128065,3.47657932301489,0.702088994493311,3.36837462970652,1.92370006198913,3.14234440184027,0.75983798410767,3.09516906372379,6.22377824475127,2.4193060035202,1.70449730937177,4.82051361111242,5.68288307027329,1.44290130180803,2.9478106115042,1.00902186907954,4.34574687617795,0.97658542914876,3.27189582752573,0.376184974848459,5.53738401472789
1.6650587756742,1.19814479211126,2.17527706588972,2.85411211439142,0.260235305033586,5.97252143558236,3.52532065934434,5.08139024626569,1.58447988026697,0.991884885358236,4.63112260980559,2.083223889334,2.18423663890905,5.88288908854961,0.49526548245815,1.57646518409127,5.47168764950201,2.86514836838141,6.0710847248647,1.80342353253747,5.20626853667917,6.18709978711771,4.70996508604833,2.14523470748777,3.96339412752553,1.08931558638944,1.67186709277513,1.83452750718287,5.03330190097595,5.82612743697613,3.02179062308006,1.32605549226534,1.09552085624669,3.05117674130127,3.12426534861513,5.32142717450438,3.28038946406264,0.805952108283183,0.74646735320151,3.14404697954804,2.45204073391026,0.894126359014649,4.99948277817088,4.01469757030271,0.829086861561375,5.84380452566355,0.0684805338605383,5.18971439122399,3.39173126230688,5.79056615282591,5.83442642055925
4.62498224629402,2.70982288478298,5.45774568764334,5.85570951746281,2.59999919173963,0.246047148691353,2.0728810117002,4.90928467975518,1.06940907199178,3.15234316018012,3.86554806601575,0.022886048427208,3.48489098863484,1.9019624891034,0.537972602089677,5.70781290449524,5.55012296638493,4.46327627076613,5.75181044953531,1.62386423895502,1.46286871894825,3.64695457635378,0.0308636055016242,0.182123800678755,4.44420699901442,5.3976569229451,3.4701162811404,4.75041103172146,4.96889711101222,1.87921015431447,0.0704874248613182,6.09955589462034,2.08187431814751,3.04158932334111,5.51202125915875,1.73928610840775,6.13288138497792,4.33111118247399,6.21633079652373,4.91186505366096,0.698942169929723,3.30703345352603,3.10956955531064,1.18157970841761,3.5447452738975,4.29474633058909,4.05513392215907,4.27871190726243,0.692030053166601,3.0220237156693,3.05143207463407
-1.49030580577628,4.30963761948819,0.694866957072178,5.06967658220742,3.51701171182618,3.22093646454371,1.78764251880634,1.0843024338458,4.65329606498471,2.37496755906887,2.20601409825621,3.14956494562204,0.589250351636627,1.07003341616965,2.36642539900219,4.1418110459349,5.39235066452385,1.25433666488831,3.09636199441986,1.88494208678675,4.98241260299242,2.63309130277603,3.5770585273485,3.22473632988621,0.813778178727573,4.63729706621934,2.08223392096641,4.02442356025208,1.70942547661543,5.32663719339687,3.51716291172426,0.497629615128051,4.74273145204185,0.400094021407646,0.687867578708546,4.13270815375719,0.245318085911533,2.73892143573443,1.19120525587458,5.2283615372156,2.31836079979871,5.509543369979,2.94405048340549,6.14518374628922,5.59105440190352,0.0756064414717644,3.79625609977294,1.65070541807215,3.3086134986784,3.13991658980929,5.96303325613303
-1.37005501099494,5.88353795854908,4.39176426782131,2.2688135418994,0.582888074096515,4.12330143982694,3.14418650389693,6.15715391255184,2.97942581896449,2.2863153320392,5.09328014660205,2.13115264050172,5.53512751186692,1.86987786780442,5.04118604926808,3.18712553846864,2.45692432457712,0.378689546191052,2.2510043253769,3.61279750630614,4.00027943153507,0.687443614808748,4.59016697030738,2.34449749901143,5.3780070248594,3.17904915250046,0.352375703691033,0.78148259440114,0.761396795004116,0.202242269962325,3.03598291655462,3.41159457088198,1.17163131542139,5.60428354668764,6.12216002264157,4.89601007771757,6.02906894081864,0.151019615373159,5.83107391263956,5.31362245681228,1.68203794294615,5.14644380528754,5.50698145517354,3.55726269294396,4.85828394106113,4.60604669004716,0.96260743122904,3.58091273863472,2.32945805454677,5.69727461611608,4.94240794509499
7.82223729010455,0.843249453410173,3.02776724176736,3.95308116510354,5.94548958411153,5.46111829313161,4.80386882179013,4.04823444500815,1.00296516733074,3.73449739945804,0.439672067523557,5.09394748886811,5.84506339154036,2.81704942278726,1.97019770184247,0.403377094846547,3.20722146564753,4.08822340286876,2.49304595023925,3.56948705000036,4.85663571222292,0.72329863681719,0.253704964538692,2.23735481254562,3.73660722430071,4.33295322016226,3.13242146508155,0.921220350856733,5.76044354605271,4.38247248951288,5.17965645199616,4.04543774794306,1.29894686977955,0.0297839105165657,2.10148497345574,5.64128469625404,6.11882428707766,5.53403640465793,5.51926903954932,2.14941400989249,0.24585268737983,2.32634076044753,4.44844336692758,5.48268877151433,5.53414456843195,2.39030223064235,3.75865223673539,1.33463922846384,4.37687437600898,4.64086707202155,4.17805535337007
-1.52568493715462,3.63916107924334,3.62950884377185,2.04805562397744,1.37183589556861,5.87705472694218,1.26868968332057,0.418960952571059,5.89866890707668,0.407192592931643,0.234728966980798,2.07202433126174,4.95102558295705,5.63771667563166,0.977442181270211,1.15551098808219,5.53607033038481,5.84713999497637,3.28101587534375,5.65808745585928,5.38787494419499,0.125668184252866,0.229540903562846,4.15731241117184,5.40466028922341,1.61866055449782,2.04924523970114,2.56381896011633,3.25789934856191,4.30702572993822,3.66449537374126,2.24593672448527,4.99315884225071,1.35628830797204,2.43189150384823,5.44396636862796,2.41855310102736,0.755266833243746,5.2227232885542,5.52974653636769,5.1683904364814,0.924558198874358,2.3719662729104,1.63551202342342,0.323085576302517,3.28036083914458,4.62938453292771,4.61127781884753,1.12460444008327,1.37287369550572,5.5226060990541
1.58315293082318,0.665362949597555,4.32482648786838,5.20913120696087,6.27419135412248,2.47020356260212,4.29387367947395,5.97244136276129,4.20167366690478,3.14519240636823,0.578617058431569,2.24968375068966,0.992576762223399,4.33217704264278,0.529930267002711,4.70084821422546,6.00244743933196,1.01977150669652,5.63035220996925,1.30421497822312,4.2002028988071,1.46727674859466,3.02081167048561,4.24003543854083,2.1847846772799,5.3732734593674,0.972794525642413,4.16908123016754,2.63435353775318,0.220451433658512,3.97520957264625,3.24452424844102,5.76583088085683,1.30658079763757,0.930288068632147,4.92636855369853,5.64308784226517,2.33496710852384,1.82176105412885,1.4255580422488,0.908253353677824,4.60278157977936,1.71854666258372,1.01454456476769,4.63554566508359,6.27385880065887,1.54443237057315,1.54290606132768,2.01668085002931,0.640083369698725,5.71621994359645
7.69529538378736,0.537991055338329,4.55791292115106,1.89315312558662,4.82907242211268,5.96523298460626,1.10655176473402,1.25331710168798,1.54678984257704,0.313281074465661,5.64809137612244,1.12400666249772,1.20762123018009,4.65401163527109,2.81338412250136,2.46879078896585,1.54208169967542,4.28036949877634,3.94650694438085,4.59043669436533,0.627526801501544,1.64443720616454,0.820195227920572,3.71593635129874,0.519364180254215,2.267317607222,5.40268226891093,3.73277167546042,1.28665250477847,5.32722358362809,1.39373010016726,0.262971184205364,0.788419440331474,3.61427129240382,2.13087536778649,4.42715214058826,4.04190277317718,4.20601296134524,3.63818454924123,3.41479848728653,2.77714347382431,5.23674053949182,2.78871907498884,2.84625699478273,5.06702899014173,1.12115124536385,3.614345791507,3.51489859249199,0.820772662167312,5.04956449856127,6.09405755212945
-1.44622097620922,3.91819444418301,5.01238630957475,6.09623771553629,6.16439905822695,4.50465878244528,1.5805850452086,5.6388842203103,1.15078938633424,2.84857064068679,4.62032604909121,2.22309801316127,4.4429528905472,3.74288979767511,1.77470904585813,4.40656959419115,3.6787057342541,5.14674026563631,1.14700329875421,4.62342200067859,2.41903498624267,2.23825480267382,1.13578304039113,3.41953879244213,0.081738212861798,1.43445147820468,2.94781426733648,1.0878273598274,3.61153776267847,6.18044611823998,5.18765523601191,2.70011440303718,4.25768189372366,0.0296469857731005,0.625145340566995,6.00947342232379,3.42157521390725,4.57942545773741,0.94528800260532,1.16571671568314,4.20522704225427,6.17436173369237,5.62158840611021,2.01024941449992,3.24785554843732,4.3400737969,5.94414781466716,6.11290661667436,3.7207096116099,3.58154213865748,2.0899981304569
1.62307962252326,1.20676324628161,2.83063206563314,0.326641884802755,6.21624492615831,1.79221654137845,1.27154249646026,0.502159290801511,3.62519494558925,5.38506599665391,1.00985432652045,1.92122303446814,6.15293602860861,0.196265799029751,1.0482279199975,2.49667883226051,1.09642277596384,1.42880819271633,4.53036503264235,3.58431116609001,3.72576747385588,5.28848314588764,0.526290838423045,0.662626331652147,0.0343307593853574,3.67491872064692,3.04558989080366,2.52333253403703,4.58355268464726,1.84369323900667,0.0752361374071138,5.15179675859097,3.4128934826783,3.5410438029621,0.916988458009981,0.870857170879563,1.434137676425,4.36780930611529,1.87430963768543,3.87388556238023,0.868596769341909,1.73626771488525,3.72964096347656,4.79125840943013,5.95508912527381,0.888373183508939,1.13593723634544,5.12706994960298,3.37048063194425,4.14863654478147,3.09098332594244
4.72031243836421,5.03578260188424,4.6305148521929,6.21489140655593,3.63926648980554,3.6518985270206,1.38218568695325,4.52153016022303,4.87103152686067,3.71248173462294,3.16242884072348,6.14404332996345,3.36711238010019,0.345884335333771,2.2902139721475,5.49396072062483,4.7742376121256,5.10510536986721,2.0054763838669,3.60168968928954,5.74953625853184,2.5105227888483,2.87263540463509,4.38878618061774,4.42305794929447,0.584310835074507,2.19634517820402,5.065284767545,3.93555722492109,5.61797269435845,2.88820492137367,4.78720229204227,5.73297518762247,3.45978322114983,6.06330232106205,5.06929416225524,3.75632525633303,5.9748243904811,3.98564584443314,1.51634281323891,4.1875609459333,3.58140621016122,4.09821470178932,4.03076857974761,5.57536478690522,1.7784000028013,0.584675101676244,6.22910194847061,0.96552129779185,3.98144769525481,4.05122437599649
1.68731492780232,1.02894483691683,1.6935209355446,5.88307868565852,5.30885412946088,3.23551065131995,2.05418757384348,4.50346464337888,5.90647348725449,2.7233376175087,3.86032482234383,2.92448378147096,5.75192731620899,2.28228692231977,3.40603133041926,2.10667496499972,5.98509663696712,4.74743927602733,0.480329840808726,3.47702572368927,5.52258314440652,5.69013329812581,1.51551721395796,4.5780060366014,0.251480679522579,3.0294587554257,5.8107103314318,0.0938489684776666,3.64477598412095,1.53896367996881,0.596427559396139,1.0938801614366,5.08861994498881,6.14355238928523,0.280726976422522,1.6870610082227,0.665112540447009,3.0360984153999,5.90394190166664,4.01228085889412,0.222433228299642,3.21268632633234,2.6879512851945,2.6866710504733,0.518384124619535,3.53614535782505,5.38647178046759,2.34119581432872,2.65088335634362,4.5125636120103,2.15917270044969
7.73835394341233,0.367896670567317,5.06714451093078,4.18477603267334,4.8546839381237,2.48900912581502,1.99625055975715,0.363470290076517,6.03336320810354,2.18562587858217,1.88365915590753,6.12296554483481,5.31264847521346,0.321229820831424,1.84743068017181,2.17398014512491,1.51740550472714,3.05105486413317,6.05604583630891,4.45740788022125,4.50431393754396,3.49748609302007,1.70154437997041,1.28446076383795,2.1715468925016,1.06557531376322,5.55050185777871,5.83433275137756,2.74593642489688,0.921460014873987,5.35791651340324,3.03554883950214,3.69568640078987,4.60622784173,4.54796194756735,0.526865446312056,2.2729872354762,1.63952404992329,2.9305185745586,5.91702138407958,5.05752163183638,6.24685256342069,2.48958404969434,3.79903776535476,1.85175083525504,1.49858035450407,3.46520785012455,0.021787408653023,4.46994972999964,2.32415979975033,4.18906502467565
-1.51497652797376,5.44154148974774,3.44429949724201,5.91596161403877,4.78430572448575,0.372799412294761,3.8174155069529,3.77216896634429,2.69640275896945,1.17255217115016,0.391860158159906,4.45256260923056,0.0459410887621787,1.79465569833913,4.30209859990348,1.99112899913216,0.658872366827301,5.1387159068867,5.17761658389604,3.11214276238076,4.68060747571174,2.35150154554665,3.18378838826294,1.09670280481674,3.72877728151216,1.96815032312093,1.10300054279995,0.857236929576128,5.5608354780669,4.54404855393023,4.5602151562941,3.45122759053348,3.91553290026759,3.16439132630888,1.26027087211758,2.38516610813081,5.17834564082419,4.57264045831495,1.74053947810134,2.15488444868393,2.3877258973163,4.06432938925575,4.34162272285899,4.65765754457784,2.79197682385287,3.12895449259966,2.78132606194303,5.81000921916481,3.39450404797596,5.33602026510804,0.325111675417677
7.7487457536536,1.68628261877108,4.59028813064563,4.19128749567334,2.33806257442242,2.88392500092638,5.29840058207438,4.56875991304038,2.53516636657509,3.81577730202937,1.4749667939902,3.32964435632089,1.00891790241748,6.26282945603096,2.76906906864721,4.60362338965555,0.725849374928528,0.475156924444567,5.09779217216889,5.04953152877652,0.92183304435502,4.2047385007617,2.80673711575256,6.01520115036951,3.92208254835529,3.71891463745917,5.833529056369,5.12249299095428,0.0721223689404445,3.30896539630777,2.33071928596212,0.355262400939275,1.34847345225765,3.01065067306786,2.67129636809035,0.99622094674974,5.63251820501449,1.3110252085937,1.25999779358847,1.57249883574551,4.2530472522151,4.16729516372498,4.22138258349455,6.20639280926381,1.42221687487005,2.0004417834813,5.11728682246218,0.932816213436669,2.87394130625399,1.85225724775487,4.20859430662863
4.589836062356,4.19519741195419,3.30125067148423,0.770836033992022,4.3411167989738,1.00534277493907,4.84198987171916,3.42150658695724,4.42398204246094,3.21073374616525,3.36441536188427,3.84400150926946,0.96164939543729,1.34731960780682,2.07382499031213,2.04702760657353,4.58863395065667,5.48550741235061,3.59330045097552,6.19693836177955,3.71052520457704,6.09542601982876,2.74301703728124,4.03006586119657,3.33543315241891,3.93403409605951,5.01435020395027,1.3518319522898,3.61762017960127,3.92405898579042,0.735907754494696,2.63860500298091,3.78084669941814,5.08181176855522,4.83205282950432,5.54442485218989,0.723499742702629,0.377980671680726,1.8084811475503,1.83170411478867,0.958974793515099,6.26408889390875,1.10839611529577,3.29321919271233,0.690281073160277,1.41698257007454,4.22398392686808,0.688620955186843,4.58899867368885,1.98649522074526,5.29850538845142
7.73923814275916,5.74165021576079,2.44212314850587,4.30482031949116,2.1992583703616,1.54830525600866,0.213979931728766,0.756592381852452,0.335024898400348,1.68014187237863,0.956995970060587,1.07059678884782,2.48557420001658,0.0386178861671103,1.9496119779873,2.21603833038857,5.84219447459846,4.76390200226882,1.63837235011037,1.67343075617085,2.28084276616487,2.03449756546988,2.17844865180472,6.05136167356044,1.21130870830407,3.05057441257757,2.95059259161341,5.85373124991717,3.56166522494424,1.82522034921666,0.979089723999836,1.1899297888034,6.0261346080319,4.00020584675568,4.80098258097233,2.35880305891827,6.09020485350051,0.576991199073715,0.561901803271241,0.662161701555582,4.20082657589432,1.96845057974211,4.85613161844825,4.61831329910352,4.94248963590345,0.3163319842683,5.12331043007818,4.05545913177393,3.36073320000459,4.18618847861596,1.86362534715613
4.52190226191558,3.54802064507272,2.152162215612,2.3200250007765,4.61897889025664,5.0392740168014,2.57192039416786,4.3494132648749,3.2955167684613,4.7134127494745,2.92329248046563,2.96810368737512,2.62164750614168,0.510053218701007,4.44375851075594,4.67982779157762,5.80670922415248,3.03363496961035,1.47619303386802,0.753855069020956,3.86073534787815,3.24564119517205,5.19731424186828,1.65415905459283,5.81022847254902,5.23148680568129,4.01531314282377,4.65337468805397,3.42351917748685,6.19410021000485,6.15209910341589,4.24337589640431,5.91262507533282,3.00931192162349,0.259468607223259,2.4069763163621,3.90593002804085,1.87175358332979,3.08484145749182,5.52239317864226,2.40312056754897,1.3714360844463,0.425727965415734,1.87769522803457,6.01634770802538,4.31994830560965,1.74601517900912,2.21492236381266,5.04938393789734,3.68039085496042,5.30545419227413
-1.50416100190852,4.9320125209067,5.98286995276535,1.04935384465678,1.54046769873152,2.7215315032368,3.01598942875132,0.966570022801171,2.44453462413066,1.98343195513653,1.81710206234886,2.80637789475528,4.5946828623667,4.73439637241805,0.413685185751337,5.02963596139485,5.95172220907395,3.80413620894826,0.785891572018469,5.58125136883641,3.30438335255583,3.54277451989912,4.85677391263095,1.26236181361368,3.52008929208832,1.83315495062752,3.97196023409825,3.57459392146491,0.373543171549605,1.08496866575703,5.33074228635618,4.96979246222719,2.55315120348716,4.87373886011197,5.70897535821896,3.89215089042731,0.750601328552463,5.67905883564143,3.98007538300678,4.41271540959475,0.814479773757536,3.52778606251828,5.39246336626976,5.92296807000007,5.77853014939805,5.23895576319335,1.53725051219707,5.85028660887976,2.39751573632525,2.35722335023707,2.4729228215616
-1.51095663784678,3.25628922873967,6.10888967769558,4.66960651169457,2.96086812381343,3.00446030010541,1.96898865856668,1.53579577036695,5.76749337022047,4.87054727025515,3.73606405159539,4.37256979515162,0.64200974315134,0.93846797507237,1.62702507388505,0.0478893445434235,2.88810536687254,5.72216190575445,3.87083216854269,3.38255161666922,1.05310023449181,2.683408020475,3.28654669315309,4.30180626644661,4.29329229242256,2.9686923070935,1.9057809817818,4.54337646888376,5.91204091312584,0.33039957421703,3.14673829530928,3.35012086602685,1.37482221461222,3.55513880360688,0.141910713527978,0.526112014242872,0.594337140161787,2.31831696345846,4.06747177825173,4.83500376787418,2.87780744471132,3.28139069104776,0.896847047245092,3.89970648487386,3.61524888302153,0.351062398243733,4.8567605737439,3.83668041473935,3.04534109378884,1.24870846062244,1.88885083712189
6.83702349031308,0.00353037388852876,4.83889762424036,2.2914476875367,3.95057318955057,1.00659581108734,3.42295569362692,3.43967677412704,3.5933066713032,3.18947618742261,0.259826085885109,2.27594113771808,5.85242544923962,3.7503816410776,1.08137624073525,2.18524961897802,3.63294981288488,1.309053960129,3.45927855976295,5.86069052091874,2.95801516877069,5.07735781205862,3.71962149606838,4.37546683084193,0.215744104139342,4.16514973291918,4.70570104850262,2.84217406210648,4.55576792044317,0.622665249695541,4.3402565314602,6.2307946807397,2.60727932895228,2.63240470558221,4.32482679361826,3.15426310849653,2.12591634906345,5.04114772081441,3.39866423443014,2.47259058116245,0.758523266944423,3.45279365457776,2.95501736289433,4.21814194492037,6.12776719599714,3.55349580762664,1.09990142399492,5.24389185360133,4.90637095802126,3.85377622609423,2.94850418096558
7.78021088893425,0.519989836669602,3.80666652033446,2.2232046803701,5.44662645547697,3.74977545463893,2.11805231882074,5.40835286269106,1.92167464605671,5.40612771309037,2.93233521160025,3.8952202534786,5.51960584717871,1.87774514426235,1.262579190074,4.54543499504106,4.06181285416911,3.40507310298524,3.92847826088811,3.88202167490483,3.49318650802795,1.05485279718451,5.00806402301988,4.64686760941945,4.58112313174378,5.93874782415874,2.98929311948574,5.98078495364248,2.81177986898062,3.95785588833278,6.00466254014838,4.57328929759314,1.74833303958017,0.0403824243072065,3.44443848616289,0.531575120888906,5.63325742776037,2.36266137807847,3.85237679427084,1.92544236816318,4.28599090339898,3.1101788563019,1.3303315418314,5.123483617635,6.25056852017092,4.0960983596466,2.4900160055156,4.09138645850844,0.417431803801589,6.13158311686556,6.04490201248963
-1.49345435933677,3.97142752564595,4.05250442346418,1.44624789661285,2.22206425965557,2.92199215695337,4.92072320403277,1.39500997062186,3.00852589866533,3.1458955637947,2.39325794543974,2.57090380946874,1.36723936746477,4.21223886127324,5.35640364398616,1.26209484715631,1.69375344004077,1.94396206548005,2.97482097856012,0.136168591831275,0.144032401173356,0.0828557169646152,3.86551198167841,5.05158138421837,3.52479520550279,3.90230935845971,4.28747469146756,3.18593807908619,5.81868171645484,4.85515978441317,2.27998205831293,4.55102593585762,4.06330679635208,1.75910681680838,4.1551888495284,4.02311886846643,3.99520640321736,0.350667859478181,3.0789530688568,5.14720026706007,0.900053487183328,1.31401473289081,5.72357601064617,5.1528289131272,2.17122844303119,1.71463679750501,1.11062119760224,2.53016585656949,2.23240058926805,4.15734027829833,4.79999256725429
4.611439441067,5.56612315889146,1.47772004385126,0.76512493347319,1.50560747564616,4.31386446087881,1.33204337981061,3.43426211786487,1.46719621349148,1.97072573041984,5.56139326093508,5.23545859315647,2.5520120423451,4.38196738047306,5.52107259225168,1.60645924278992,0.433022960024398,4.06696715343779,2.02590984428254,3.70082678331887,1.22024648238109,4.26247167623162,5.86713531581603,1.27799554660427,5.9935456779093,1.41036741397816,0.00868349697107501,3.86753122263361,2.31246988324124,0.407423991461749,0.0823705840711686,0.359405753595115,6.23677779624619,2.93297390554156,2.36154015670081,0.809302870941612,3.59182139837276,2.61070423083605,2.22323774670745,1.27887287759434,0.792431114268082,2.86688127091804,1.24079985380294,2.83654385803159,5.81525461141645,0.838134171629583,3.67164757730496,4.44320997791878,4.89460440654859,5.9537962509404,6.19317325537061
1.72798565323424,1.67070290403057,3.71313052123608,6.03542369310815,2.93708397095943,0.338931480690896,4.31496449335101,1.97701256234876,1.0080296551327,4.86668947774547,2.33043137198077,4.83126791104932,0.847732166487451,3.528182759088,3.35548211846454,4.96600294849302,2.36741062312644,5.14087381930956,3.16154225970239,4.03287131382636,3.10157349232252,4.61052152823642,3.66182810103864,4.94176394368689,0.295858065390256,4.68745553568092,3.2740175224857,0.779066775372581,1.82107861747406,5.13166588961375,1.75525686992835,0.0253660676156761,4.71997720083024,6.23865563739153,6.08734330673989,2.27846294516149,2.64238425288184,1.61462596102366,2.44721849656472,1.66629076065852,0.817671754213477,3.99880714931718,1.56643316484597,4.72351057516375,2.55996987782089,0.631905799538675,4.27238703214885,4.90299626933764,4.43087164345191,5.63978608882531,1.57293335752509
7.78806964373097,2.47927334309202,4.08194440486615,6.26880426069985,3.08995944567086,1.84801716549271,5.59557417801034,0.86456193448627,0.295503758334802,3.45240281553203,4.77815936048787,5.62861313391832,4.74511762649846,1.71467366889228,5.45719968272861,0.375714285345209,5.51602071626648,2.04005889389868,2.65336338430959,2.8771791477288,2.70014517698189,5.99915857858914,3.60644633816592,5.61138918995763,3.88057798103204,0.360606837133637,0.110745229029024,1.96153853612489,1.43618494689061,0.237462632757521,4.68156016453791,4.63785289316605,5.69833417257086,0.405959215476521,3.42226506901963,0.141963476594342,3.23037161906434,4.00844581183473,5.63405442406704,1.09687810190142,2.53874773778786,0.732362847977968,2.38161727221612,4.23442346827689,0.560620840016837,5.04431315369596,2.49346034372897,3.24267835742653,3.07764729304886,3.31428739572755,4.27759651268748
7.82661113428071,2.63487976547839,0.981208033767369,3.85502558154061,2.60830413232517,0.873511803969972,3.37128587618305,0.953231911100995,1.493022281068,2.91029384475742,3.65443479540921,5.47926447088989,3.46571554560353,1.37045065551352,1.55915772360036,1.24079656955185,5.18320273950756,0.243394739236424,3.37674006634339,0.919418618024472,4.46208171769392,1.31245258654115,3.10685098099682,5.94952207683532,3.99361850512075,5.00373152237098,6.03825913409565,3.8591435789003,5.83753833550872,3.55859866776982,4.1747856978158,5.28376148123421,6.04596747181886,3.11842579657435,2.9276272442488,6.04853236366261,2.92522223179609,2.67590588836966,2.12309966122281,2.83799446272939,4.82510914296905,5.16295709290369,5.95337655437264,5.97417161449036,4.91198568442286,5.6424451706496,2.89732266363281,3.40070703714393,2.98410467278325,0.35601799520138,2.82865593687373
7.8372196114767,1.4267306413094,4.94418400664079,0.690215019483162,1.54281110185223,2.34321497336051,2.72503350675501,2.67307885916111,0.0132231453570806,4.29443336267272,2.27008564572191,1.30261853814784,2.65757788598622,6.2544418327785,2.34464300084359,1.03132984542772,2.3599747056192,1.25655645582008,2.16783285363697,2.51742243569771,3.10006654772366,2.05639603154889,5.29796232400203,2.87559131985225,5.44017745615312,1.40113141234733,4.83322255685674,4.57530540205198,4.86861244845063,4.04417674913169,4.64021269998719,2.7214335052805,2.80669905354998,5.98393302461228,4.75627142595612,5.5048948395262,0.538890270119948,5.34069783887348,4.80962150136661,4.23045704824814,0.958606522906578,3.77519566924147,2.55607135620896,3.83252412111018,0.213649012344645,0.498759283394698,4.61148074899182,1.79981768670524,1.87477875601466,3.50147012511957,2.05329167842298
1.77374494068112,0.0708432167786225,1.10444024875805,5.20665336166867,6.02381535476284,0.922348566445727,0.0292823402755805,4.48815426063427,1.53755891727195,5.96116333522617,0.90884954984893,0.0508745649355496,1.94177219707467,6.03863882277978,0.36098264615902,2.62925325673457,5.43729066674104,1.68808656207256,5.47931917671147,4.78616814208577,3.33718714584549,3.09013584140702,1.93700194744891,3.31738765268284,3.39809578542624,3.28272922744317,3.12212469862561,5.62575511425319,4.42040248234075,3.65884316445262,3.93505291609746,1.45244675303725,2.88907280191295,4.47772493624533,1.51004709554557,2.75636147463919,4.81612263909081,6.04558429553803,3.55807229521572,1.4397735697883,1.82415580421123,4.41084550185416,3.51736372356317,5.46655303964776,5.83553454296843,4.05752459508876,5.05114296083627,1.0851884092188,0.229731058043543,2.95580570018888,3.32004641120224
1.71484965915651,1.74730275026449,3.57099954929917,2.73610232237561,4.0731931426038,1.13167951860583,3.59135022756946,0.530346007839985,6.01055111164816,5.53250874513906,2.4501779008415,2.22693600946351,3.58884599269803,3.02712207295064,2.06671491293744,1.79944187914277,2.6470288466221,4.98857707352736,3.64474905179912,1.94569541859545,1.22420367871134,4.33362155574969,4.42305034358338,1.22992623973041,1.07563643191204,6.25643412531977,5.60576705680179,1.42247879718588,2.6245515667646,1.23361699479088,5.28120672448691,5.37774060407047,5.15633454468226,2.19726326901762,5.71844242044581,5.5102955892891,0.740179146129588,5.16887605213781,3.72257286599907,1.42264593703936,2.19561184955508,5.31699387002231,3.07528189788065,5.21294030770521,4.79962115868649,3.92441677605382,5.0867083236021,5.92629656704533,0.404982616717263,0.359468432320221,0.0273869821491638
-0.522026138338441,5.9138225703333,4.02334224874255,0.463454763311156,1.73536710594271,0.250541118923252,5.50566731878877,2.0769218635379,0.662682406765044,5.70670095655529,2.04697946925413,0.633297510080434,2.54213957040844,1.07010944694807,3.16673663268602,4.29720721334616,1.02240663762602,0.744955586824658,1.83059995396165,3.19070072592669,0.479762642599786,5.35179734358954,1.77292836880579,2.37163149727422,3.54643942519713,0.856933055158539,4.27905130571973,2.14136064732904,1.70234437379622,0.54843588373307,1.00294422419552,4.34889532604353,1.81036189258802,2.976774205337,4.08477086499956,2.18649277165174,5.21329084189494,2.52209928678162,6.18602401567894,3.07129294891349,3.71203249881332,6.04251725267481,1.71042604089866,2.99633500586,3.15247528216353,0.659225986311258,5.38340602204645,3.48147456143551,1.10160655449474,4.27361666745952,3.13567850881907
5.03014073403795,3.18489480637255,3.930636208421,5.83450803090722,3.10418831063449,2.19326354273297,6.02886898771265,4.79241363194978,0.919325741744373,3.43996141994939,1.77748193393148,0.831809458899911,0.925016456499771,5.2536022342148,5.83461150017713,2.62875938436852,0.654080657656238,6.08266999006606,2.5163774820912,5.96345782568091,5.47619754652304,5.05424321193989,5.73840743693746,1.28817449695269,3.46622743380573,2.39534043712102,0.206311340026855,5.35607691878817,5.61505443172681,2.15486995555452,1.12956416393282,4.91356517659219,0.714566516837915,0.249239936678074,2.22805721621198,2.33292183786725,3.85805089905437,1.53965395201284,5.42036500299921,5.44122359179744,6.0970235161309,5.45729643574162,2.62583180002288,0.164890564262428,1.94169171756238,0.000384917153344458,5.13502535517184,4.92385380629777,4.96069023421428,3.21939990755709,1.98246173470009
-1.55175389642378,5.5545424579945,5.06574580178893,1.27544041827578,3.10652497701745,3.30497874997367,5.17244950164918,4.56422583544642,6.06519604218314,5.23881942654296,1.73372446252573,0.394239462753207,1.74667218868478,5.1473440748331,3.64747061192873,5.78127702678795,1.79447483631407,3.45861869154536,1.30513507762324,4.03748853783227,5.91300307434657,3.69233891653086,5.13318325604101,4.65742229564735,2.71000624839796,0.37896048739684,0.85123257688788,5.02486563277151,1.66725116784047,4.57146572193104,0.831113297147694,1.8870732073279,3.17107913384291,1.23696045017351,3.06318524186923,1.41237300590769,1.80130197216597,6.13549628960205,5.47994776920344,0.0132761688228636,6.27301911640265,1.92874809635145,2.05365438409113,6.09024296105356,3.11236181827103,2.465188275661,1.34000725713807,0.459812223104735,2.65073246512125,4.78666560884155,6.02317681296501
4.6915217085268,5.98747688514258,5.72625328239385,4.95476027529912,6.22920991328778,2.4172203709538,3.71251529688952,2.93485220896901,6.00064967685937,2.37765087705698,1.98969061418908,0.624667444729286,6.04121991205251,4.79503690300241,3.36586395360679,0.815016987997523,5.95678183852496,4.54744954002923,5.91228938683576,0.350315266962716,1.64463400521915,6.13916491802658,4.21997706593196,4.43001283300472,5.49784737650822,0.490161299837028,3.73322394389922,1.41897342603025,4.42741572770486,2.30836155284422,5.59865559696952,0.814424687577261,0.22722673100827,2.46389840469841,5.56694437380693,1.40107987666924,5.73227367159009,2.01311888149903,0.749913386936933,5.19062501384079,2.84286530699103,1.81826759112638,2.13372879388885,0.647285792314251,2.61417290322875,1.37978558405362,2.4255301142994,2.25090080783069,0.0535527583216255,2.29517442745609,3.63756629226549
7.76596265113935,1.31144162822496,5.11616066812476,0.240798549723282,5.50598645875652,4.38924014604151,3.83054977564791,1.49894462110581,0.482820145774209,6.03985354217772,2.25254883624912,5.07128028567097,2.44215622508365,3.42706944120959,1.00726672872518,3.41875508820913,1.17981809757659,4.09704917154888,1.80486266649461,0.16239397898963,4.94207080099444,4.76420389296949,2.73719545718907,1.64712379231164,3.76228229093601,4.07968530825142,1.31183162901863,0.119424707364136,0.560966976674819,1.33516569171886,4.26949926111874,4.83741647235015,4.90632653505086,5.87248225360031,2.46503387489816,1.81202993079994,0.674691695845852,4.16202392171088,1.37270334308414,2.90999481259868,1.27829113651678,5.07697934783693,0.846642939128188,4.59159494073665,1.77593060000934,3.99396700731726,3.3124755570572,4.30941628290863,0.579292335565287,0.572205264040311,4.35933607582267
1.58848712337025,0.882758402979365,4.28522965642141,1.59459484696736,1.55779253868921,1.99223768769063,4.80020564127253,1.20858311198347,1.62545814525619,5.87076290353676,1.33745693010671,5.48925058522878,2.33983657032789,5.86142920677369,1.40897931830697,2.62996653609124,2.1297012809382,0.164257803916848,2.02697218613334,0.496727139502033,5.98809188273684,2.71444158341032,0.245159619699351,1.22448993959526,0.397918309660518,3.60065634832675,5.13627059689258,2.5646969786779,1.13018164848782,4.15532959833973,4.07156171537974,6.21708567541889,3.77411301038439,4.44571216031615,4.00315021662336,2.56117700759983,5.30810981137132,3.91600355319789,4.15463042151335,3.29152483367834,1.87826226678544,3.10859274589118,0.159737913702421,3.97814197730696,2.36655161957407,0.0760232005000222,2.6364334108111,5.15864025425574,3.29294910292487,2.94770353614123,5.46467378239772
4.56655884353406,5.08912776188999,0.825194257453075,1.80004833329545,2.37236403155865,4.78320801366454,5.97231439902703,2.78800450826427,1.76780670577653,0.925620318361613,4.74004760008865,1.29728608178963,4.7327101413569,3.11534839039946,0.647998136866261,3.73624734791613,3.07270038728752,2.71954349265675,4.14481862410403,1.22709265226012,4.57155720405021,1.2158324591593,3.40310908572461,0.813079101379624,4.26731712862416,5.52706251764183,3.85708750313078,1.8034902664715,5.16037980575504,2.82683586636334,4.20462595262218,0.37169922329033,5.24277083118054,5.60355332673962,6.227246434381,6.15406031772548,3.99897270921912,5.45051435191489,3.95086946703458,0.888015292304191,2.91846747235325,3.36788225829442,5.86498928228798,3.38520541443341,5.0829212266086,2.66172728780832,1.61877370097082,4.08770062909313,0.304859019973286,0.890560409884269,5.9709527192676
-1.53462411311458,4.19485706698889,5.40086112315576,3.04099229476962,5.59186152014038,4.85138746581811,4.25718329613222,1.89699737440073,1.23650215451222,2.494352818847,4.90698478674397,0.0853425006862818,2.45393089721457,3.36749354925741,1.09267660849236,3.61602554184106,1.42783648010345,1.91970322057893,3.48588511022686,4.51885242765615,3.83091172937616,2.86657226897258,4.80288335774731,4.82951384740267,5.62698137168602,5.95357555219313,5.93987528341908,0.212845797173224,0.515190116559136,2.09550649686247,5.48888786785729,6.21442022843804,2.35171690610585,2.73245581473536,5.12361123383072,5.58304892942631,2.3984870671165,0.178273603639736,3.51617243426119,2.10486500471618,4.36102831069961,0.65007708828579,1.83993033721528,0.840416651526889,5.7546218825742,1.02990088752875,1.83848186398913,6.15480717982957,6.00831515839744,6.16553053027159,3.29426706776625
4.56305861897864,0.0820358947471577,0.445875808631419,3.92268323275907,0.770462978178464,2.71991092355029,4.5387753516059,1.48361780979117,1.68106615865029,3.44127438307386,1.75556648483649,0.566359007445972,4.24411258537608,3.21685946985195,1.96167500151208,2.49750033537084,0.191279649028018,4.86125436111104,0.961656200932195,1.61303826188391,3.81151928146572,3.73312909121679,5.56050596600997,2.03060975680705,4.04682523942908,2.63351168691529,1.03546010350384,1.12364253633612,4.89748744064996,5.14911062448555,0.772638890345368,5.40827403042453,4.53041193525889,1.29367897492201,2.17578399333671,3.83089594741592,1.40065648623333,4.88840796540194,0.314726697927395,4.66834432938247,6.1136482634755,4.06090914530315,4.38528207781208,4.00921001829557,6.19921992150139,0.000303931471394307,2.04257836798774,4.78271217659951,2.41190355904153,0.880900580405026,3.63085215805771
1.60125763629406,2.18765751630518,0.945813219454138,0.810354249684328,3.19095411650428,4.48144947739885,5.84610604982841,6.13352648650042,0.190621874246201,3.95315425980537,3.07874182787491,0.659115083954587,5.30705442862183,5.15858293858831,1.42396195912553,0.0951122084795403,4.12904031969718,0.740621093681335,0.388505082818979,2.16946630553966,5.61519313245282,2.01262109875295,5.26659834492641,0.253470404642617,0.542939974074944,1.7998869807459,2.98513257607955,0.438335485586698,2.79721371655048,1.266183932866,6.17220125238537,5.91405993610625,0.429396934700175,4.72832665069835,4.69263646005865,0.247059120809768,1.76503557027905,2.88743234409558,5.74772146476696,6.03091873489856,5.44202373191506,3.26490862502927,5.57299347277047,5.57082397549934,4.38991545828526,4.37990267933854,3.89021353338576,1.80594895338853,0.800486839444227,2.2499678040302,0.619515162824636
-1.53560162746218,5.54176879421727,4.38005113187647,4.84154743555278,1.28317187010464,5.03950405042894,5.57445501131799,3.7538305699279,3.53157956563005,3.70843262461269,3.4310141325161,4.29337209899254,4.60300963846749,0.217701381736382,1.54037319129776,0.00157993835934582,1.32842001699729,2.48146656304272,5.54500011254037,0.330634489602199,1.56050662477036,3.46076774746216,1.21669002612612,5.17864838879486,5.75408036150339,4.99595886745442,3.19574030462252,2.85597031000986,4.54134345309192,3.34772756130753,3.82004551766911,0.471872657264513,0.776087577814187,3.39808682944176,5.36720602711449,4.12157958817348,5.08404729463385,6.00990305795698,5.50735415842384,3.57979301528518,2.75830350131526,4.54470430842218,2.35495471247063,2.54510521841959,2.30285583139454,4.08447072833766,4.8513982840973,3.32949404002533,0.342457337088395,3.88554168987044,4.07197357655827
1.75938522612034,0.884467695481115,1.83185234642597,5.21626567410578,5.73338392254507,3.78863028964734,4.53622709899238,0.97063285498301,4.57269904672111,5.8022841880834,0.461203840019737,1.78619748636351,2.43400073035741,1.34482826124367,2.35155428959508,2.08418476903849,2.01297949466443,6.21559024691115,6.114023070402,1.24353016218267,0.24283583138424,3.03350449633562,6.02916796574343,1.96866698482482,6.23748639133917,1.24338390987353,6.14370862015858,5.47907446562684,3.8922500850506,1.20157696177205,3.63808450173671,1.57581654084411,0.194111798449838,0.223031602755768,1.14611618669386,5.7343206026587,2.56856921750362,3.29657296313033,6.02528678995116,3.74984912426757,6.13031759910023,2.01487018023051,5.87648055939151,3.1488025517167,2.54470024758521,3.46328915991768,1.00236239387995,6.24546418833215,2.35216065450975,3.21980308046514,1.84073086646911
1.63269973972569,1.03229489298583,5.87796164837624,0.514383179724121,4.49412118456346,5.47991634864893,0.618481660940848,0.243551685476722,3.09357672713372,2.15529933810289,2.66416254755523,1.71503302740386,3.99586877156195,0.304543718702579,1.31235973805649,0.0311814654160512,4.96946520160118,5.44293415264917,0.276995002182244,1.85966165693252,6.18857645808984,1.69837268726239,0.983825046456452,4.56258397615353,3.98198174812882,1.00211504515403,3.12025206546864,3.86005040524469,3.90373423481724,5.03118974863061,0.828984553848419,0.882787845668628,3.51230556873357,3.43319233707564,5.97514744960638,0.36129525566046,1.19518775044718,2.36578964552622,3.154475124825,2.02667560875113,2.54139150139694,4.97960254655943,0.553201337913365,3.41166131505643,2.25187683751482,4.88827666704141,2.52463571170247,1.77252163515512,3.5302141700587,1.98314550261034,5.4131543441549
7.8000038883745,0.278429962434098,1.45694476677472,5.84922004504738,6.24553840070339,3.61942078306077,4.85976294392467,5.98805224789732,6.0990113043474,4.8710909140201,0.302566342074049,6.11715742358896,6.09551899851313,0.382473165828282,5.14415974982747,4.82374882226052,4.9813792605667,1.26687121177964,4.63333673778148,3.11169995902193,4.20208890010948,2.84482082177178,3.68567678467204,0.968241373059618,5.55000809952027,0.234757588973018,0.0989185062728358,0.851484358255585,2.53586481340534,5.89674783816502,5.28492942090073,3.28185815481665,3.7358835026348,5.63468632421679,6.22693078200996,2.04772427303249,2.73374619625636,4.32661880389696,5.03982317430459,4.92288084435286,0.136882413930545,1.08801886458149,2.50001889367319,6.09893883723742,4.46715265111293,2.56856642918176,5.73575844485917,1.32348523297516,4.74373341633769,3.24357021665605,1.92416957091749
4.67579767157602,4.64327020608745,6.03991625308702,5.3374059879261,2.26956857147512,4.15773592156704,2.36486975971214,2.62049667822793,4.90061923811903,4.43995825481432,4.3620368420347,1.4844226926892,3.56268750624636,3.8595640712955,2.29885353768865,0.392484067851106,0.175694840406754,5.0864394041491,5.51234959210371,6.25829847836042,5.66638425823154,3.93282698529851,4.54129154875846,0.95782168344915,5.20826810577496,5.65159423837357,4.00223950915731,1.07986138906417,3.59472196408439,3.23690905617484,4.88888834527455,4.39219779481659,5.60633974241645,3.18296184978858,2.66239252200942,3.56603763692417,1.97408940918199,4.97432590930346,4.48771561635155,6.24658493865018,0.219227513968773,1.78551273390939,5.42500987615682,2.46005284072095,0.171564326319977,1.55035565565604,0.824949496629233,6.15461982829991,2.14195931729462,5.64944723054207,5.52273802354357
7.80428831291364,1.94986365256198,3.04718822682077,2.55431334414641,0.981834493324781,5.84936354414469,1.37509198548354,3.05377896535149,3.40329991314762,1.291489832124,3.98708761164282,2.83709151604375,5.7522864508941,4.36537107225592,2.12353940854577,5.28425600606173,0.37272469521678,3.63539121542481,0.873077160768195,3.79784951599655,3.41262165640707,2.06394197073612,5.70723021544676,2.61444524298422,0.0426999674250369,1.23913235248196,0.580792092847626,5.79821050690108,6.26258125296088,2.64331785940459,1.82742445912955,4.33129907382042,0.975688243434517,5.20896222968229,4.52450690593072,0.924088651910128,1.52747698472471,6.2274763919368,4.24506816053962,3.06126522625859,0.273315811489184,2.85862458761118,2.23347067434424,4.04105331077652,1.91699250798687,6.01501254365614,2.31195762053202,1.30341542473566,6.25317399628802,0.668119053611778,1.43682449956483
4.66764886189066,3.97182062343719,0.37685068303502,1.63764231449003,5.95265641978186,5.56136297121625,2.563054155322,4.4489449400944,5.26957198924777,0.898661895137934,2.21635812281778,2.80307629931058,1.91935291606734,4.20875290889219,2.55823437714175,2.10266569756335,2.32398628157403,2.7914679156148,4.0940476747302,3.51087827417245,1.24153686315376,0.280891812180022,5.00805579703152,5.5013830066614,5.3650590280605,5.20340317170236,0.23069920406214,0.674008295128041,5.90263345895904,4.52679075658227,1.50723773546159,3.6742874378486,6.24492458807277,5.65512735669641,4.07475381433204,3.48622130343065,1.83008977444777,3.07127073742829,1.41026851486433,3.75508581800831,2.00314709351689,6.05649128023486,2.47155772296262,0.569455943577221,5.83083428519525,5.88307222102353,0.744193508909626,1.65774395728985,4.64980295308258,5.37142393739024,1.46821191751391
7.6712742173638,5.91897196882641,2.13018393125967,1.37975077684376,1.346302982146,5.10000169926742,5.88894144250588,0.956319285599678,4.94551112203476,4.78792717087638,4.49735790690594,1.1965998979545,5.26054043188144,0.564923273310454,3.7652604366563,2.62542482060199,1.44577453874703,5.16148292644731,3.08483536736386,2.01901937431824,4.30815816312003,0.460771518468952,4.92643976416187,5.71534556331214,6.23242492446304,5.04204804448793,5.67828003218399,4.19576759597893,3.02531543934281,6.01166264265646,1.01311973814938,5.28794808067431,2.08275195342454,3.38678871750433,2.7914672924117,3.95725127453105,5.09043240832518,1.92010422983115,3.12706225487751,3.97668045485154,3.12835109740868,6.2645535547266,4.22590269314669,0.958154715286977,6.00691181473112,0.470514359771685,2.19251185446213,0.80092236185977,0.909212966495264,0.480586081150736,3.08309167141764
