"y","V1","V2","V3","V4","V5","V6","V7","V8","V9","V10","V11","V12","V13","V14","V15","V16","V17","V18","V19","V20","V21","V22","V23","V24","V25","V26","V27","V28","V29","V30","V31","V32","V33","V34","V35","V36","V37","V38","V39","V40","V41","V42","V43","V44","V45","V46","V47","V48","V49","V50"
2.11438083207749,1.61311249832734,1.99355204719162,1.32284234727697,1.44703535742019,1.04490571829495,1.41418068752904,0.427135234705037,1.47990322170989,1.49833231602674,1.61476370388737,1.54489297175973,0.986540574852831,2.01713500197258,1.96909069228425,1.33962815490223,1.3084612035407,0.970988493347249,1.3260275192655,1.81618547236911,2.02819497988396,2.2904464380163,1.54517636523185,1.84303454552486,1.80404771976963,1.16405231892938,0.624751016441874,1.11566738552028,1.3110004066497,1.79410445648011,0.896619708627741,1.81615599109933,1.85754230410057,1.34120419148818,1.89465410587931,2.03351550726146,1.58643923649954,1.52445586264789,1.62458554095774,1.14370487426659,1.6425363851891,1.25171414608118,1.99860634728517,2.21940979011968,2.2909461703428,1.13614398227117,1.92512804271586,2.07051528793109,1.671865778127,1.22944138837041,1.68320512275991
1.8763598548423,0.793817663385884,0.916764500974288,2.32350024095191,1.11098503594603,2.25005450587187,1.51613983066999,1.54958154090775,0.991915956815759,1.51474920545633,1.31811193031303,1.47717509361208,1.67962504616375,1.12021593044005,1.9169210573097,1.84455595597262,2.34022491316755,1.60286182507962,1.20911752135607,1.30113515965437,1.33240225300953,1.12053173778366,1.2550875217351,2.32572042679532,1.78192566224809,1.64013337384562,1.69083347393577,2.25249586834956,1.71219365461571,1.01366371348175,1.31621245134793,1.18780958938038,1.52765667207649,1.46452070752547,2.39138933942942,2.06427549039298,2.2050494647842,0.914641356232339,1.23902281409871,0.838844549277389,1.5322583220224,1.25769292517842,1.41994841568817,1.37861382013045,1.73670904369167,1.18796587572059,2.08682715029956,1.38881372427979,1.06944992905243,1.72137197905813,1.15751006571961
2.13772969103785,1.49698095353094,2.80655729299638,1.58607345583011,2.40824111186062,1.60340061223925,1.59982937135377,1.20723324943705,1.99346654640046,1.61091114403848,1.58005266427731,1.14925142707884,1.08156691727855,1.32071138242862,1.64835496806772,1.99439054719417,1.47823907610177,1.71049110883559,1.5439945393595,1.20661610294833,0.742873447613603,1.49712571317576,1.46019655956756,1.71701133183328,1.85938455651944,1.76389479487591,1.0651434572517,1.8786977633089,1.90451649876445,1.72892833086568,1.44529496725076,1.52436143660155,1.73562121989619,2.38800423476108,2.61137379408452,1.68317533043564,1.23908283870922,1.28096641188387,1.16754733978485,1.23398145167765,1.52982824170981,0.769054062444076,1.91261171550885,1.96108997808519,2.09409048236412,1.28803419682116,1.75313186938944,1.83045139534431,1.64698978321695,1.4194347259732,1.48587098776731
4.89910172297143,2.35721729267988,2.08159337572851,1.54980489518435,1.33570804153783,1.42926962085407,1.41279738672411,1.490664098326,1.83604757148872,1.32754568526673,2.25413544984542,1.25490840841854,1.2150019676903,1.61401817841902,1.96407260326689,1.26641727783369,1.63258040056879,2.03162715991567,1.31075944111924,1.5277160532558,0.77098839383052,2.27737573722855,1.79715707503041,1.7596877362394,2.06388149561643,1.25810718830836,1.85976389581724,0.89246354260162,2.01787522851978,1.73952061991816,2.02573104239908,2.14448460416665,1.84134099291755,1.80506583427689,1.34775190173862,1.21116662843,1.35980738907308,0.931434844331538,1.80701002394833,0.910970390820007,1.73371644659066,1.78768578536208,1.28562133583997,1.20399595487665,1.55656242129582,0.586403336080338,1.04920836497531,1.29385061867016,1.14025135182353,1.02201509369245,0.566880509545717
-2.8090750306906,1.52954922097546,1.45465614036583,1.5212124128266,1.60660629907382,1.71671420086106,1.23882651860271,1.43920243811492,1.19672723703655,0.978552101287907,1.42728986173152,1.87363492475084,1.19604341412986,1.68048415538046,1.58816417107992,1.93958654825632,1.34366349481154,1.98608782462037,1.19969826679836,1.176357547728,1.50687197346869,1.79832969943179,0.630712304435864,2.01610015755206,1.69547193130663,1.979278795369,0.569167410209096,1.57983751126168,1.31327262778382,1.52279864383373,1.4380330443682,2.01831023661644,1.33908073210834,1.97419155917731,1.86247617625271,1.42084670073989,1.65426012043792,1.94985432286897,2.14697731005135,1.36821389241161,1.25864560590907,1.56106827059656,1.01094283704713,1.4148563099844,1.19928310198811,1.72779118125266,1.48258277010706,1.44268648776158,1.78973722928797,1.66784300291265,1.58556177063887
4.32542161281822,1.91027171553988,1.72849890263202,1.70448927418982,1.82907855598594,1.64519136036166,1.02824891677962,1.67114671334387,2.37735393428667,1.93632410751792,1.72225608812174,1.61294747871973,1.5386346832765,1.55924658478713,2.1257385997221,1.21721369605593,2.06532925521064,1.45272551418976,1.71196985171878,1.82191086517137,1.79523915891753,1.44335274191321,1.78369507362761,1.46392890274209,0.815594188463755,1.64270492605525,1.6048751748149,1.22526294306929,1.63183658397786,1.64211369404358,2.05622082636662,1.81010495825642,1.13519924080107,1.36527759278545,1.80213827043893,0.886992301674451,2.17713450538301,1.16624827198492,1.59400949068349,1.86178536804539,1.58843985138546,1.99172152681802,1.7852303585902,1.40080785459282,1.78881613816985,1.25097745299468,1.55138684260782,1.6965268142792,0.982833206118843,1.54029134724206,0.638296335508776
0.872115368213802,0.537590451740852,1.45542282809354,1.46464706598137,1.55939737546133,1.87408072474036,2.06010055993459,1.13792286832709,2.0337044974095,1.56544167688754,0.31147071764695,0.9499607545232,1.4032367660715,1.84925168451461,1.56421723671187,1.23418845783143,2.02676526094053,0.839364923095256,1.52476365675067,1.05596272218097,1.64434883192731,1.80537798743467,1.03518543013497,1.46337119610194,1.24640341828373,0.835341468074479,1.79498616264773,1.85445879651584,1.69848365408802,1.23747387519347,1.0652682035399,2.11495040493351,2.45303478964033,1.33671057793842,2.03764503329904,2.15051142789649,2.03149620530981,1.29834867722844,0.757936179928533,1.22166082662664,0.93039274374226,0.726915653306132,1.70821432492133,1.80200706049932,1.72525267447392,1.22766980590364,1.19587984851249,1.67493585166047,1.64608481623478,2.1279065134216,1.67469066393511
1.77698245088823,0.768718391970491,0.896694487357866,1.85508232770174,2.12128037141533,1.64817473100327,2.61543203986471,2.26036765474859,1.91287863559284,0.710930474305803,1.89996935372563,1.03161945041811,1.13890067648061,1.67840362092608,2.43756212184665,1.6481504124495,1.52786841085347,0.660557960773464,1.74577545411459,1.76612818365164,1.04473232092435,1.74083834780522,1.12581986990076,0.848328200000778,1.57155682070626,1.1574801905416,0.821245222254447,1.52353246364445,1.37210273588774,2.09675032443783,1.97924889980101,1.8529997664094,0.858412628868359,1.8766113842351,1.19102597552839,1.72651514370461,1.93587979327736,1.64429279236815,2.58728448307647,1.56622140491028,1.55212513641977,2.15654933971554,1.49275858642243,1.59481406135996,1.58584481804923,2.06929688639381,1.66697133009514,1.78063088073009,2.10658258275186,1.1905982179974,1.64992827745667
2.38055818087352,1.1742209513216,1.20312816580234,1.54732706892799,1.45348134163698,1.93879804876609,1.64324847400925,1.591000637753,1.85197377661037,1.0661567334279,1.62793619966369,1.84391865298508,1.91897979389693,0.515148512643112,1.13855190398859,1.93174783620429,1.47055930032792,1.28676831373076,0.991245094367203,1.95685009711468,0.711113361491195,1.2928630862845,1.55196783183269,1.77912926452591,1.41128463403019,1.61270875390325,1.4451892110579,1.14830377302607,1.8638351846532,1.86816847103418,1.95272299329326,1.70347241393157,2.18562732619485,1.55648918365498,1.00942837574306,2.26395466301369,1.50234607048542,2.15350642521177,1.36336474466727,2.15515028078377,1.44535004401838,2.10812529858577,1.92238716580337,1.32785468242495,1.16024801988184,0.990841400009993,1.8237237310515,1.06105229048853,1.0163429096422,1.76022763788356,0.687441881114844
8.09688922066561,1.49966649991471,2.02707048402784,0.783377800082452,1.27756909246747,1.67755822367131,1.64488388935146,1.32220946650577,1.73065498305553,2.27698100445606,0.755789474097098,1.77885101064771,1.64758836923616,1.25959075547807,1.32149143438272,1.17311928226786,1.2640966272837,1.97020873463758,1.00978427870926,1.83586792172491,1.9349943439614,1.95695976498108,2.30767524121917,1.99729633053351,1.19496229348447,1.53140567358267,1.71308259299937,1.90640964812906,1.23157405680499,1.34873054243207,1.45734767272083,1.65904944230594,1.48787306978828,1.59009356616069,0.266045447639066,1.21274832468578,1.71301639860798,1.82312172255877,1.32899762706859,2.35274493522285,2.39898367100093,1.66384691616767,1.75189982856202,1.03674383391897,1.23963297076008,1.40223751256094,1.546422752203,2.5393244780631,1.00262485378447,1.57625108774001,1.45781411408088
8.33272123091582,1.76548124644667,2.17987771631648,1.30149190602352,1.55405395376202,2.30377480115084,0.720496277293894,0.633352021296042,1.65725678731543,1.85299343942696,1.65147777440662,1.52259405727219,0.998151592967007,0.733346668907025,2.08382390051663,1.36487191195817,1.50944952280925,1.50981153839202,1.37553575502437,1.30910514867713,2.11647420126471,0.82884721671777,0.880770280076416,1.71024386064018,1.03920506962295,1.79714244815335,1.89143625823581,1.64127574409102,1.94404132874323,2.09963923014503,1.70118723860287,1.94042787335421,0.887314650952854,0.865069386265468,2.07343177957055,1.37751221506231,0.517576709477878,1.39124431294705,2.02248923478119,1.36348025855349,1.80179521834018,1.56372017091906,1.47744296926507,2.22224856319946,1.69863032741549,1.35433813604218,2.17625114305662,1.89922671320409,0.896577662499829,1.9971643635625,1.98160867782463
1.34194346135579,0.996651712573249,1.55605145144019,1.14963583980159,1.71462836827221,1.20210030198479,1.75608870739673,1.51147535437469,2.04299382739332,1.79137024280863,1.66724120714859,1.20416539243772,1.11950558506378,1.77514782244267,1.53282401501055,2.11091127639273,1.35372351812552,2.0774445271238,1.82804256304304,2.2522029559891,1.459057293167,1.78995561028289,1.90455713599496,1.5461479928671,0.863285125995212,1.53505769055354,1.88208209362463,1.52724293527285,0.779512687182884,1.78511327176965,1.54685651425154,1.98415711984714,2.09442777037883,1.45317162258697,1.78399774690236,1.9983881183158,1.17430231438689,1.60383233797555,2.05452564956681,1.14303645686145,1.36013917642595,1.83891747452285,1.964228189076,1.06839398022636,1.72222982651046,1.54630984096195,1.89091450585023,1.51884597440943,0.881928669168362,1.24872498970856,1.68060530275799
4.47601495043918,2.01127470756183,1.72497259598649,1.54670149191304,1.96665684383229,2.19511793654417,1.47770159593604,1.9830836512091,1.39131953948217,1.87565704327138,2.53867907763521,2.0210058905705,0.988664173868973,0.957486148843226,0.49830394898046,1.52687066381368,1.92381711846712,1.60702624110473,1.72052324329489,1.46657475483562,0.861294056436835,2.34030864242916,0.875728778395537,1.70580580351426,1.08915443259113,1.80918439544781,1.91239638407422,1.5509909559697,1.18898123522072,1.04158633094386,1.66502257061487,1.55847789113428,1.70311672754219,1.56467213354617,1.17159737740845,1.08578643052476,1.69659716589398,1.47162566947418,1.56686485974664,0.914055665933627,1.6754628751945,1.89579073239734,1.97046125329317,1.79313188448019,0.765447378195489,0.793256706409035,1.85935809514552,1.45679514853946,0.59076447385266,1.14799163918024,1.1032229058821
4.38731160366949,2.21505781896656,0.863285372015282,1.49633861819048,0.964199827815763,2.32566299898285,2.01393776449551,0.809009927297509,2.04252565266665,1.51187861245581,1.24901989040059,1.33908005370168,0.871140881876027,1.79207304840236,0.965127806704047,2.26180833705105,1.95441437576381,1.25930887566462,1.1788016796124,0.975023352976373,1.96241230792296,1.44296761376699,1.08412624718389,1.37593404394122,1.54903134065206,1.01766170473097,2.17684300471,2.06973411168014,2.02446096807798,1.77160699220803,1.63947643269381,1.80759220124931,1.40440685112088,1.08277488996246,1.13239929687178,2.2181070546609,1.45893891019207,2.37144854986718,1.21276263700199,1.69289770772161,1.00891890047299,1.51628502081917,1.58009225174238,1.51458852256532,1.78368335907873,1.61614826219664,1.26002387864456,2.11969261726817,1.84109655065772,1.59756574801406,2.15613855607888
2.3872963731307,1.5945911805319,1.72568167889541,1.13346291286351,1.39798564982503,0.985030265289911,2.33699312316223,0.7981768774327,2.34299898262128,1.64989470714672,1.3065212320586,2.17279337618428,1.60074587180813,1.27340211210581,2.05867871040674,1.57060888486289,1.4979398073693,2.07269671263408,1.89898979379036,1.90899183091323,1.05206434607149,2.14978649453858,1.91086276029334,2.29867828281502,0.741970693676968,2.28764214538112,1.54450629971942,2.14160274424742,1.81381313812157,1.33211090491692,1.87719151908458,0.822810688658436,1.38743760729632,0.567484253562646,1.46045254844389,1.93391596998257,1.26327897050178,1.70778814484762,1.57236622921741,1.3876673242655,1.58820273561112,1.77030346592521,1.68986073093359,1.41867489118072,0.981717116369631,1.28895255014362,1.8705136914729,1.49342715855805,2.03607750007922,1.80281753345612,1.26734205178833
-1.25332651911908,2.17682529443109,1.88080733471556,1.88047791553541,1.62024696337219,1.18220339069062,2.52551312966777,1.95712790313921,1.14683171696772,1.61457739071922,0.887537567287347,2.09467103205284,1.13623157037376,1.81699593381268,1.78628319728778,1.42623593012837,1.45115232289043,1.18566299108246,1.3108993091625,1.03836125281823,0.792709001377778,1.09550455063535,1.55038331904789,1.24411574609385,1.32449935582346,1.41949108026139,2.38695361354041,0.92843550656538,1.54717922453265,1.43822739290658,1.80772355342548,1.6387374357326,0.849626335093009,1.58666091152074,1.8709486247729,1.22659248934823,1.1297147010592,1.05306345378076,1.09493418293155,2.47859242621848,2.05194631801338,1.71566758141527,1.62425896721872,2.08315277230015,1.14250537039159,1.60120501016069,1.73318365541897,1.7416773347585,1.98748604394152,1.86999324386004,1.31556726520136
2.3605940190044,1.71631184904295,1.92093963387552,1.65572311840829,2.52295845123837,1.55224091633058,1.63001312279413,1.54390922869058,1.05818647799784,1.485675889732,0.669838685533421,2.08708063951481,1.83943456197172,1.33291365214078,1.05079775721808,1.49400593677102,1.51804482392529,1.14069987147862,1.46672381987653,1.8791832917978,1.70857289834826,1.47513322811924,1.23078879794636,1.66576585727681,1.64082578579885,1.20299016076595,1.19265254091677,1.48229411543524,1.34596425147182,1.68139093828575,1.30397554373843,1.64267177313245,1.87172917493562,1.64635556023433,1.73917285303583,1.61471538252227,1.69114791193402,1.02007158261422,1.00426748083751,1.85059622261539,1.36970157431923,1.91341353853438,1.30663469453158,1.77306826909083,1.61547374690679,1.42340897509751,1.12709132961064,1.8803221513376,2.15023661920186,2.05404939414942,1.37797446027971
4.23604750576739,1.9353339996187,1.39745031216828,1.45215920874127,1.90117600877577,1.18248144795,1.58244659859124,1.99151546642272,1.65668534217814,1.00833415508375,1.78134898867252,1.38684557688208,1.3094307798683,1.91462801036364,1.38946961292392,1.77200542806354,1.45149774727665,0.854342051512005,1.32768462095775,1.57039008863439,1.88508206286172,1.20148203829562,1.85109814961676,1.89985559510738,1.56377622255339,1.43427772361949,1.56670274088437,1.09769900665181,2.28015434147492,1.49030572095037,1.26533179708433,1.25571529735031,1.78920478027363,1.31754687343169,2.36603727585763,1.66620854578897,2.51929986949064,1.40498276485931,1.52027665294923,1.80188650834289,1.30652942257244,1.05357165523829,0.815040411164081,1.87244291303144,1.1862309859854,1.35028459009584,1.85958948290428,1.40414162105198,1.41239338079021,1.58147109273525,0.490705245972656
-2.06580170244703,1.75375741224213,1.07030701297825,2.02527938562338,1.79658604863871,1.34324793203158,1.33590213425456,2.10440955198736,1.40353450867643,1.4946172335882,1.50993970171905,1.7118018360973,0.918609961967423,1.01652542656269,1.57158860375093,1.92206280403252,1.51222913396715,1.34024534298093,1.19247061117223,1.15599516381229,1.34650361459719,2.01897032244181,2.07968221951337,1.18002254193514,1.6541295344677,1.16824128503889,1.67565753717318,1.65199103497725,1.62926829630645,1.02471832673614,1.21881133611354,1.46423742174568,1.72281493186314,1.37552475657843,1.02931211607549,1.83497896865581,1.7055008944454,1.0492461001462,0.954926991016773,1.4517802413863,0.937546518035301,1.50328610994542,0.992932362862283,1.81759317661334,1.62522896887228,1.45403112091754,1.34973288548625,1.55916184794686,2.50659308455055,2.11508421066025,1.74704453921548
-2.71964930894654,1.32333630543387,0.911970979766967,1.5589846403711,2.46951197053813,1.81307032886031,1.46414794458654,1.62842161046104,2.16768767670164,1.38095025421875,1.64730332848495,2.28002149378983,1.49330384551373,1.56446828592596,1.6331108372083,2.06692290484483,1.69977418013078,1.34136667549993,1.4369080885863,2.09395788816224,1.58491090462151,1.71259237371206,2.16657355082322,1.6545280830915,2.0949500953151,1.17818589757555,0.862584273630196,2.23697947162208,1.59220827366121,1.87757146609041,1.27423397047429,1.46119504323407,1.43144982317566,1.26218031286659,1.42184783538149,1.283901482408,1.66897258362587,2.23658733280846,1.55806854945519,1.90066240960488,1.6290529559574,1.67913427241234,0.84515440158729,1.84452157088794,1.36875146613791,1.8896721920531,1.0182974693861,0.568611836905995,1.57648927233905,1.67409219824425,1.52373193896971
7.19900450585384,0.117573613688221,2.29279402656001,1.24424538436266,1.68455064529548,1.89139279672691,2.03548026732326,1.90374806000353,1.24815463055843,1.4859516908779,0.963914178638774,0.955347873286947,1.6981247206131,1.83353770167066,1.08667780304749,0.884493463967194,0.770868929329043,1.37866138756621,1.47350231477275,1.50058521105537,1.68195175614207,2.34223281368304,1.26740361189032,0.653413330745087,2.18991394266929,0.845959191162594,1.14709888097196,1.6208030200126,1.92512430926112,1.76387884987567,0.570362477167336,1.68192377859337,1.20830028067799,1.87096843186358,1.34609879288856,2.08370414462081,1.00423719495958,2.31217708901475,1.51933371131162,1.67212989283198,0.800124144817531,2.12105582741939,1.53683691217618,1.54117033253868,1.46350007632206,0.391540303874283,1.32610172838919,2.53187535451022,2.13514145272266,2.10677210962939,1.40323147067373
1.15980253034718,0.69109491577107,1.43955856710552,1.07803852628903,0.898514285704039,1.53304200139239,1.84321851435438,1.80248625119526,1.09388975432687,1.53931837271199,1.70966943788668,1.97907402671928,1.37542518348907,1.7818371171596,0.899084752075592,1.70635024727244,1.70527952997354,0.937645420779,1.77293700270657,1.47943675499356,1.92686926213213,1.37169211665296,1.51223882268899,1.70876396818172,2.24010244008436,1.50861584440515,0.983346331310372,1.97274973611741,1.30703477387408,1.92126603941574,1.14403862600398,1.92818787497698,1.88991709170789,1.06925264819564,1.86956868635443,1.54531074322693,2.13831060027339,1.20522685946254,1.57878227927879,1.4378397978939,1.65215945381118,1.28707076537853,1.69435320209568,1.1042990347837,2.46428375884055,1.40465374489053,1.54983411196064,1.79335901503362,1.37872710977749,1.19561124519206,1.07805089629264
8.38618514310674,1.60534408877498,1.78155344305328,1.65836236720188,1.12244779246303,0.930973603547118,1.02881791740143,1.3028506786716,1.38109089192437,1.68374682948283,1.77220743090552,2.15211213383589,1.57618835917937,2.30747309493575,1.86387442589871,1.33329107169336,1.68584797517247,1.73858797205434,1.50705500932831,1.53237220468427,1.584735423344,1.85494435777371,2.08063049659856,1.43476430556237,2.08086527042607,1.12569789990459,2.34019101113529,0.582742818891019,1.62255810458681,1.13258592752738,2.3084060314743,0.770518036642556,1.71666886701008,0.471033817435796,1.43312894014668,1.98787349201756,1.1247308521883,0.787612229613606,1.09164068717884,1.81706827010039,1.56313664583194,1.95616839888409,2.16085907552494,1.10000671123808,1.43137721007254,1.78905808051458,1.43679907942629,0.867423180473367,2.17716853240327,1.01338679710018,1.17405235793406
4.69037630296011,2.14222666834363,1.79589395725351,1.54703643047271,0.73475645143929,1.94007698739742,1.85260229141067,2.08500833238056,1.74234028675846,1.51703131483878,0.4830450807506,1.97691426192995,1.50773967465167,1.64950003256855,1.50198851352445,1.91834150996422,1.6832134311965,1.31067627395218,1.73685721459713,2.07434737410628,2.08520822295761,2.04684718080412,1.79257903051284,1.57569772118407,1.52166632276265,1.67089713014259,0.616061225166927,1.73469809583712,1.53879083162924,1.68893899334373,2.03938629191543,2.18964287182683,2.296583595138,2.25128029183376,1.92382875822008,1.81673436549416,2.20184160276508,1.65899726388928,1.80031799774185,1.37863978929597,1.25703818867683,1.54199523702721,2.04888755726628,0.899122154992954,1.12356769461997,1.19304292969931,1.26161165281829,2.09162893632026,1.76832786840597,2.59446448399447,2.31502064206966
-2.40321369220582,1.49470253284868,1.12534673935632,1.0786679627391,2.01493824614722,0.635474517672132,0.837797764801996,1.61097409366582,0.00771934963534049,1.03799989431108,1.24639813298889,1.95826771053889,1.50402964532857,0.840148834915503,1.09079404847778,1.5379467934032,1.32840250449454,2.30734437955549,1.92780804042449,2.06055562797089,0.782903764123254,1.37217529724491,0.911226992274043,2.00879777873101,1.63752028789136,1.72810910619157,1.20759770482083,0.847393634601701,1.51885842309873,1.85639241773334,1.88680719290955,2.09768641964722,0.955115399698099,1.3144694854969,1.64136262286266,0.933189987547802,1.62694613098228,1.03454695019077,1.71790098866516,1.33206143728568,1.82181681544025,0.920725636691443,1.50060516096455,1.8697545180307,1.72278038768455,1.19266527517092,1.25916829009628,1.63223446122327,1.73332445762904,2.21308165316602,1.54793975209368
2.01626940293685,1.56472748760932,2.00639813034342,1.50417890690906,1.45026458906981,1.6165938054886,1.68348796605879,1.47717114383632,1.88300269961456,1.1342176631605,2.00304947001648,1.81354320312985,1.2290296848466,1.43906104984333,1.53702411320449,1.61072303498679,2.01331933442604,1.18015238217521,1.55695988729196,1.65528012429112,1.07455589754647,1.82921586425311,0.669604289304859,1.64964663288007,2.10833860067912,1.95202400073844,1.59103217030945,1.03321726797088,1.08067138569,1.99390065674337,1.66270014881572,1.1785798795025,1.34520284000848,1.67983134002891,0.965983115576763,1.49229399561856,1.80577840779473,1.54206413635226,1.3148541400755,1.88159584453389,2.26750669944536,1.80442373790139,1.73960204946185,0.919252157832648,1.37595281094863,1.49769065035286,0.967067169862145,2.0157068851743,2.19216955943502,1.39774252857548,1.46064303867609
-2.67804873471157,1.62140703010823,1.53907929545301,1.40842978146199,1.93675279591834,1.47260374075972,1.85292140664879,1.45412956254196,1.91752912729939,2.1165984157534,0.936226525519951,1.92209994801286,1.43202909198063,1.80670641001642,1.69108931600029,1.72944804171899,1.30998731072745,2.06511741727519,1.6572357503734,1.75618934417775,1.73508791017363,1.4533103284007,1.94255037988839,1.60702092399775,1.71114737553652,2.04005439809757,2.28504250079872,1.3409965086035,1.7008480318205,1.87181698814264,1.34133560737104,2.38994919574858,2.00697612923582,0.8431284073395,1.53398968098084,1.76503389694451,1.41040507254747,2.13189274932317,1.79657006494433,1.63573930718892,1.68457704227058,1.58615688042564,1.93234765180592,1.14908716626069,2.32809551629859,1.10316491615114,1.3927130692082,1.30883031200168,0.978164469267943,1.62251605606927,1.40812366166924
2.26264574402365,1.79948837430039,2.06625700730797,2.17744769466807,2.17901129117657,1.01044251393354,1.42841180121524,0.0934434372750488,1.51169412296523,2.26126514796375,2.36384805540182,1.43736950318295,2.31779703524785,1.78826400958327,1.85008169808041,1.23167955948064,1.58905852078424,1.38618435896869,1.64971387406847,1.74723395324986,2.42388511743524,1.46028370288774,2.11037918097114,1.55989889404044,1.35797790007475,2.45954080779598,1.33779331488204,1.20330743257197,2.05443351976926,1.86459714514818,1.44290217612476,1.00486654514855,2.43605561469409,1.15889740658638,1.31300782491785,1.2602391465596,1.1566021958433,1.1856761771099,0.970778374430123,1.47628918271704,1.69027839409023,0.581982089547054,1.50231403559291,1.55622249058327,2.14143519085287,1.45529368838139,2.14516451837544,1.46775098915693,2.01623580583028,1.02048326904274,1.74309214007142
-2.41646252900054,1.54660236383157,1.30895231800414,0.534779302090455,1.59432416855648,2.25762055378264,1.71189098328669,1.37100143508329,1.62902247691308,1.08243935558987,0.884692128037315,1.95555139634038,1.74977492497105,1.5991424353958,1.50976978649339,2.17983948418821,1.46384799152029,1.38161103197885,1.74042828617143,1.4706115236702,1.34082021233136,1.21561601322301,0.820858121499948,1.63463358872912,1.40391664889203,1.67178774475627,1.89833142161818,1.21955265284273,2.13225051758204,1.90086452024437,2.1234470219251,1.92337528489652,1.54893501638589,2.0299775420972,1.18913377127101,2.16977447069667,1.52494765373881,2.21615490686339,1.8072961335834,1.1619748807055,1.60183155491465,1.51821417857434,0.98807330903265,1.11001973780402,1.86746825723958,2.10824254383049,2.111177486905,1.62225099895779,1.55752008106549,1.93794440452121,1.70605339856063
2.19228058342255,1.56281513039879,1.74281687716292,1.51790223794989,0.976621526328619,1.28129645430503,1.39945702096448,1.60814580564399,1.8249997419358,2.59939357844649,1.50590767294931,1.39053652716645,1.8884169100745,1.04872911244429,1.6500148565708,1.22421046016455,2.21645761718423,1.26484307754943,1.58284859540061,1.94538061418497,1.61306093269014,1.57241607386307,0.987155329882742,2.07023329406244,1.19772151054726,1.6893412482194,1.70812828852965,1.56167958791395,1.33233505266226,1.33976760547854,1.98621407769961,1.65865725513399,1.50419203350998,1.53640996267955,1.02795648360083,1.4030860895937,1.35672037728665,1.05165109529236,1.70354520897083,1.60193606649112,2.40713116972007,2.51988255645,1.12402243069133,1.56805002201451,0.991603922109334,1.06397705918504,1.76403249688802,1.49538054474995,2.04737755201354,1.81790776857295,1.31437893099933
-2.5109998280277,1.6418362071203,0.547876244769122,2.35100266255653,1.29430263556613,1.84096374670149,2.25644551639508,1.38721126779144,1.05163657379647,1.27443043980506,1.27711217180239,1.03337399360581,0.860859601565352,1.62565847178469,1.12927275316584,2.73274878437667,1.49041372493096,2.05825817222771,1.59288666790781,1.79245898219523,1.53951486270118,1.86506012312099,1.59444411352167,1.3250299319559,0.814356684906775,1.73431100346865,1.57704542835014,1.7077992552829,1.32595085615517,0.635689927129306,1.87799422023323,1.16979505948546,1.77240347334368,1.84652508298046,1.88595476124509,1.3763667374584,1.09788645123811,2.45755767001988,1.68984236356306,1.64206429015152,2.23763858266826,2.01497499322051,2.04992039140396,1.86986586771726,0.564475423351179,1.68243827607283,1.4825001543707,1.29860951672303,1.95831255530762,1.62912029211706,0.879301851828452
3.18078058101707,1.26502069849682,1.11595512801844,1.53448961712279,0.901388193774016,1.39135824471242,1.31500149522483,2.33992064580666,1.34667039952896,1.97599328509036,2.18909550876828,2.07242040742839,2.33413027731533,1.54701884786464,1.547487838223,1.45653902169768,1.28843230669514,1.50891806869689,1.96777822893474,1.95602184186336,1.64420728767778,1.63724870556428,2.05523341954717,1.89258871486506,1.73243362036977,1.74712950866591,1.35967480046314,1.49844423006076,0.970055855460992,1.75640732459248,1.71649094582828,0.99723256227771,1.95241339148324,1.24796437811396,1.31230385585389,1.42132086591154,0.968937973375653,1.46493171605754,1.15801716271817,1.31317401826848,0.94006758121855,1.28652254676091,2.15429656160558,2.31551659292243,1.80860520834819,1.04798954364507,1.89122987992425,1.5906050678683,2.1303925772946,1.47955642294509,1.56826825387701
-1.48046756201456,2.1219182493139,1.74370432648089,1.51248549097672,1.73395539787732,1.65130509643763,1.17437357322679,1.94701089131039,1.89361024007576,1.39420645261526,1.48081335178698,2.19446158627911,0.773061691846191,1.30116419437576,1.38493655966317,1.57262016021523,1.39434703043136,1.48333576875737,1.77983261524665,1.37974439872432,1.02403753379482,1.12137257188497,1.15363135813526,1.70890975463456,1.76122322438539,1.72701802940488,0.950992823289574,1.12242563646658,1.35181000595126,1.82516482003731,1.66200350063752,0.993101299511457,2.15018694177634,1.30745323168869,1.81382489839919,1.53764199149042,1.22159317094738,0.911216668016016,1.72382338679262,1.98779495208387,0.952305908516505,1.54125884695048,1.9580124878566,0.98191697510034,1.56657552054945,1.6067951229977,0.83068092252843,1.30853408188426,1.79580125533395,1.15506067320656,1.74369460205377
4.45019849292809,1.90755317108659,1.51590299697219,1.82251418137356,2.11787493977048,1.55453867319333,1.74229954798894,1.69673991360289,1.09655315529527,1.86876330331499,1.28762715012036,1.63931879413839,1.87934066657921,1.32929986169365,1.60421099885639,1.68007586197141,1.17236910206278,1.32559112917582,2.13181608600788,1.75110856937405,2.00253683037786,1.22950640781049,1.33098028958028,1.59952997535418,1.35288034490971,1.20803891729492,1.51618310933187,1.30891885999169,2.098823279661,2.10540969149097,2.56315890612358,0.7505068997619,0.178251745589066,1.74889112566056,1.01634143226174,0.943584020670645,0.757847092734831,0.983076130995191,1.65253265284809,1.51137001980527,2.05437177827479,1.95377573617279,1.84332868684103,1.24639156729818,1.87965038006469,0.977039424939874,1.87434346803549,2.04244935592471,1.37759431470544,2.15885238582276,1.44916260919809
4.01153880262519,1.66526457881542,1.23363856262977,1.60286243913634,1.51550555726994,1.65504677900945,1.61207325869305,1.59933260190999,1.33140278394178,1.4905953403738,1.33829995891775,1.52979795124616,0.897460133016139,1.4155476256496,0.734753097941675,2.17939866488496,1.77230055611547,1.48444898740582,1.23926354031026,1.07212055613653,1.66374187226793,6.10700119042251,2.02552412387913,0.931467229818343,1.66069909425563,1.72764397391464,1.3919147995996,1.18585151464794,1.23892642347657,2.05001245928257,1.10631542835199,1.26921466386569,2.19301735517317,1.53692802090181,1.60644467395071,2.05276398082441,2.55230218814601,1.81422026532964,1.63649189345203,1.06173997537156,1.79859747886728,3.17663463282802,1.23087384240926,1.52147621966542,1.22413773212508,1.66795508479604,2.58273598444015,1.91279992262802,1.614169155791,0.991880344565713,1.40556433434602
-2.49100762478276,1.50546068995531,0.510509513582566,1.82692118784808,1.42685372643562,2.17774092708845,2.34680492327274,1.35564938769303,2.18317074014676,1.3518555066615,1.54751602994109,2.47892152279544,1.84602195452224,1.96502414282555,1.49205932019373,1.51733402648798,1.23270126659124,1.14527769296682,2.16536994564217,1.92217249576157,1.7403153049604,0.767064988394554,1.97877444919804,1.65790535669136,1.59294755319646,1.52338708184662,1.75104881509881,1.22146262224761,1.08772866384272,1.45034414708163,1.51076351227565,1.55688295656907,0.996929023400163,1.94615469986612,1.54944508944243,1.82500294015086,1.09977177619009,2.24996996059864,1.86992079262864,2.5473046471976,1.52720523477082,1.18036406578011,2.71558269610337,2.00436177339875,1.68185631224468,1.95790941962566,1.41975908039094,0.96547363496096,1.36565902900004,1.71942389136347,1.76396356113681
4.38502561695016,1.90815926551375,1.62823006084904,1.42845361750878,1.68778727836527,1.76458017234444,0.475725789730383,2.19862850813587,1.6732176111954,2.10577766982512,1.79851388045705,2.04217251854253,1.42558784029713,1.37836630375205,2.08686207490388,1.64567859441323,1.42481359361723,1.46140664639488,1.32414402501465,1.43205327734105,1.51347841384276,1.85689750369798,1.57744016741849,1.42008431177547,2.09534675012251,1.83134471013781,1.38755725310729,1.79473011501173,1.74879520745957,1.04543965633464,1.07260891076964,2.16713049338853,2.11140312613143,1.32691635438897,1.02499996773716,1.63794885190061,1.18114149679303,2.72395457752424,1.09153395932945,2.09631419454131,2.2618218047199,1.43152965297394,1.99812680268157,1.7113855616966,0.794372372159227,1.1725565199876,1.96744597220449,1.73762979035555,1.57294133042009,1.32167343215627,1.15417409255142
8.30257808880533,1.67668000831684,1.97973727975735,0.822527288185015,1.81298665050804,1.87865299116761,1.92613994731232,1.63315580468558,1.78276570075784,1.87900396558907,1.2271539738463,1.41126865254882,1.57211090201002,1.72698677012904,1.49403164973833,2.28424132370014,1.7345579608034,1.49548942417124,0.903167865868614,1.52419037569266,1.58171473046236,1.45169733732602,1.64768627138277,1.7318987752846,1.94276742237167,1.63874831637967,1.67528081651444,0.897813569597771,1.90465776455407,1.27794770736632,2.0524619002672,1.55293559271207,1.90195669421758,1.67889084440509,1.35894696698587,1.02603588301606,0.54400645057684,2.01263598347278,1.89958844833149,1.87010744405464,1.20264415571145,1.37549205232974,1.24950792611234,1.5967377345451,1.60766769761967,1.39425244099781,1.24676324628485,1.85152515294485,1.61230740511352,1.09423864960645,2.02563584996546
2.31560211165698,1.65729835954961,1.8343720903069,1.41388863648332,1.55542339476158,2.08729146709415,1.30290950437421,0.793597073598678,1.95294798883546,1.38426332164492,1.24900920679481,1.57396231943516,1.48497882718121,1.35003980922897,0.868831723714232,1.88335382607043,1.34402510330845,1.66321508548532,1.25828398288039,1.28909478631348,0.58730295661396,2.1571973702423,1.87639185489085,1.50676879502201,1.3074599787253,1.15713670525455,1.86422187621582,1.34065386643428,1.16037763872555,1.25375784514848,2.06192267475191,1.4980662436524,2.00632016205171,1.43615857126429,1.95951681337747,1.99281260063344,1.82352085629879,1.48171795083733,1.74677785274302,1.19017180680597,0.904823467622252,1.06898446094718,1.82175586986377,1.48359401168276,1.8610368721776,1.65229310929802,1.8114749529197,1.65995086473709,1.19359414399487,2.18963486410622,1.85548782878877
4.77457139688696,2.34916658521577,1.36972066166127,1.43956371161566,1.48967320208964,1.56494468972907,1.93967882077412,2.07648793298492,2.44844732182254,1.97607460105681,1.56810143569725,1.94586034613649,1.56849400470801,1.37381823762101,0.443108595862973,1.17752117634601,1.46284518341267,1.10775990390586,0.730892283569738,2.45788635643647,2.04566323245699,1.51836971386848,1.3009274965543,1.55057651149022,0.79970610174883,2.21537223513813,1.86011873562882,1.42446412474974,1.44132417665792,2.32967493072051,1.28494348239645,1.71464529329496,1.44890953641379,1.01994434587965,2.32212902357072,1.53382180115211,1.19456160955952,1.49743694164718,1.20550965799037,0.508579979005556,1.69039097074885,1.23061965884597,1.80002569614383,0.7970923781867,2.70765814184744,1.23292933830089,1.64511309160641,1.68841601254851,1.50545156760503,1.42918387195427,1.81695667403033
-1.9107473331504,1.93881212279579,1.81520646407844,1.51903039084135,1.79787520764385,1.7773490678036,2.45988903544287,1.0470802488054,1.08501937479702,0.881473474889205,1.98525087197248,1.08272130838559,1.29258264340611,1.70098703066766,1.33409310805674,0.922347211020191,1.18510718648976,1.38096701484113,1.0731714861028,1.71342757531235,1.48062818447383,1.27515893120317,1.90118268302674,1.70434652443721,1.84578283170045,0.878880505642577,1.27878927427101,1.97754701026636,1.43037148324342,1.40644601327926,1.04561383284826,2.32549598054812,0.661332108668992,1.13422759687289,1.17207169631991,1.68984218350398,1.90025746604004,1.80589755003936,1.60229408199289,0.731810911528446,0.770112212714314,1.39513104935326,1.59243137032559,1.56666126680336,1.24894215600289,1.28408989346109,1.73995990261126,1.45270778932861,2.22555496548695,1.40025199576405,1.28602932373941
8.01989268471721,1.39950416532957,1.88384303389836,1.26251466381734,1.64900334503704,1.17159640562474,2.01505908980375,1.20353218524654,1.62354079395324,1.29435781214199,1.99910403970916,1.54553603633853,0.916318222790832,0.744629364132599,1.408157836553,2.3139199537412,1.70895134861204,1.05852389030458,1.03770743329377,1.92027729474648,1.50426690820825,1.78703341818725,1.26029623081369,2.16339383153069,1.49048124866955,1.34744473028388,1.2119139077172,1.47465825672751,1.41629054056137,1.33923170174835,1.71013649873728,0.902258543821742,1.56984132485892,1.14657923638606,1.79329419379052,1.18976753088492,1.70114877246732,2.41235920804398,1.69240481122536,2.35823081597459,1.29994130176676,1.04396256782452,1.48442308029671,1.67379922046615,1.8070951816398,1.15069010774487,1.65670479085334,1.28841751354544,1.91024056705349,1.5631691114426,1.60193386565935
-1.93441726850258,2.03281625192455,0.77918959678513,1.74958862706606,1.12415327160199,1.33796848421057,1.6820202525661,1.40997237311866,1.48790122988563,1.51439261781211,2.0438224024298,1.86613894175407,1.25285592969935,1.78463257355674,1.64151025671397,1.23855311724192,1.452171626144,1.08607843407212,2.32454522454235,1.52137079075202,1.74117001085399,1.66558757243617,1.78960054271508,1.92091613076793,1.56525122506709,1.14440768037166,1.41228809772287,1.26774008725612,1.66842832181971,0.90108630037283,1.32617919128344,1.79839165347671,1.66275733961586,1.08848306557679,1.47440113638378,1.06739557094571,1.42078861428643,1.80701085409953,1.29461204194398,1.23020034875797,1.78910453587853,1.45690144953623,1.60303346083341,1.86379466745413,2.07521432542086,1.9748159382177,1.05942852182186,1.68468166700053,1.03489756784764,0.972833891682916,1.45686064688355
1.24976005210322,0.807534421334611,1.62847538983643,1.24021908667106,1.61684501406374,1.43276566054781,1.48753880316377,1.33236625982521,0.376925775049211,0.911791575141037,1.18171926870847,1.77284991924918,1.68594600808155,1.819501785804,1.54698612120983,1.50167588122949,1.37242630212397,1.59641992442559,2.69593050757141,1.72023247542926,1.72791935091026,1.59476486699024,1.80530064449851,1.45045280472098,1.42833353917352,1.42973795370129,1.49287469459569,2.04924951453059,2.13573695172553,1.46390263134708,1.60389610604718,1.33482197484129,1.21837291457768,0.437555264580151,1.68878577289342,1.1521746269283,2.05369406753463,0.857179492892633,1.44273752068737,1.70524909946947,1.93582538359833,1.98116328234067,1.42139284228351,1.00569919809444,1.82805011124715,2.02637020449091,1.75234247325206,0.916141400049286,1.54604405612779,1.678717158634,1.394003415734
7.68035493211872,1.09435872426268,1.74461812125634,1.22065729508372,1.61683712412101,1.74413221408069,2.11560705042542,2.02842824787834,1.11129278218264,0.852521317494277,1.37822206590641,1.2314877305948,1.62260367086679,0.567614726649009,1.04491265074634,1.72860483331527,1.86075488589513,1.97377201825492,1.49711821663314,1.47720887125941,0.597567708348117,1.45087686224468,1.51563905136841,2.07628121572831,1.76029213937401,1.18127188013786,1.19531053406563,1.76501575265839,1.82734229784579,1.69771167248701,1.77992929200795,1.26254218031172,1.84891352286613,1.01942244700817,1.35600863345543,1.62443236106661,1.74969838768023,1.26112977558857,0.595991561558991,1.77683217846607,1.63432384809434,1.33329014398943,1.0086066877557,0.790500942973237,1.41257274371308,1.71453452436965,1.39528259634357,1.67980406340742,1.50527839031161,0.884815201933871,0.8632565441594
8.00941186917949,1.35458811373688,1.59087404525624,0.883077658105751,1.95646588809806,1.03381968289683,1.71472141046126,1.12247233044749,1.5368725672803,1.70279148913774,1.70952494324379,1.57166939298364,1.96701818486348,1.75926445109824,1.6424856438446,0.935131328533451,1.79451271211571,1.69576391270499,1.29183716747187,1.884058927307,1.21697282185304,1.04266717563509,1.34759280446198,0.967050380118834,1.25756679657301,1.59076310971872,2.01191073092267,2.5778131447303,0.688550919284063,0.83879536036496,1.12937170987026,1.26803807974308,1.35856995572875,1.53860397213125,1.08099130136249,1.9225919932395,1.66615355771142,1.6293878096242,1.38460546618752,1.40446321857817,0.488153193073435,2.15601655026335,1.43265463832472,1.67605797015233,2.06114740813329,1.72877905860627,0.198726112003131,2.58105616263582,1.54621618219435,1.8566715828083,1.56417080331177
2.13659991253672,1.63002879725294,2.02111556284901,2.0048148879411,0.944192041280797,1.76438243080469,1.66960058112845,1.52184744503047,2.05458415426169,1.77484955972342,2.15821725094584,1.63282128645737,1.12549972814625,1.30804668847728,1.15505460853641,0.966379916686523,1.7568989303975,1.91539414607777,1.44182888577453,1.34057216166212,2.22441812189326,1.02026377229662,1.2389791259991,2.18935852332926,1.36095083088323,1.87247517809695,1.46569414254817,1.34464868926655,1.56132782828002,2.28672719846361,1.42596773778907,1.44273307041852,1.06752028697846,1.56128264724903,1.73419664215471,0.662394862472205,1.80066629757091,1.65353118285075,1.63437794280189,1.34941447248327,2.05471798186412,0.649057155319221,1.30238958719996,1.90839638217973,1.92541782633685,1.34699314636686,1.99467742336424,1.94728810232314,1.7123979173735,2.39001019629055,1.64540608203516
-1.22207165406712,2.50891305779078,1.68164822266727,1.1000823451841,1.89464733971404,1.26336930527721,1.42820443702189,0.956596938419876,1.39389106948321,1.53780055507237,0.894704097012277,0.979408302538215,2.25806516022523,1.79276171917373,1.76909141436958,1.97295424086732,1.18670136839458,1.50101978824882,1.46816694983594,2.09885562461433,1.79656690751983,1.25316321247466,1.77709737981818,1.45910529841026,2.50090981512132,1.41907069368272,1.02878526290361,1.48890344312992,1.47477618143749,1.68942555395463,0.546583694955562,1.35131993846697,0.866768651622757,1.76861446854785,1.17908107968297,0.873660735543109,1.51832022937264,1.02530139894422,1.17148527414799,1.71175979147627,1.19041633510191,1.46658720055843,1.8091358224966,0.422904324969198,1.73972776339485,1.35443280338592,1.5251014949706,1.29905549323544,1.62070336128695,2.1354452149855,1.70913886006574
4.38754034153859,1.86916271631116,1.56842922860247,0.971639630464251,1.23639075218631,1.21560373285775,1.95221763206159,1.80073302186458,2.28440643270693,1.50860726713022,1.35070524365193,1.90657643669111,1.06624250896051,0.825172513822337,1.29327972365845,1.13925387882084,2.10923013345593,1.70569428747737,1.91946154785101,1.67591245684384,1.48389182221881,2.57432488832194,1.81528445948648,1.39701909074828,1.63729264689305,1.50130596137629,2.54773609770193,0.447525358725495,2.38875627212723,1.87976976262978,1.67475267399777,1.46168694029047,1.77130301227654,1.71887779417395,1.50710279085129,1.55270445743184,1.29540109865839,2.42216798082639,1.24896451532465,1.27243892370984,2.09438801186932,1.40501570703427,1.12158383671597,1.69090418033301,1.416827425182,1.48432341080412,1.73066769758583,2.09577651791241,2.32183230483816,2.15781266704946,1.73649964941035
-2.45329067129174,1.4406919000828,0.991371719685033,1.96546773104476,1.18519337076787,2.15145287845098,1.59809254860562,1.32677359585526,1.61877712617791,1.19180183358302,1.12901277223887,1.87248587142054,1.21583758079559,1.77593270148192,1.21141711333573,1.82447067599577,1.5757520583719,1.14141812648479,1.11613249407925,2.30398881793737,2.10470824228686,1.53448182990354,2.28590480233227,1.98752679828749,1.38177543998167,1.79226181076194,1.61084488155263,1.54283059306603,1.29970212053288,1.77107297716641,1.63339804054614,1.99092376782987,1.13738528773791,2.09868487102084,1.13905915536567,1.03857972674546,1.85130305676712,1.86189692658374,1.04883509453416,2.17405499368708,2.18357051687826,1.84489713982337,1.60086259521139,1.06949181043848,1.31364549867418,1.34112464607832,1.37152153358181,1.27411259924434,1.65843274184192,1.44579514698607,2.07849030695397
8.21182144940419,1.31555862599818,1.43853575933868,2.68109347339252,1.78530420779008,0.600434433382112,1.18646862373294,1.37681033704903,2.21195885355549,1.69826077583928,1.48775194907748,1.64954047041817,1.33980846698945,1.35080138891157,1.32553547963866,1.59611626053135,1.60603469982452,1.43434355352538,1.21147322473164,1.12273284890157,0.800828032170147,1.13022962154039,0.96784831086883,1.42971149359849,2.17697807516951,1.88852477176632,2.42423163853779,1.59855182402847,1.96208500650076,1.88901156159693,1.84448634921653,2.20374255790675,1.60550862319947,1.55809435148394,1.89911459870551,1.59339180345226,1.22444806921223,1.72971250941127,1.66180501831675,0.978910055484308,1.73473933419697,1.48495770237005,0.891090717129171,1.57090640063483,1.0895841978493,1.5691901649375,1.64542215855321,1.6919742118652,1.55512514953521,1.72691182063343,1.29981421587425
-1.38481023323884,2.38331277686346,1.47201333245756,1.01222128552588,1.2211675741178,1.76794696507026,1.39192947868829,1.26488578209325,1.13680625049432,1.61449843917086,2.03885795991209,1.65656840497098,1.72159645758614,2.4101682081623,1.2642866345227,1.99038054006668,1.15811128525814,0.977165827592251,1.44741836075599,1.90326867224313,1.82331125058328,1.70770751552131,0.845911515748276,1.51287323596221,1.27676510684245,1.28086115958226,1.47091147593001,1.76606826415133,2.12876000602129,1.91845652297692,1.8550681898891,3.29098640866144,1.73350540295024,1.76746143922077,1.27975898445043,1.88275027846498,1.87635194769199,1.76015311654812,2.02664664941635,1.12948769454258,2.09072966841471,1.14949120366444,1.72793656012246,2.25356849005633,0.900123149345739,1.27733276893024,1.81206502609878,1.59007588955629,1.86119528853447,2.19498412349347,1.35445124401129
7.4845303862204,0.774763151499057,1.9260534770973,2.30977956999251,0.628163112562205,1.25288946712772,2.06566161950785,0.985869683975634,1.57772310716331,1.65817902680388,1.54841571065809,1.21147019847063,2.01143950554532,1.41251465228198,1.27592701331607,1.74606623238449,1.20313607454632,1.08643272808637,1.75317163415075,1.8108279086517,1.81958251490461,1.36217058092982,1.16925560732774,2.31160188919717,1.15549109938609,1.43958636312915,1.77170325231027,1.8089700668801,1.58812475804205,1.70804620473078,0.630268748900089,1.73040780314855,1.63110883830218,1.30811900491555,1.74967726802038,1.67026129887983,1.5269383806449,1.89553017024832,1.98081360698921,5.18925159479751,1.09456609346004,0.977985302709846,1.53706167692354,1.2721637905722,1.93484648773554,1.35240481876254,1.93451910484269,0.848223222442215,2.05813110608406,1.3820156742112,1.47504077623136
-2.47382773907022,1.55169575162855,1.35368464815965,1.68072646459369,1.50693486639846,1.57585561624883,1.816776230604,1.88042946042634,2.28919831021181,1.63850563693654,1.971150421367,1.31905582210727,1.2076409306378,2.35170382276837,1.52205634521825,1.56314762435371,1.9486791997153,1.53201363895181,1.83250633309224,1.47034356598983,1.11471439722798,1.60222170193646,1.25711376400226,1.44335807893592,1.56157685514485,2.15417467903443,1.26829803574937,1.11890557252445,1.70502063865495,1.70615039366207,1.33853736590515,1.25117520160456,1.65643523284994,1.5167800366174,1.44481608913451,1.60385570934517,0.90730946209167,1.70014665575871,1.43172254694294,1.5931456269154,1.4540906714941,1.8193524883406,2.22289944586408,1.48958751913531,0.73337231460097,2.33603797561576,0.929593548052274,1.26690512566207,1.87444887290369,1.52591290954569,1.52469147519522
-1.56634231307539,2.00520059779847,1.6994176960429,1.06197752295937,2.29659700269143,1.59165583968366,1.68540865911831,0.714418696880396,1.74360194221215,1.38662458483852,1.81595842765511,1.65345616089757,1.0842932805622,0.993043483086008,1.04254421947555,1.373740135656,2.07662106398686,1.55761573623729,1.93268283371036,1.72140065944628,1.70832690967701,1.44064392057344,1.96518710732015,1.20596992402991,0.45389394319267,1.36039421270797,0.75372881482358,1.26195254411648,1.48525811779391,1.24466306898161,1.48517477377941,1.32027528084153,1.24443077201893,1.58369846835352,1.63146374404531,2.01648952768574,1.03393074880595,1.29195407218442,1.03678821831596,1.69552657684375,1.95996034394858,1.31870361096844,1.43858438111556,0.80020855639793,1.7540931063058,1.75619410398514,1.81474088495991,1.87055620887901,1.52402530718675,1.41795642618935,1.13948483462175
7.92621989548838,1.45477710763773,2.09851652105236,1.33445164248748,1.90499842674736,1.15574646366303,0.636269693660571,1.13126240248972,0.873656351766241,1.68302243817787,2.24804907002167,2.25595151165466,1.77996429539056,1.6263876112102,1.07849223897208,1.70182067938434,1.73105925800217,1.38773951363742,1.95475528317124,1.86681946091246,1.65743627146018,1.32307426773347,1.90406726429123,1.42541614670697,1.19994250086013,2.07668389628584,1.86575843332376,1.20604597535208,1.47640549098158,1.21541142011728,2.38710222251876,1.58332579926763,1.98899820421095,1.81855808214432,1.33540049987675,0.960910685056723,1.64326748338358,1.74743435083775,0.872453662425878,0.778476643767091,1.46274739050956,1.04021311260575,0.664258711271565,1.76246389201352,1.44861604387693,1.78723402760852,1.16143354308865,1.28974314794114,1.44082949890114,0.802831050672951,1.72629595856734
2.08338291520971,1.47154845981061,2.32070101981778,1.51450774903677,2.09446451470477,2.08501442099928,1.09976762680328,2.10455186460039,0.616604493655688,1.45365393049325,1.17820379613363,1.28158320613616,1.22414164264725,0.806113059225811,0.859668828927569,1.82155585318571,1.57541966682052,1.25933181761743,1.58192340660828,1.80294654517718,1.45531906522891,2.27329575006421,1.70637811761657,2.5335930963868,1.63567744016801,0.93025817052385,1.68295337761111,1.1985658064829,1.8921872016538,1.42350239946372,1.21670200620093,1.02494293071174,1.76797853255441,1.52099768054097,1.92483498788499,1.21098591975487,1.99951804388144,1.88711504028965,0.9892556298697,2.6273815995424,2.2000665459148,1.45464846416601,1.72051781081523,0.994088886945642,1.92312025968443,1.48911809885303,2.06584585220578,1.36459239019432,1.7234055476627,1.41604766387352,1.91644249023624
-2.38943580044456,1.6973139402376,0.644276985192288,2.1154636687512,1.6772911609744,1.66258630125075,1.64677830482426,1.18168371910525,1.89212033268089,2.03866745504873,1.2449857890834,1.55740197285438,1.13131626440783,0.953745767869352,2.2813864937554,1.61175772400248,1.63082157233823,1.90823633778578,1.27471700815116,1.41288091068769,2.27906077929725,0.624949527698888,1.63536029941346,1.45928921733454,1.60502873028742,1.78097274333131,1.41347961622185,1.40782548714521,1.46797631189307,1.88318139319673,0.951133231570994,2.08365973188948,2.24970179742058,1.38620365991628,1.9638213339408,1.34407211181237,0.991593973845279,1.21016707630054,1.22593780180611,1.49895775759733,1.70496437570874,1.09398410614534,1.71438906309216,1.99531680755471,1.17063112786149,1.92386248839073,2.05675284592256,1.35913383181414,1.48456184464283,1.19485165957717,1.28104952148336
8.29621911004146,1.43827129550394,2.64953595379217,0.82898410675465,1.78152092072091,1.08107768842341,2.11864214541145,2.2947580935243,1.08446325577274,1.98692689534643,1.73549726864358,1.49093840779796,1.32120180881757,1.31662440799081,1.24792274978795,0.938309847274281,2.00832940484286,0.83189615617291,1.19393742343533,1.29909808998201,1.34022680262062,1.44093776397136,1.42666288697608,2.08188074667037,2.3863661561867,2.10151844273509,2.8454353240422,1.87884324091235,2.06273054980497,1.70791527568652,1.47547701115406,1.50233178719735,2.31360234201653,1.77375161869681,2.25266913294662,1.25746119467415,1.16195426961062,2.37740302611265,1.45019718249368,1.25192697247201,1.30602003753945,1.37390922263219,0.713339244904063,2.02171766970389,1.6866965526234,1.3925810518246,2.06794043265472,1.71641680442276,1.04617173041035,1.66745472418168,1.46714104133607
-2.23700866338436,1.72381765218042,1.59769123505325,1.34887928372655,1.83160341890055,0.642037652689661,2.07069379350813,1.22976265192546,0.960519717317995,1.683869124165,1.04175586899139,1.86579255673687,0.976137025891343,2.31234033347834,1.26086348107554,2.13685673738213,0.97937331822092,0.830416379695132,1.68921744333793,1.36897837245756,1.40963777703873,0.508575000475638,2.02283182185194,1.30738581098127,0.830825318552352,2.31261171648656,1.76122301457836,0.879789317775506,1.10657488317894,1.49310103927563,2.25395508728447,2.03504950446382,1.48025915581281,1.91162124353726,1.46746912814011,1.68456599789215,1.34173979363259,0.848942085785797,1.84359371343927,1.59494940908194,2.11935821397828,1.73899051838795,1.88735569450386,1.79992000962211,1.71314487973788,1.72988195817957,1.69000638312097,1.78757499141211,2.62417657179349,1.5934670706966,1.29310964165871
9.21275939028361,1.59443384822292,1.59707192505685,2.01238472106694,1.50431834843187,1.88129731306645,1.05888979301746,1.75064627019856,1.48108621960776,1.7325614021124,1.27244414350055,1.07076300055994,1.5080677197396,1.21545785878317,1.63546874137268,1.40650283477517,0.900647817069634,1.64323724898406,1.34069095402073,1.81657869175482,1.02012376064982,1.09403278440897,2.04081833325011,1.13729062538228,1.3531853667081,2.14797742003593,2.45653435073517,1.35147241165428,1.21360981303543,1.58492377550566,1.0122101291577,1.69937187229793,1.84053239627839,2.14962772009004,2.02524952499412,1.94839800197375,1.42455346259193,2.49560847523289,1.83693057342723,1.80989852187181,1.90803179182589,1.45264649812101,2.23076375548118,1.84174174325692,1.39705195242438,1.13157910776865,1.3918493632701,1.99126758348975,1.89257721497637,1.62907519329843,1.20297931824908
-1.99097188622998,1.86541242453966,1.73682546163877,1.78543957329385,1.67154366484468,2.09596394049701,1.56600947203983,1.64697476850579,1.44348511260201,1.45522527383477,1.16981782279634,0.827234142360975,1.24350456207845,1.67643242249526,1.36131352423576,1.15776281021498,1.31792254737868,1.24027336377513,1.56318681240275,2.13036094729175,2.53215382157114,1.32170061392571,1.51636730183109,1.62319587887739,1.74879585971997,1.87625336965609,1.3401841368741,1.18450704758869,1.41096264835089,1.32191525467606,1.43641523764892,0.999485348992278,1.39891788994661,1.667719804105,2.14068306784791,1.34365223449086,1.96955240991409,2.17917154144186,1.42509041082022,1.245170730864,2.17344397012485,1.04472594921658,1.1874334345622,1.53283128681433,1.50740975411172,2.18087507422063,0.974696672771286,1.66816341044929,1.5605862856273,1.61996708536266,1.74755234936153
-1.69027045258339,2.00270181771938,1.37102627905134,1.33108590481423,1.65334950899075,1.59801920352774,2.27981741330532,1.50051305380934,2.78571692879597,1.47028926977278,1.38358610500266,2.17599158689941,2.10992027741418,2.42848632285644,1.42745584692762,1.24500211384818,1.6894711994435,1.3582845193162,2.69440535577275,1.26219034409109,1.86272389970818,1.27587630001873,1.59073058989168,1.26415083503362,1.51530443344933,0.890124880721096,1.29154719095879,1.96129339633812,1.86961249110291,2.0186055835683,1.9508225428714,1.4630347410702,1.90566119255858,1.29855065671605,2.59356085926372,1.13860899523173,1.54800772890321,0.733977402424149,1.10994380560183,1.49772793420435,0.330817030833572,1.57261844432269,1.44084395347459,0.854350271230926,1.68130749345352,1.49527421984385,2.00585862201794,1.46124421035223,1.28896288289059,2.05307134573381,1.63388161473563
1.27693206062471,0.877145926638241,1.37237191029842,1.40322353814517,1.70832930246747,1.28383992947288,2.06204734220918,0.786316305722172,1.26767624095372,1.84319261442052,1.41252739096964,1.42522984456946,1.54459555327694,2.20483634222971,1.68548400009512,1.93804257600762,2.08212152290543,1.64574209401109,1.00390803824419,1.84572337932806,2.1099788679577,0.935276536682414,1.37359834755308,1.03022829992269,1.72399362420405,1.84463058317049,2.22141872032079,1.53848053622033,1.60940100908617,1.13318150053369,1.2675767280377,1.24451708797965,0.702019606280635,0.795196136670377,1.7591084498587,1.96260081564567,2.13100343803934,1.2791966848311,2.56068144914848,0.755396829181035,0.725867001811888,1.56769117662207,2.68463444306698,2.39568663343725,2.17233649398456,1.40375439612114,0.964184468441371,1.43412534476187,1.74523205822323,1.49673331314777,1.68124274543343
2.05879415647099,1.614147760427,2.07695364577274,1.61710159627094,1.52465338909914,1.13299507763283,1.03775231723554,2.06297083666993,1.51055755501694,2.08796028238255,2.08555275057502,1.78025661543573,1.90037004226426,1.30314396856237,0.937120228262955,1.49366870326486,1.38139991600867,2.35530423321099,1.8041629083732,0.681902702472673,1.29259465638471,2.86882066870546,0.845089481822447,1.90580223795174,1.28834762630829,0.50086723677645,1.66407032611361,1.5299987617585,0.866257578863162,1.65967332191635,1.47630324535852,1.16557436997578,0.739573259673359,2.02896843661812,0.728202311629273,1.52687724346444,1.63750152732927,1.68243284996512,2.17569270624429,2.6873292229457,1.6851451647792,1.43661311214232,1.55566959956822,1.6229706513698,1.75684048893907,1.64700774287823,1.8719394696278,1.41535456703307,0.814823715182296,1.88700628100947,1.63128217801159
3.87662471609594,1.64093649606418,0.905132566858411,1.39724334322954,1.40197312327175,1.55823144333861,1.33976009017833,1.8279922195427,1.51605346138182,1.89269544596059,1.34401104819205,1.48639498996553,1.712494750094,2.26382484909978,1.8874411318949,1.1744324139213,0.839439395493492,1.26609239422697,1.59278256873063,2.0124886994918,1.68853405056842,1.61022620223481,1.76038087725414,1.61404372038934,1.95763729051956,2.1046757172156,1.63108025275841,1.89690180227843,1.07065273077277,1.04234228014001,1.1866229171301,2.03056837673392,1.57335260757279,1.27337307887703,1.54919035177145,1.32667473742805,1.38182537502649,1.12513945890633,1.84239358280766,1.57655602773594,1.71785613694275,1.60052331358519,1.47172632722046,1.30388619722811,2.0692568831682,1.27675251554392,1.72793345949626,1.49003816370563,1.35450143128158,1.57501942765248,1.36828710201088
-2.18262362596865,1.64190977111296,1.34658427026008,1.84778747206104,2.0011046486553,1.60448931561755,1.47299696098677,0.993377213194214,1.35770997101414,1.03487692580291,1.88302959435172,1.45302335119621,1.39291207368196,1.48668931001979,1.42578260357009,1.98579041342782,1.6157069536238,1.75732569786754,1.64791734602082,1.33334922449146,2.29856909619471,1.65403180306035,1.68796219623853,2.02308407043654,1.17994748224918,1.67145268653013,2.48152533504826,1.0746316860511,1.41897090312897,1.69411373669966,1.2885259488821,1.41019661237379,1.67450680714225,2.01832477130261,1.52175958583349,1.69331652040624,1.35805874218488,2.26063764361292,1.39402118668722,1.09494051433143,1.43212586699149,2.18371545480295,1.07164572251114,1.69453676254065,1.42240847974367,1.02159904037621,1.74905565423625,1.14954213830477,1.54087352178858,1.56072112266693,1.84973858798795
-1.94287758546065,2.2168016520575,0.601757536998914,0.436350181422934,1.82134673209441,1.92523115080431,1.46852054279973,1.20419077985381,1.16842126708218,1.23914293685391,1.25843363509917,1.36763173158504,1.37803086831748,1.3967573348879,1.46038161937064,1.66262611341592,2.18213865763079,3.47004921309275,1.97442225826016,1.54807591262867,2.1972455649104,0.723903351933623,1.88410852658016,1.23039234096016,1.13873490556536,1.11868868311795,1.0428301181942,1.31569623401924,1.24618274839357,1.28383603455441,1.2088261481807,1.50376385891789,1.34139729171898,1.38490462694798,1.65155115637828,1.66088434789745,0.506949096407415,2.47346977620611,0.998266976332359,1.77272645305339,1.20387139537367,1.03497598647357,1.18462257001178,1.96847070662545,1.03005927112476,1.38093064213925,1.24283503347371,1.68803486236074,0.904818831608028,1.49767309171053,1.23735808042574
4.87178789082422,2.49809057241407,1.32053714807545,0.947362267740967,1.30081429140811,0.578685305441627,1.88551719287616,1.76871939345338,2.59095827886188,1.83608608412808,1.45221855227858,1.69529711562232,1.57905258029321,2.75629553884392,1.52523068264963,1.47199023166908,1.42649599898924,1.35056288987595,1.91620468645353,1.18358121364948,0.858507929099517,1.79905283634812,1.66525369432592,1.39491008241369,1.4439296305114,1.45129800566825,2.34260141466776,0.717312073468822,1.51944893833073,1.09022468014787,1.64057338170899,1.79811476452594,1.57040591731212,1.10230083387955,2.20087832713845,1.41168509426384,1.53835737697839,2.08261298075315,1.1853619191737,1.89639511894003,1.83228540358591,2.10544472430663,1.99376981909171,2.28158120067988,1.38126699458938,0.1993820004561,1.62113577267833,2.41349713017136,1.06114562818245,0.693467353897446,2.30426495843403
-2.07964855546322,1.74346600137217,1.50876521652025,1.26619655459725,1.38671850012668,1.46231905541268,0.825100667235375,1.22891399695805,2.2252592673227,2.24899670556883,1.63572961222468,1.67472735172371,0.904643225980398,1.57649828877675,2.02890547951659,1.53266473803521,1.33174798532167,1.33001315519218,0.961678821994784,1.213494809464,1.82941218551332,1.73820926682277,1.71848364604592,1.63242809787253,2.50039775947654,1.83267782758692,1.79753499330694,1.34316523955315,1.47960065934177,1.6070409317122,1.40481664744699,1.90398047258432,2.21457962674023,1.17143115932722,0.927754875831199,1.57669294526705,1.85173137747001,1.53435271053678,1.72340990339019,0.969797676789603,1.50332719995984,0.963838128710195,1.51674245371598,1.51807876418783,1.36734765200234,1.62402239952485,1.6762108883015,1.45112162702862,1.53106954017339,1.15113438613544,2.14243473508191
8.506218261036,0.963402940609552,0.968921040038907,1.14709685150363,1.79460744783713,1.02131203471047,1.69555388044323,1.61213938016229,1.06694177685968,1.16609572104843,2.33938518254909,1.31452250720272,2.80989979101737,0.769221716922813,1.58233849975675,0.756019585152162,1.74894247806607,1.4289046993581,1.41563668780257,1.49638093740242,1.63156084139323,1.34768124806768,2.11725923072867,2.00210962256715,0.856718074799228,1.27826840853266,0.386528514599638,1.12632365166962,1.83905370677694,2.31849866897828,1.93647203211528,1.3357035657247,1.19322899550119,1.59845303363228,1.98298684706399,1.37156465389612,1.66555160087661,1.35197341038872,1.94650801205921,1.84822701592494,1.83352393389484,1.59542448628622,0.961505306369017,1.88113233883719,1.26007562604729,1.14064935185759,1.56193698678083,1.50281209015945,1.54813735280175,1.30920988967751,0.691683558082256
-2.06738141851555,1.7942121873166,1.62863906964991,1.96600649104633,1.19262992166002,1.63209208180534,1.67255861215222,1.03794536938485,0.8383129254333,1.12339492954168,1.90464530607009,1.66471220767802,1.18842243313304,1.83991627640156,1.09188837627144,1.56549454555323,1.20299446283138,1.54674262756328,1.69080351184761,2.2759800316872,1.96863367729786,1.86129131918593,1.9889530915669,1.77427399820336,1.02886673055999,1.09959026365274,1.55267097846198,1.19973814027363,0.93957725049324,1.48077897488609,1.59740448390352,1.06563963057755,1.61681544238624,0.84185308163401,1.46318432969649,1.36088918629185,1.14328836672253,0.973913386656058,2.22379542923556,1.2908295736142,1.07003463996978,1.17472040853307,1.70479451312549,1.74269000286736,1.76297961767768,1.72007069945137,1.56932821429836,1.49299667877025,1.30542867275345,1.09010241013045,2.04718108145248
4.3061645196042,1.90952922236305,1.29161987130441,0.896330895926465,1.97383900153681,1.30214877065495,0.70126846253866,2.00793597730388,1.83628737059386,1.50027307502979,1.98677957502292,1.62670634537357,1.6162914877093,1.13400428661824,1.93446084324071,2.00707313917147,2.58763778978622,1.30671930524793,2.10100094337326,1.95984966153125,2.37362181881213,1.75731170716677,2.23879517878388,0.934964964464587,1.35465265411285,2.20391832338594,1.2709339791119,2.08443945680591,2.30304904592758,1.35326029695195,1.66618626467289,1.83186666183471,1.45807252797563,2.01004047217792,1.37540289908546,1.74496923818309,1.29320297659694,1.8540415422777,0.964026729862651,1.48640276970214,1.65151366692441,1.5741293508177,1.40436067680596,1.74755458719012,1.51134406710032,1.55064547427998,1.73145733522184,1.42373884909887,1.35725136464223,1.94861930940107,1.09690673984509
4.39634035471801,2.589431179001,0.609659406876899,0.50896279603244,1.63008478245685,1.43348697564113,1.843165871753,1.71586556833669,1.6652666096133,1.63519273174301,1.80504521814456,1.70932390771533,1.20999120426253,1.44357067736213,1.02747721713626,1.64736285286614,1.74189370315637,1.51523168602583,1.71785658008604,1.47453442923338,1.76406582287256,1.10838572389112,1.05931413329048,1.26266828743115,2.12772612238862,0.89283633525167,1.17261890281905,2.16040120302778,2.31315984440807,1.39081266055785,1.60669673344458,1.44160894196054,1.94761231499347,2.15509377932064,1.58104571292507,1.78929159575251,1.27537507392493,1.30208081757317,1.23074636178723,1.95223276244684,1.26066290499596,1.31489507864043,1.5895516658265,2.32060846311534,1.15147865714449,1.27820107986877,1.06350929987901,1.75790663811006,0.921649327703432,1.89521543744173,1.32451114034557
-2.54384608130511,1.43606686224276,0.647830462701304,0.929080390663155,1.9286645289677,2.30049029373569,2.35353246620181,2.57940789384488,1.34934062106941,2.07068628671986,1.97418024782867,1.83679581977754,1.28926128667485,2.14229973162048,1.46049735872641,1.14149085256118,2.02675730974704,1.34912432612195,1.55128861853374,1.92531340848044,1.50479075372478,2.28401792073334,1.97745526725848,1.98018881555454,1.20520108074672,1.95769595168142,1.31109803791374,1.76802098844076,1.84421937983746,2.0869892306937,1.9407938049611,2.06108746223459,1.40448778258404,1.8626637024792,1.40126417490956,1.89913959194283,2.16035405314286,2.06909078899882,1.58314405109382,1.1047441356616,1.92395091044802,2.14949827047472,1.99028029751062,1.92117728738283,1.08956317518902,1.64313869328136,0.813874665415555,2.64803506741787,1.0313241827025,0.860295278878715,1.88655739745145
4.42023712122664,1.9159813828947,1.32446751322707,1.14161433187481,1.01729912183954,2.23162117431307,1.15858042553044,1.53784350614915,1.86039388437653,1.70663398774893,1.73314852231912,1.61951689542534,1.24510926359054,2.36770091266246,1.77996892238327,1.15428949254292,1.55688173312995,1.3897864646543,0.912851515175791,1.89976649760897,1.61930336752152,1.10310596744468,1.83576557240482,1.72996397781281,1.30697320245868,1.62950997659595,1.82485268521906,2.25835149582147,1.58163611822322,1.53975411494688,1.57092847110742,1.12120312775069,0.693123544632224,1.1220965387705,1.62723411054845,1.90290318958416,1.13904586863893,1.73311252978819,1.01039689530719,1.85737696248381,1.67158300895476,1.27366925853108,1.30656385277262,1.23954691508246,2.11491196875097,1.40244723838775,2.49057295642238,1.9478288618509,1.83279321462921,2.21622374362382,2.06756501347447
8.66236740867114,1.32933145612123,1.37337749375801,1.80407816133698,1.53580095008815,1.19087051826748,1.63480098126243,1.2267642671881,1.69017735435307,2.04453866271896,2.01268010216524,1.43587775677781,1.24720984405719,1.17107268842364,2.0760460794817,1.57345453633767,1.83703200795024,0.664962331473562,1.85139417441096,1.76349855363949,1.62876707978612,2.28813245207977,1.10264098611561,1.49113312383504,1.68238806062244,2.07843569554198,1.95652295439588,2.51658485941714,1.75979813308566,1.51027792716673,1.84026534065271,1.94383636531757,1.20226245028868,1.9144114203927,1.99311074484969,1.83697467796561,1.426151883753,1.38464425525661,1.64045747941107,1.94703205856077,1.22542941668844,0.813573241033988,1.82222649389077,1.36527047815173,1.06421415329036,1.34248308711692,1.12021250009792,1.57422517703884,1.49855044140057,1.40485527022863,1.50226177383991
-1.82217438725289,1.89452865419857,1.28620437671409,2.03455808114219,1.20566376788189,0.720801781905386,1.56628290808306,1.5582699375091,0.897326031844995,1.34447292789051,1.20644965690198,1.7174361137619,1.7865180719418,1.0881002475498,2.10686736272453,1.11670374121551,1.31982746515,1.42822673934135,1.63346041653693,1.94645642179499,1.51486113354853,1.6509452323507,1.67686536093705,0.980839308547481,1.09544428055771,2.06255862055832,2.13890357965577,1.6846734829219,1.54920836360122,1.08141422107681,0.753202696715073,1.20010460798808,1.69750646528565,2.05603382569379,1.69761782356156,2.21560013095546,1.3182360665148,1.01688355230177,0.653082827382269,1.47432199397864,1.92062468758677,1.56631763866593,1.45319550956751,1.38187916877384,1.35728385482512,1.89100073614478,1.42003024921508,2.27694957938526,0.924923348270469,0.979512586031394,1.40936977163901
2.92267306059877,1.00734208617578,0.853686819760675,1.68404105861955,1.17125512431137,2.55205058933132,1.42721187824357,1.51932424734261,1.38494677211446,2.17494614996678,1.06374336075867,1.98991133254212,1.75811247718611,1.8403549730073,2.8930529640415,1.78394516310676,1.36131093099615,1.12799411168021,1.60165904375027,1.69656157758254,1.97893496320671,1.77977683461173,0.566020701188405,2.00004441337884,1.43325006392395,1.82379646437201,1.39359397572796,1.93021443262902,1.44913332295966,1.26665795649026,2.37783261907483,1.50849933719995,1.8290129627777,2.04985799528679,1.2687141524351,1.28574971738459,2.38968871076344,1.32488226832193,1.67705132104765,0.574811497999243,1.17680226291692,1.76821353083022,2.38454135083867,1.65955624832834,0.863909013688233,1.22607061935192,1.16092390935381,1.4062756919711,1.50720843128035,2.00212086802467,0.683420906009632
7.94859684938118,1.28556876318648,1.63269990037577,1.65304635711105,1.41838882503918,1.99476979613538,2.1629042209489,0.638520177169133,1.03166505729827,0.887585077614528,1.58249576725828,1.47271941285296,1.85355368137763,1.4761873061364,0.785575629009066,2.02339138037363,1.16227980635886,1.9266550169495,1.45968769245132,2.01469582036169,1.61763292001643,1.6423908610488,1.49139535513756,1.04657196809402,1.74780301167061,1.98233149775974,1.19453106456143,1.01451175191583,1.36931818679354,2.04906565543917,1.70132099254202,2.63810209468577,1.66431230892761,1.79527681883214,1.70655318738309,1.92867438402969,1.02799446567878,1.88934026060073,1.59337535299338,2.01627467849273,1.28884646786398,1.82297168823588,0.76870520566567,1.94944372110562,1.36677903176784,2.10222810521939,1.79871624738993,2.14000339557821,1.05103698916857,1.63260690313088,1.62342843407928
8.25369549926865,1.64713521431683,2.25052310704875,2.14752790049334,1.69076150685218,2.04739751671982,1.54194364076173,1.91881413049724,1.16976115808834,1.3949224369824,2.30583752688133,1.59430125242081,1.57424000720934,2.44727200073287,2.05674414222667,1.70500975913783,1.04071054480793,1.54717691889276,1.17244052296221,1.868325563871,1.337025488084,1.91239813588902,1.22281398594073,1.48809194635437,2.06203966580896,1.40693748297684,1.65349172082346,1.36625366081752,1.6122723646471,1.99415256034999,1.15226872711668,1.22991194081421,1.26249520660526,1.60878667318479,2.05297379999412,1.25349843788562,1.38006073538802,1.54217516805078,1.70881500809455,0.636457851872385,0.960133352937806,1.94341154173547,1.44671622307933,1.02805268400899,1.6745527792249,0.948576593966193,1.46790249665024,1.54138179765064,1.62168995385235,1.5354413810118,1.64726108708745
8.62738306277088,1.20008713109552,1.22135118771888,1.48673789148932,1.47325318529094,1.33425050935941,2.06960462504469,1.75776381675883,1.31687433142631,1.77063109997768,1.54335858956392,1.43228387806012,1.68954372723572,1.68574362550825,1.94468338693828,1.06473433823811,1.3022090504266,0.853576510828891,1.18801605628825,1.76098882465466,1.3900193489847,1.97455286242643,1.89005138373314,1.96020004726809,1.79475507680867,1.86609070324666,0.63277491467836,2.60260476228121,1.47191443900603,1.40073238057213,1.92518367163417,2.59106721062968,1.88251610808473,1.68778326452408,0.740011025690718,1.48313505181603,0.952365719316691,0.628282048541524,1.49222334107756,1.12922980762885,1.49432718887687,1.73208607317662,1.81498797441527,0.998348358089876,2.02127097939212,1.48366506860759,0.460828558844699,1.43652356662597,2.21027517323082,0.736353096997743,1.23306330038249
1.68558091757323,1.28226399746956,1.97706608741519,2.21009574189954,1.53513748768406,1.32006372929581,1.51546637014646,2.60856071107113,0.998460157645017,1.76715979197366,1.79000271081364,1.785203400455,1.28287553700116,1.94558817915725,1.93461714859914,1.9366849406985,1.11981584363406,1.66047875406558,1.75195078862692,2.05857052459453,1.33492731749099,1.37369460468919,1.21061717454149,0.778860254511509,1.91732679404278,1.1780006489247,1.22815231126702,2.09346312863099,1.25810565647966,0.851552279756322,1.71859050664183,1.7637198151564,1.45722468492887,2.01495694612737,1.39970141867486,1.75377319886993,0.734888666039649,1.57289896241628,1.79213554921765,1.2109407278212,1.57623036589188,1.38442537169506,2.07588729395432,0.989418839917853,0.626054210424401,1.40319145249454,1.59875256850986,2.0238531857694,1.2210252625939,1.8250386084804,1.36170491180693
7.5771856899896,0.925025717200509,1.8315294797543,1.08720755405199,1.85818386273399,1.25308467355684,1.34504417256216,1.70040205976521,2.28326628055914,1.96206468475575,1.40928235243834,2.37342207994416,1.13502362462058,1.98749115824003,1.5215805532795,1.45149305793453,1.42103129022841,1.06499182564805,1.43649962329481,1.90948429739084,1.24177355166513,1.77783094860442,2.28118450118861,1.75999115450488,1.34805675198201,0.729900214142094,1.41586996038299,0.957337278454483,1.50244530858922,1.25494376863004,1.88176264035625,1.80629639961088,1.67352030471905,0.944958843110324,2.52649388003558,1.02159885107215,1.10035982467876,1.51282370232251,1.3063158301929,1.91900081530654,0.0579357929594622,2.26004084553599,1.61804800268115,1.12491719637564,1.29523163378901,2.53960295682021,1.05776300239206,0.989284589398733,1.95999798949529,1.17586988085689,1.778486321193
8.46387875208381,1.6123958664151,1.77744849921127,0.873746548685561,0.87997577091896,1.58662800785557,2.0915390162045,1.89836907983817,1.9251524426545,1.85088263893706,1.03861255028186,1.61038510232813,1.757185413035,1.01826298161133,2.29408105108296,2.04965296747946,2.08218029000961,1.3860529991973,1.36299965037659,1.59739291373046,1.03477690417398,1.28187686611709,1.45946419405823,1.54478975952473,1.85285651916828,1.83944776257867,1.78064722416677,1.97506652255658,1.78051874219509,2.11874452404825,2.13356937443102,2.07073360803097,1.45489836471874,1.9561664755925,1.45230708355146,2.0640143483228,2.13428376809968,0.731240433179929,0.889105904509404,1.30203055992859,1.39319049975761,1.4132363195241,1.85089801501317,1.85516321831327,1.98924564961915,1.31341550865199,1.16351805261875,1.92552201188746,1.44767406113554,1.82720208844977,1.66623363631163
4.34416871912348,1.96038842960286,1.14473616160388,1.22956955767874,1.96748576970579,1.26544071916305,1.01883826713487,1.69179247469568,1.89894140592257,1.03941713166322,1.89977773389653,1.00743532803474,1.85354287512938,1.31676028552418,2.18146588912538,1.1284023082614,0.344970952131288,0.526027557138449,2.06679130651091,0.99489467138134,1.60466587365059,1.63188152169805,1.35611999010191,1.66700372786616,2.44494025140015,1.7678583317879,1.58500201025396,1.7499477243256,1.57474970307365,1.65875599234708,0.971460574306364,1.34553562901651,1.5830047586929,1.53153113133288,0.932914749898761,1.64225170820914,1.27603937769071,1.67014798626851,1.48406315767945,1.15613420967921,1.64552639748205,1.03531615521594,1.44586074233912,1.84241293671702,1.76580039404554,1.051137789102,1.65574017731143,1.15176067728358,1.71069853663868,1.74874359128545,1.10168755839948
4.06446372038089,1.88294266197873,0.978996771818071,1.00625800661887,1.52898597754788,1.48758079501965,1.71810439185773,1.63392522350266,2.03616107848895,1.33743171853806,1.4462717328352,1.94349162893189,2.60415066739703,1.95319628519108,1.51342332867323,2.27945715673539,2.10819378004078,1.26821305086909,1.63188300379289,1.40683632770226,2.35987388201674,1.65761543384219,2.09768359160131,1.26305294084887,1.97417015558582,1.06156695604016,1.36695515381441,2.12822316888281,1.75066254172213,1.74045361208218,1.27310397608632,1.24475418373605,1.99547336388971,1.44217254170254,1.25728245800957,1.25460944219689,1.89166914960354,1.30211937313988,1.40426273549948,1.91267822945736,1.70806189251005,1.97619460854539,0.773771177215916,2.52968646517628,1.7685682761044,1.51795459462025,1.35260494864895,1.83315284292858,0.460462810984999,1.53361984211265,1.00977467196462
4.49989817658372,2.21745294448796,1.05211112761702,1.73470879291055,1.21425295792218,1.50447861159263,1.08701886079562,1.34632729651866,1.25547532108159,1.10101589582097,2.18502060473144,1.77423571001432,1.65244822967058,1.92325614119296,1.73005294046494,1.68076642028477,1.16876652498688,1.57929776657774,1.82583017516055,1.68995491787079,1.6598776990798,1.32814935110503,0.881098603266548,2.00763478509603,0.770026032731197,1.10519831822133,0.631275207870392,1.95696145665023,1.36069873692969,1.46709075140084,1.28086719419796,1.67042221889615,1.30126242130012,1.94030085806098,0.89684708567668,1.98960251081577,2.17125037985991,1.21682315506875,1.6538315308822,1.63122475276178,1.08203410208207,4.53111119068572,1.97209027795629,1.26231157203457,1.31096029977718,1.31324656649478,1.03530213290888,1.67067232249261,1.76892854902887,1.87346122755138,0.555374157462187
1.81375208850359,0.972531025652709,1.09502868375796,1.87770374257565,2.467141626921,1.06291596161565,1.67683356448943,1.8942971708931,1.25085891625676,1.5156131522477,1.12293308272558,1.94871798424506,1.89595330086434,2.38710941482624,1.51243704626847,1.16428685311059,1.48839403099325,1.15150545180992,2.01050388564314,1.09001391081604,1.30413891773668,1.12931577570638,1.61813673047365,1.07070675388382,1.08477630160834,1.52293565367839,1.74719447359079,1.88983686059735,1.98147324081724,1.42485384458179,1.72865599784007,1.42218064551022,1.03334362056632,1.13027524695956,2.37313716563997,1.91730218080558,1.9203542781398,1.86793341880322,1.67189483710196,1.69537518705933,1.58074909164209,1.60936474014884,1.45837137907859,1.29895290018679,1.01859334069932,1.56827181939173,1.77021294622093,1.94094394062451,1.59091498616621,1.74705806010651,1.78608696785413
1.46364598880397,1.07596577757253,1.82599274103555,1.28476414957328,1.78898649206329,1.37658219395265,1.2705768635789,1.59042205415899,1.28776189721164,2.68039295771051,2.3458624960805,1.514815239384,1.6194054418139,2.00539499568398,1.26763012025137,1.82742896658323,2.07455009813816,1.39603878203357,1.77919091690654,1.50911583660356,1.1002406686881,1.00537343025045,1.34126785625266,1.50432036877779,1.90801896111906,1.87379766766474,1.82823622371453,1.55816936419456,2.04591083699789,1.2270562086814,1.18733592552113,0.991609168665109,2.17514943136397,1.6817275395199,1.70328985358161,0.506457262117469,1.91757714557255,1.81413925767318,1.82073664185586,1.4164773938507,0.959493333338355,1.69201456610813,1.38161500417961,1.45817319331291,0.669336176643697,1.22877260760026,1.5594360944039,2.1275202182608,2.09064755721314,1.20251251945136,2.16167074836875
2.6251488683645,1.19223043827007,1.18041775674784,1.17054657456552,1.36167480615255,1.93437340137367,0.888880307676085,1.93740302315128,1.30517629363544,1.29847360979827,2.29532475603075,1.55270062302117,1.96228712780156,1.44830303236907,1.28152160939974,1.67271633591936,1.8583485421179,1.74868787698104,1.1733374615847,1.55065289700104,0.960009998007878,1.20661932059005,1.21514996390146,1.19651065034776,2.21612662817718,1.65940419463897,1.8328256202697,1.24232119366908,1.2672606550324,0.943460708606891,1.4270143149165,1.65863012297746,1.4870837773203,2.22791967605041,1.49509383852505,1.29322158303897,1.21820952680519,1.59408752320404,0.962601587231955,1.80684806506276,1.7458722918877,1.30101916058105,1.81837777873806,1.63119857181851,1.08627657968181,1.94159228438484,0.973473069018589,1.459380942485,1.74056246557096,1.3792171205526,1.70418014621777
1.05142947429617,0.223209024987301,2.22179515198576,2.23441589808593,1.58240886490191,1.87307721790196,1.68217882529285,2.58041663710596,1.60567332580936,1.41697647833965,1.63500533237932,1.45162400849466,1.93884195831176,1.39304510373084,2.09385909774018,1.72656185017027,1.44328245404325,0.956782180922,2.17189341682024,1.77273235515609,1.64941141930273,1.90863781949016,1.41838085508016,1.72516829036465,1.75335379810145,1.20921647879429,1.24391976989209,1.11724768371794,2.32168734341719,0.896942934987092,1.37433635811658,2.43087509060749,1.50090770236285,1.81473487047113,1.02272925013768,2.08844798069967,1.41970658195659,1.72436212871407,1.87825949581474,1.61735239352603,2.04685938254468,1.42789850227781,1.39689286355947,1.04384035997572,1.5311405156589,1.16657956124998,1.50798557444307,1.37547069760292,1.60819938197486,2.32353222920096,1.97562513404243
7.88735755521369,1.38910065832031,2.06565717856289,1.91339083612271,1.31287253081743,2.22583841724201,1.86907037293528,0.47185510287665,1.71865119595605,2.07405545927952,1.53598042931881,1.4591430354806,2.0184485225575,1.55124046515287,1.67894043521646,1.43626719460345,1.58967397067091,2.57289529703594,1.10132475885397,1.61046560156404,1.73666630843483,1.98941705980667,1.92526656130312,0.715349109629494,0.718373662995171,1.0721332774671,1.56833491298023,1.7323063447587,1.49590636999946,1.94367083173902,1.78990402753538,1.3221123944943,1.24615092689051,1.81629794548913,1.46669432482495,0.496691280094433,2.08239394333415,1.27690463680001,1.73416244394647,1.92453658965613,1.69134698553424,1.99708133650407,1.05956392999057,1.35671455347087,1.74632886601318,1.62647657640826,1.59683507698178,1.68267145905043,1.66603033771701,2.39453337616454,1.74366686655188
-2.72656405836304,1.36610223816228,1.14549128924561,1.67482978899659,0.981139861806957,1.31789486813602,1.66397584829947,1.29483544787717,2.27835955287122,1.05293847477282,1.15441132566229,0.878474735040495,1.68373858663176,2.18721921467023,2.44782839793917,1.08470911843037,0.81243726332478,1.36974423779779,1.5597490163062,1.61253722942249,1.19972850653877,1.94766251174631,1.22198893485206,1.34498167914148,1.88647139693977,1.13538521659402,1.4931175382033,1.68484959064946,1.44575982076065,1.4879959131703,0.64379243590527,1.46751422228549,1.12265513792456,1.48963992244766,1.69055573590654,2.27425491509336,1.03420651801927,0.352413613339976,1.45336219509975,1.84754664259519,1.89362593367771,2.19877172855357,1.80523512326591,1.53079943547367,1.49167152331078,1.50086160149467,2.23637790652063,1.95346187240317,2.09226672456109,2.29593661840929,0.993993522640533
7.67975257423925,1.30749709516283,1.82852513088165,1.12617395146702,2.27875412992692,1.57132224205889,1.22736229955879,1.38451218434142,1.87650348058668,1.30277231789339,1.47997910100276,1.85036789998321,1.76394121217627,1.65667012829802,1.7334589722044,1.92709726093746,1.30112538634818,2.32228587398946,1.71806018866084,1.681274119847,1.45666462413142,1.07419981238247,0.883788801285407,1.57563674434218,0.879326054498829,1.94284649463135,1.65920013271007,1.15859720380277,1.75265115769212,1.3282080652928,1.09281758642292,2.46110006675763,1.70283619017516,0.765759373341004,1.42855194997612,1.91078763472999,1.62752737219825,2.26163542992642,1.30381013557076,1.67243729206003,1.84876939460094,2.35518458154898,1.74388989354101,1.82483097713869,1.8738749591124,1.5325215767154,1.53338831173396,1.99155021916949,1.16214725189834,1.53333605369116,2.05163850461357
4.53940203566176,2.14066148629545,1.19137095121209,1.60486721709081,2.23257136922852,1.02297373462887,1.81802993808452,1.51984063380642,1.69231939578875,1.31575910770103,1.33158359929606,1.09477205456352,1.14993000061373,1.44555238833711,1.49646494042923,1.85980902052421,1.4719934353669,1.15929672099559,2.03821690052619,1.59341060224588,1.22350532144502,1.61546680638765,1.05656139596167,1.03341577345483,1.21715892561773,1.49053073225367,1.96712091793493,1.44622423749757,1.33774465326306,1.69034903524927,2.16733294568851,1.68355392481326,1.16852634942937,1.35260352532795,1.57038796133708,0.61956834934676,0.94119904031415,1.56862207758522,1.34314506604695,1.83410270758081,1.39875091421962,2.08732125778086,1.18330961591905,1.93166886440899,1.01824760246907,1.37167835349053,1.48457580547371,1.70379800719046,1.42318338488725,1.96178623204661,1.37308618625225
-2.64371426042372,1.39201477743787,1.06070723579122,1.92765703539311,1.40324528521493,2.17917708647237,1.81880835883065,1.63118373594975,1.74224163832333,2.08383474404365,1.97879915939173,1.21037695897761,1.74981961770149,1.47663299666761,1.3141217201102,1.5417355968751,1.96510463396686,0.652130192767701,0.832687415372804,1.82494893070653,0.703025547256033,0.984834256142873,1.42404965351727,1.58322707271393,1.49453938680415,1.43395670956444,2.08981658969718,2.03949051596838,0.873665332195454,2.14344527345986,0.888786077265058,1.73282388714085,1.69624113695168,1.60516431579204,1.44728517534104,1.78753994606786,1.00904490518388,1.08884210604885,1.34632396266617,1.70450645166498,1.65746822658518,1.53449764902379,1.2824365210679,1.54716209637449,2.01739562577863,1.80769122582269,2.07419738740954,1.77626134095143,2.08364869457916,1.47724125550243,1.82707557478137
8.63794517133777,1.88417550602868,2.1375231933339,2.16813060666831,1.356225620077,2.71828829985571,1.85632105201796,1.98728920938141,1.54569049899442,1.84632174747222,1.72738489320684,1.48543890251394,1.82429150637832,1.46583559978861,1.06768070096546,1.78715420716056,1.54360222045423,1.97495094653886,1.55031028126447,1.26764390567589,1.75138262526308,1.4185815482858,1.81941319385485,1.83562902962269,2.09178796243704,1.34850456859507,2.25960750462045,1.96057436218023,1.9094204944803,1.87277604205694,1.26653463065495,1.22778235589465,1.40458936478159,2.21549496127514,1.02580458483269,1.1804820995117,1.5636293209335,0.673645849984609,1.18063592191122,1.2536157575903,1.58044634618231,1.69717748801935,2.41637246106914,1.17246298746836,1.90522959633044,2.50012161080549,0.776510785070296,1.30086272012116,1.78924534549399,1.49747191658517,1.64421692472497
-1.63567632609718,2.15766013521702,1.1292141040678,1.03676759283229,1.69567291961896,0.981054659934916,2.52712448355355,1.39567507388302,1.88135676322112,1.33434109747379,0.973376925765951,1.25594393582445,1.40060877093038,1.42381574482192,1.08220167690115,2.15995907876393,1.90111963681494,1.86091151951674,1.14133161795136,1.45136586533915,1.48123235653779,1.40063110697082,1.58559689549045,1.35776881636863,1.590193578816,1.30427004553771,1.09544237435862,2.70431383748222,1.47012634031708,1.4939927710441,1.26609374741559,1.61808807462997,0.86379167108004,1.53884442767551,1.77143387681872,0.902274165553641,1.6620152206991,1.70614223682505,1.57201220635536,1.71866680448134,1.7841930984611,1.68371745433291,2.2126926417084,1.84624152194926,1.77369586581277,1.59937907822968,1.029664541839,1.87185425415767,1.76294971655006,2.11425263235936,1.72802773922048
-2.27887527725744,1.63999955835313,0.865280925749291,1.54269231159804,2.06100836758729,1.49233160497783,1.41799867945889,1.92746957437534,1.08011406065028,1.73382155731968,1.75410776268632,1.71991895906506,1.62244461886557,1.84471046719729,1.41718727697183,1.54235550944813,1.71211138137441,1.04858914043262,2.21486678325636,2.03647293537345,1.08099296910287,1.45085819764726,1.59663840545881,1.48378492536552,1.98043880991308,1.22175274984982,1.40605474946791,1.20116507864948,1.8648218466917,0.897181170997551,1.65417206645416,2.12435426119632,0.874533475521266,1.62149237867248,2.62307486189964,1.57860413647288,1.7527508766087,1.52236728071508,1.65324020754431,2.02127449385603,1.83245896666769,1.69748290326814,1.32650789646078,1.24772817341411,1.11356529200327,1.42370115332155,1.38469026554348,1.4333957958362,1.56277581329406,1.42275500002639,2.34581703043542
3.9448185124094,1.64426507264913,1.09834938799355,2.62323264461229,1.60734227616254,1.60936559549905,2.11126920441918,1.32108307217265,1.6247628160481,1.40080743954602,2.14989734412167,1.09249508563213,2.18968803982018,1.57551750385347,1.94281654776552,1.85498771126848,1.73081381783997,1.94650983414877,2.11052550604628,0.720475083608417,1.11673832303034,1.89184933064959,2.20296433959312,1.29239292184145,1.65717455283984,1.46558278701814,0.869510144776887,2.44013409862087,1.8619578630305,1.11483187668194,1.11924854348899,1.92819413900991,2.1984568286975,1.87514700742115,2.03817414789131,1.41598566249603,1.55160443396978,0.95601967855199,1.75021818851264,2.19398026744503,1.11613469448588,1.7973688315281,1.69696710551936,1.34755134667189,1.63336867745464,2.16866416113113,1.9936526024037,1.22275692209152,1.49925614698131,1.78427055588225,1.16135507300313
9.04098342243687,1.24320361871685,1.19776350513344,1.42966459721769,1.20048277020348,1.42648305947979,1.19996721631693,1.42649961827246,2.37681081736131,1.64099423598817,0.925957861642928,1.5708017315839,2.21705832668322,1.50075826677781,1.2579831710407,1.22426263556867,1.97842240518803,1.7517526680027,1.28541061619506,1.72903675198704,1.61027353386129,1.82044577106353,2.07973865088935,1.88411280633508,2.05690841669242,2.26758485385812,1.88909800431807,1.35518986696957,1.03071461299398,2.04557049821623,2.49556890541309,0.994712629192778,1.6107958808117,1.76469912045347,1.72002501630571,2.20989435632906,1.94482434271024,1.3885092941464,1.38888393529375,2.71439035196562,1.8041292210624,1.18152456854567,1.28455588224913,2.61768724105792,1.34972173249446,1.21938528311194,1.75184831338596,2.1740413566423,1.44189770288115,1.94514152934438,2.15267185624372
-2.68371899116294,1.73372442181645,1.70156227624489,1.27092556263106,1.14506738499716,1.34895074946951,1.44426517051426,1.2746292314654,2.04984967609621,1.42539911504423,1.81257790256927,1.11920524610911,0.792693640256322,1.21001198983994,1.72286305399752,1.82067998034136,1.89805834611164,1.87219916993006,1.67782022416734,2.4143486774616,1.93415884713469,1.63708153377954,1.98037973843341,2.12046359645683,2.11674649403818,1.74598236163168,2.29676394526864,1.11085342885799,2.55048884462776,1.0097390849552,1.49073383865294,1.54702779019089,0.85807702263829,0.825969847797645,1.62135049729549,2.34699431369568,1.646417843448,1.79750403102887,1.64712722341517,2.14345146218028,1.77108450717591,1.65593986489057,2.4433464846194,1.54568282968534,0.946823053095494,1.14392519588745,1.72330012059173,1.4953373888329,1.68748261966537,1.85026329547764,2.04687570935151
-2.69913651051325,1.30140782592979,0.777910987700169,1.60263632073677,1.98633027305632,1.72136748974074,1.10657755155216,1.29574218125344,1.2707347014516,1.32196716461353,1.89127690297615,1.13940746768738,1.26089989404951,1.04518309129929,1.82052056015757,1.97127040899511,2.12104043792902,2.22989444825282,1.60633876361652,1.72259877793973,1.23329214836241,1.56744561210954,1.57549775969516,1.47638476631825,1.35746716759066,1.43000786491286,2.04745097000801,1.54122358750701,0.899738556797049,1.39756941305968,1.61682389093722,1.4727593925852,1.5636804428145,1.26418895173702,2.10639087238377,1.8349980334629,2.22010022870696,2.22234589976757,1.96620086141727,2.1654076683751,1.33968040024654,1.68673374939594,1.89396420392688,0.817858116833125,1.94532674973516,1.53568819667354,1.35141225552564,1.83603122188602,1.71216106806828,0.79117003277401,1.31676812795272
2.87951247320642,1.66380200349846,1.71118751466194,1.32889176080578,1.13063020441865,2.4197435760074,1.39154895057109,0.635069246870692,1.67496714628169,2.0249486453469,1.55104019111244,1.29204771867663,1.01343340663127,2.7677875272131,1.76607421989076,2.10854223491747,2.01558126555338,2.40755800724839,1.12213008188328,1.24669127870897,2.60674189015833,1.21920965678019,1.06167759811906,0.988991984253205,2.5836401615275,1.0797040903229,1.524947188402,1.9423809432401,1.1560996371961,2.44243736190447,0.924284925299965,1.63986000089179,1.63368882168119,1.07262533749984,1.40508060116834,1.68859495604452,2.05728387637585,2.22282289179228,1.66948520383104,1.1109994017913,2.10522807917735,1.23009536689313,1.58763324820497,1.18085272401955,0.880375572626442,1.92487070591738,1.39652472082442,2.06366498041162,1.01106540883312,1.47197628593029,2.35631052528447
2.09419705147821,1.45042608212589,2.3583904594965,2.02890289908437,0.997203111631965,1.69755417627006,1.33275202364816,1.74472281692891,1.30562038549031,1.0013229404027,1.64229927694918,1.53249121587587,1.2357364827695,1.61295838819057,0.804272406075568,1.71381805045696,1.00240978044504,0.831324881655174,1.89403301678372,1.59946907514867,1.90415593108742,1.62671766586794,0.922882397988854,0.896944266503557,1.82397807738649,1.62933459694326,2.04890684820792,2.53686185599181,1.59076830201638,0.878021350667053,1.36817771694349,1.67881720055774,1.52131850193469,2.70454738826976,2.06991162214632,1.97816777426326,2.66925349488965,1.28447394947293,1.22825067250359,2.25131213293744,1.30341635772022,1.52824778936343,2.03723586444417,1.27239534570584,1.20927274022619,1.47493325028578,1.87280428069326,2.38539527446899,1.60430973083084,1.35261132904395,1.94708842024686
3.18018106149749,1.71492911147108,1.74147426997703,1.52942336992218,1.15625325550767,1.56044893615626,1.89118912264194,0.469302348241302,1.29732288958395,1.4414255433061,0.578716575586923,1.48512689100041,1.68619445338587,1.54353702313482,1.76477313792071,0.827814112066257,1.0895139881552,0.487650375655009,2.53216558596251,1.04330745519805,1.95895248146687,1.37222720538733,1.07213257808496,2.55941626235258,1.15700211510659,1.94690366419421,1.68757895157229,1.14700009587684,1.55056777127096,1.80474381638976,1.51465549155807,2.11592567868255,1.53738849534048,1.40286806415324,1.49450713410065,1.60178834126882,1.67850933997873,2.21376327423139,1.05323460034948,1.16308289528041,1.54031332340535,1.87247221161788,1.84729224387448,1.96796964962796,1.15921124316668,1.0126900886884,2.15455583837287,1.56493507606276,1.62904226251093,1.60346909724317,2.36977852863502
-2.46126315995482,1.54500532806948,1.32774997355413,2.001222781049,2.44980046390946,1.77538766560118,1.44782401695528,1.76081900850655,1.18536400102547,1.57996175912623,1.60206389981677,1.55979878194764,0.607002482212692,1.22975448720078,1.40493550143123,1.08990200643435,1.56830052192165,1.68011882178852,1.39388107985513,2.11238523666622,1.21420475350562,1.65836364992104,1.43435890283026,2.17855820132965,1.33079996005369,2.05178463789273,1.47781811719109,1.56409517978934,2.03799890567808,2.43806878469091,1.62015512489863,1.79106245244741,1.70009719774143,1.06829135057264,1.29435005375724,2.03057160743573,2.0002803714254,1.71151165236698,1.96265615190673,2.2626785159121,0.779925618630565,0.560644788328243,1.65042288863685,1.15557595658398,0.712233227675742,2.53085244692399,1.46473023512558,0.495954254287288,1.32924423676599,1.0367430771186,1.52402856385856
-2.29722252062751,1.53972827278133,1.2156838288231,1.72165839032995,2.05468257544089,1.94555624975533,2.45304383897765,1.67134337475672,1.66589876813571,2.07815945931039,2.03304253961933,0.87004792827256,1.7966654917112,1.21842642976811,1.75216164549625,2.15094519604353,2.13717601890173,1.28154279086012,1.34322401994899,1.24744391338488,1.49579300207218,1.69185098232864,2.55924950789515,1.37791626293466,1.87760443077808,2.00571517695289,2.84980368585402,1.35099928090924,1.35603617494996,1.3062018827876,1.4470673790186,1.06547415238985,0.336900648648778,1.69590183726883,1.77739264628443,1.05328222212824,1.13006938444826,2.63469805004595,1.64184014430441,1.50402870815098,2.11083387115419,1.50579985493463,1.65661562839076,1.35356030554932,1.77818613672529,1.48207272028275,1.74267960752695,1.0164833378374,1.9057514847325,1.96384864749915,1.90524015743969
3.0859899811447,1.31635159560082,1.24466576354217,1.47216701995927,1.53426054506193,1.59073319917822,1.63249004628973,0.975884482946746,2.0266780737919,1.56125968507346,1.40510362190565,2.03597368428884,1.77767155355142,1.84171789773781,2.36661186667429,1.5434280835552,1.51395652096816,1.90039945342245,1.36319412674527,0.728378373670001,1.77727562694065,1.19020329568465,1.64553117151783,1.54714445959232,0.86931719811397,1.66379945503366,0.835823012446436,1.41884918362087,0.898622326432851,1.15952850675051,1.72482702565758,1.47186232777506,1.78684551515982,1.82864734673147,2.63845471461431,1.71968669838659,1.93992446791236,1.20796974017749,0.811910120906118,2.33887773882927,1.32138698686933,1.15520265898933,1.32198045912904,1.75063479567225,1.26625779055872,1.63848954393879,0.941693069503711,1.32529023921712,1.82352642116801,1.33135195351639,1.49276410995712
4.35322777694161,1.93324473650587,1.24652609955191,2.74557320989023,1.57287604865439,1.66668417312732,2.07655662447129,2.1191778408477,1.60604642085831,1.63077981575696,1.15366597559802,1.61821873214042,1.9782360637558,0.789493165374142,2.16304903833722,1.62172643652886,1.63219886688324,2.04997618797619,1.92050679489488,1.41311547108559,1.49814217945645,2.2717291273782,2.18450960954367,1.94675763223901,0.876935672470924,1.00049353057751,1.53940822641099,1.50508095703766,2.24962877975089,1.32490806687147,1.4997200787437,1.45409849666697,1.79268790565297,1.35842729857596,0.756045825920172,1.47856598189566,1.69847319687095,1.07357145844437,1.41558291615817,1.85126658894777,0.993203272934749,1.06153346738513,1.00551928444842,1.54648515310928,2.02649771243217,2.14532902336666,1.06312629426249,1.67043439288801,1.89957967200717,1.67665866588621,1.21714768080921
-2.06896075428451,1.73988824826246,1.30419607340586,1.07737587756738,1.62435351227809,1.64987555789578,2.14411668637293,1.4135880772314,1.17396032214745,1.79156198089808,1.27287257439183,1.97300222977495,0.873545667885936,1.87340055575017,1.22860904893395,1.36801066728828,1.75921318768978,2.15462995929628,1.69599524508254,1.6457596681218,1.92540207972544,0.860224539394571,2.08840497121743,1.33667677906034,1.67961722354381,1.54320174440186,1.1628370306025,1.10263031404349,1.72185536549833,2.04509834995566,1.43814740002905,1.43545214026509,0.904605012576817,0.879651746094924,1.56353492603502,1.90849700543294,1.18589533844688,1.81258664322786,1.24034687863026,2.17937427605248,1.93500278451694,2.50441894406144,1.65737631664192,1.63976510158088,1.2390149788983,1.90452496555661,1.10579301082966,2.09686941578231,1.72002346021884,1.81629274887111,1.93827739292021
-2.01164453081905,2.0309679756795,1.97492260054333,2.38512673032372,0.821972622160275,1.49018882260203,1.92390302929386,2.13653935041377,2.02697545345662,1.8376376285785,1.41501851800108,2.55162324978074,1.62132536226629,1.32161025045259,1.6459231739101,0.513044830037097,1.43256272564492,1.41639634916533,1.91541974529668,1.16215629799047,2.56586021110157,1.97169765536325,1.07304208146623,1.87832641999571,0.922273806568122,1.87515541633197,1.6147221661046,1.34026479047911,2.59177578858545,1.14305462715333,1.41090937460735,1.42825007925128,1.65977987668785,1.03355201589204,1.73167670331723,1.38348142106463,1.3792553629916,1.58151873303717,1.21330859654632,1.74676579013852,1.71351550413639,2.22055138396754,1.43816377668294,0.304090254607278,1.18444768581347,1.57668061552625,1.41900242701542,1.50746087562944,1.84067416993576,1.30437630980282,1.54465043916177
3.62830560349324,1.43264156787915,1.03151974217348,1.7059182307972,1.5155513909751,1.73436157557986,1.0414801526787,1.54023370499817,1.48284100029524,0.729359627921311,2.2578548561865,1.7083800397827,2.03628517859136,2.38150362131159,1.495307896543,1.42736210740173,2.09339725310575,1.65941176357599,1.9476640071994,1.64984203519532,1.56825553602572,2.23425660182112,1.91847396166286,1.21644876399731,0.809361780208205,1.14177853298712,1.80979192978842,1.53185446328054,2.20792496158721,0.84838229086853,1.60176090601805,1.52080322729136,1.34259261639805,1.72655367911779,2.34657008682669,1.76907497126128,1.60156201370708,1.15634703557723,1.25604492362688,0.613657061021033,1.35182186666523,1.12758895078966,1.01551959649621,0.606020060111297,1.9485065180583,1.75165591683067,2.08995302061949,1.05087457608979,1.55753077268672,0.472193365782239,1.74034009576667
-1.46919947008581,2.33917684049354,1.194988369012,1.84644707223429,1.19462887945416,1.50636135391029,1.47300669232325,1.36324993884587,1.41423752344587,1.96457884022924,1.3197635898222,1.98352846163337,1.64768876896307,0.654187273226328,1.2872487671181,2.12493497139634,1.44300016838008,1.74982376891565,1.21594853348774,1.38527130855538,2.30494025335189,1.07545000538121,1.68082792867058,1.12073528369422,1.71134199417086,1.58880118238595,1.03910417386652,1.20013157820427,1.2401839033662,1.58616566409333,1.52297913521467,1.75813146613666,1.85696084432726,1.70107564411458,1.58631110360219,1.29252034826241,1.42210106406611,1.24675066891184,1.67709542076157,1.95688833993349,0.864805269397175,2.05252635685096,1.25531862357655,1.25137778501158,0.81553069322861,1.45277358568384,1.68691092957987,1.75831889114079,0.981948948257563,1.42811809221754,1.73674568708694
2.48571374981076,1.28561736597553,1.31752575010911,2.01076649648365,2.03911657586019,1.7397612754483,1.5056332682219,1.1793379194758,2.41538096702054,1.67950685164426,1.59537996969916,1.61487122173433,1.42303604991691,1.68000739509215,1.66336677056537,1.21430895016178,1.08011405853851,0.977751426334301,1.93594788650856,1.65635228188481,1.89387026801451,1.30471049351057,1.29228943171953,1.35352194853354,1.47180526095177,1.94975496371923,1.37678936270336,1.31538970817841,2.12156397355705,1.95428158244564,1.40995192093118,0.992206601452177,0.759520130677183,1.51122409239131,1.10134417158352,2.01937263635719,1.94098171352773,1.61760384601506,2.25253379885516,1.70794311225409,1.39747232402595,1.28323511146778,2.27008794370031,1.58014802182021,1.50113115309142,1.16241570288433,1.6982513609823,2.43098477806591,1.67428086641499,1.12791880970545,1.60616797088066
4.50682421788109,1.97753788404156,1.62754515417478,1.80148107658165,1.1284062651065,1.15345824699695,1.88432307021552,1.87533539328591,2.05190215863716,1.61735761382862,1.83199471669366,1.99289931262104,1.81288410594001,1.47132075928251,2.20126042933209,1.42408825413693,1.17762276047857,1.67963576995573,1.40757434866041,0.875558822551061,2.24068146487739,2.18876247045934,1.60850816436686,1.27612703640076,1.55859877670422,2.00280772470983,1.10848739019239,1.14557821897788,2.07602129831957,0.894514743971555,1.17637538134563,1.56136508839193,1.41025776452826,2.07629487173671,1.28824984223434,1.53357268556739,1.88823252747269,1.76043433546577,1.69143435945645,1.31792799815647,1.2344780729324,1.78613968528415,1.65612721763149,1.44890621101204,1.77216076596728,1.63493230165768,2.05455417108233,1.68245092129972,1.68206453288499,1.03352354237215,1.42213919322151
-1.70866184568846,2.08042923707916,1.24831909880201,1.37644621036973,1.63704111014766,1.74127722863147,1.23338756800309,1.50797966484829,2.53360553641777,1.58755026704879,0.775384595765963,1.39492893717378,1.71363836735507,1.49976991081842,0.0680178103023494,1.04494150453432,1.18223180147405,1.12074005615742,1.57217453716612,2.63912404648081,1.30387096514327,1.60012437474581,1.91978228440633,2.19675982450167,1.52191225333431,1.4595047746075,1.40307059597659,2.38010838227779,1.6151057696757,1.62140587477725,1.2681726418192,1.69539130840449,1.4133556854217,1.77224593498607,1.27779951174562,1.20118467536526,2.23310073885523,1.05619195068122,1.92294160068825,1.57564133117896,1.50285303080047,1.56599101045369,1.92473722183052,1.91618802478385,1.81859735295983,1.56238523389029,1.93760712654045,1.60580358909753,0.811244794195076,0.456041496237207,0.87119394228171
3.30650084962239,1.20408343789456,0.798098902419442,1.86493731841178,1.79342869235057,1.38105268820626,1.23879507576341,1.35235319024603,2.02367306429206,0.917143907263046,1.2421697379457,1.89876717638834,2.09558942133056,1.41170272834765,1.66111385719513,2.4527158684632,0.843939773390882,1.65625851978471,2.13360314939608,1.67277486031157,2.01370121756592,2.17896403208788,1.65324610796469,1.54738957362825,1.49023932112636,1.4458342543414,1.68199700343144,1.49167562785975,1.0108415392916,0.810969829280292,1.35892750458596,0.987711854104419,1.51872286349593,1.64451578161419,1.09169195855596,0.586967016147316,1.95373847666378,1.39871665643816,1.57385714309633,0.671545197426483,1.40487506414545,0.107185897558138,1.36368546064587,1.59973018437131,1.15208618807534,1.63850193502283,1.66762446869008,1.84702497071572,1.54235349049097,2.19478285710725,1.90492574526182
3.77982834573234,1.91954243540512,1.89845719653841,0.841114202273726,1.82221601465624,1.5675458270138,0.841884625869232,1.60206341465438,1.47959913708627,1.43855236937956,1.12201096182363,2.17156264467686,1.03790028486939,1.54989660724959,0.931142687165043,1.34523652572588,1.47769396703611,1.43603387157929,2.02196685330491,1.31749118787075,1.75637264954596,1.22781397713509,1.41050169101423,1.84912763595485,1.36799493348678,1.86541854153318,2.18897375029467,1.40991107126534,2.18269166551118,1.72630500598734,1.04245844651526,1.71810808750341,1.46893220073467,1.03158070214136,1.25520220546428,1.86999077405024,1.34709466104328,2.44677268308393,0.990061747689683,2.08961231865889,1.82109491766582,2.24851452947034,2.06587522711065,0.957174528333648,1.41976345746035,2.11933637306482,1.13365384372232,1.93957796245468,1.39680332443304,1.85930056780797,1.51458106989688
2.24991238091283,1.83541185764333,2.18641162188794,1.85203328996959,1.20266427495523,1.81035257735794,1.95029074066383,1.18438686619137,1.39407104244441,1.26678562386345,1.92663520829796,1.42194146017629,1.50438296984462,1.79115524894549,1.8750144272015,2.02970625570775,1.84258481871284,1.06257960402752,1.6794550694657,1.68550785621557,1.22889242285846,1.73789935585021,1.3171058620579,1.96884119091639,1.65431040853768,2.06395037449243,1.75449376179467,1.93972080273467,1.41645384403242,1.6416739868629,1.64693683190607,1.40253624587561,1.9014754764404,2.18786832261924,1.50498749479487,0.905661023830893,1.51657346232586,1.71947439934448,1.63968741838382,1.75735401522476,1.95427703742893,0.961445545482306,1.64701900536507,1.38407143623298,0.907570572586905,1.36373116373826,2.28337791308833,1.50020743511673,1.53528532935193,1.81425633547848,1.95354331327436
1.83650399415445,1.36586100214239,1.99938688704599,1.97198656933338,1.09920691663987,2.16557844747435,1.63679406799991,0.953377615263009,1.66623851510935,2.33765430044229,1.85729806810715,1.3983382321384,1.65717337940413,1.89994396120163,1.4734247102809,1.55694614675592,1.50039939896272,1.68811466833139,0.899737816295917,1.68357347229378,1.97387176219901,1.5367456144578,2.09199347180016,2.88490670263414,2.4146760010316,2.078658448547,0.709549482106316,1.94033052190605,1.97390141184402,1.35847714020045,1.72411340571262,1.38042847178795,1.39495752043196,1.80162061358759,1.34426785418116,2.04126566245301,1.47353513134881,1.55907397266246,1.6557342556385,1.31612413506807,1.700284164208,1.9462275092823,1.98728528101458,1.18321527002556,1.04109698756401,1.37039436243009,1.70475444843939,1.62032310068837,1.33876090597552,0.940854501416699,1.38300440265524
3.91997270722846,1.68795112708364,1.100773857946,1.59879106047387,1.91474302881883,1.88086151682466,1.98966573163201,1.66153076389949,1.65011585983352,0.874305172981243,1.98169220034217,1.34273341966569,2.18306146534536,1.61324611831696,1.69893898756205,1.51865824234796,1.84384899763025,1.87135207859555,1.98062193647691,1.84866460799558,1.0777114655229,1.24251305341282,0.890199208811796,2.29514273335583,1.95073285561332,1.55608030545709,1.38158563094865,1.35696360976821,1.42572467476309,2.1791783282681,1.71378204852384,1.45949394968694,1.70089132580936,1.20128551421047,1.50921767327582,2.56109959249198,2.00333882416465,2.06905696504436,1.60912972150464,1.65790997977431,1.176703652164,1.75227092731781,2.46726051370079,1.25197677709761,1.61028425680997,0.863252130130732,0.750945689548003,1.88446986506538,1.24283566191502,1.46952397856534,1.5936272039953
4.59554061895359,2.05233883790149,1.46894264398176,1.62251696205569,0.960618013263286,0.771906125976687,1.6386966851048,1.30413199341366,0.724033433568426,1.59104657451593,1.76238704893148,1.33766870629359,1.33735174981448,1.69409666567737,1.36774472063689,1.2355951104125,2.11225010797392,2.04004553582176,1.02143629376444,1.7588313297123,1.01827215701503,0.850316865113825,0.616031320911509,1.4318913434803,2.11790227410154,1.41886996173492,1.45636295285128,2.22018934938604,1.67022400235876,1.67353136443571,1.1218406879518,1.45245283279299,0.469629995930336,2.5301041147299,1.69629757961016,1.6199641184693,1.75310967869404,1.33332195618016,1.98947936765613,2.25665577175729,2.25620921532393,1.74023108558184,1.53348968569246,1.38046257823668,1.40866100414526,1.9684469225544,1.33632783141691,1.70165239928517,1.33491438643399,1.91511743303147,1.36279433475406
4.89369388263601,2.39930857812586,1.51622881888397,1.90656129093974,1.10689931745027,2.05478477063063,1.2128994826883,1.1884082768523,1.27962357639698,1.39735375275343,1.55379712559397,1.61237980094864,1.44880468303972,1.29039552030161,1.37034492511424,1.45263309472877,2.32261431264684,1.13990477240339,1.86270661203076,0.957943614596889,1.18872313363604,1.82439689060628,2.14129025055683,1.78844943602133,1.92587997409548,1.68168147262926,1.23404906673365,1.71031630997019,1.78054807292808,1.66432281199258,0.702583910820673,1.71817400482827,1.27550393004218,1.38746584088784,1.84788416567682,2.17407993917994,1.97987475527392,0.128653555185606,2.23204603379208,1.59601310984938,0.894730807524559,0.765812856243721,1.6299160003895,1.47469595695003,1.69767695085514,2.14860529821588,1.52956849164186,1.07195771026399,1.07249701421873,2.0436501558252,1.53682606671438
8.61409015925108,1.03031265765705,1.04002014513511,2.00444602504587,2.13623369904951,1.31754621349511,1.79241875621744,1.23710868284885,1.50605642682182,1.37845770232236,1.67611804897558,2.37551117781863,1.51658178515277,1.46142587048837,1.92842498656318,2.00998826191925,2.0506809115765,2.00538045808512,1.5139256329642,2.51093465249334,1.5177891352312,1.33073961563441,0.987232130579338,2.32118558124317,1.1869696474993,1.76833511148082,1.22499432366702,0.727041050352844,1.46395325589094,1.34844586530937,1.24572184528015,1.4356874592751,2.03835660366216,2.16209303825756,1.85126128227185,1.42506130645592,2.04851922079725,2.5843871364514,1.91069854271439,1.34284550517038,1.12443801860663,1.31155978972199,0.595548888937699,2.38126429168938,2.25677470438097,1.59335753750239,1.25303508018007,1.15247585358229,1.79875073965121,1.55318089183342,1.52969506586953
7.55707466207759,1.00041168681969,1.58348416649557,1.57092664038127,2.16230785052907,0.893656880986404,1.89153487456938,1.65874875109783,0.668223976013155,1.27728169117304,1.80879366431646,1.70442763470112,1.3126687524225,1.50867085568448,1.84952172176207,1.34754236782895,2.17326378746619,2.02033656330782,1.68519952053556,2.36050322704931,1.25556778367943,1.32198780643398,1.66061380178117,1.6547351814036,1.43507745401789,1.04438919904265,1.27695338384923,1.47808634877237,1.97415614226463,2.01967309316771,1.67096614436377,1.41224584929252,1.68736641868304,1.36624184413349,1.28265519588646,1.34119915188667,1.90314611208329,1.9847926218475,1.87363609921724,1.31520750646617,2.00963081165117,2.09842359885451,1.78873726013231,1.73684801016959,2.23382555324752,1.2860724459106,1.56284624459331,1.65680643494856,1.43095855592438,1.65743139524964,1.54335922302871
2.00603355960086,1.57266636909295,1.87744719873438,1.0983755655905,1.15154758883603,1.40671634670223,1.35809418791148,1.34787635615825,1.4376669963623,1.10319759191275,1.51328985276561,0.727788565098667,1.37292013613235,1.55675841036617,1.12449888102486,0.949790161271985,0.756497148689769,2.0480176775736,1.31840274402865,0.747191664073057,1.69644337439659,1.7837207528357,1.66280416627377,0.523776198841187,1.54410149049767,1.45720715595954,1.65029303115555,1.7671066276879,1.01369243521348,1.46073861779495,0.532237100503356,1.28853943276423,1.73770834679602,1.81531293114655,1.43076430683736,1.30912387952437,1.90706502204662,1.57035679254097,1.25408363966823,1.14062210174772,1.42728070332288,1.37527294760318,1.77060660936048,1.43555737355061,1.01294583411473,1.82776061967224,1.97170802084884,0.952036979671754,2.04334489539879,2.30592027079076,1.70734867749091
-1.829543004624,1.79152872990797,1.34692195502214,2.08650183246702,1.65383010271504,2.38423893589517,1.3874563900376,1.73461474633133,1.91896695709641,1.62111869764364,1.81898472483046,1.49011695077796,1.6560851301306,1.43286042137467,1.5569509263619,0.60361856517861,1.85444675999324,1.26378147796964,1.97807932150873,1.30244349358126,1.26571318848726,1.28748769804844,1.79106267175623,1.31015075520321,1.83945285284221,1.50037104964039,1.60517688436935,1.61835525771654,1.97625473880466,2.50598878504696,0.869941475618295,1.84601879278216,1.443975030496,2.2060011865494,1.54695574928319,0.868777999833538,2.28316436657425,1.73155864745457,1.80007286323701,1.82978609925761,1.66507836704795,1.80600865588854,2.20567419445805,1.30137699820856,0.569670700334199,0.726637673617138,1.31237019143819,2.55380166590922,1.16534707075827,1.67973302212075,1.50740418536765
-2.14140763839472,1.72434317211028,0.895962349669277,1.29725931637994,1.12530750733858,0.632117643727825,1.53140424055343,0.898409790312357,1.01405587886624,1.46376860483983,1.49108645820695,1.53108043378181,1.70780224097058,1.12556786489026,1.88419603233413,1.78369783772683,1.73005148791912,1.56803269334283,1.01392649448325,2.30133019502441,1.63279097431007,1.8957842470191,1.7239883655241,1.13586779858903,0.827341679160716,2.3341098090736,1.83825714364626,1.57975168065644,1.55614163245252,1.66377671364935,1.677676084757,2.06269619381141,1.64418470099285,1.59773791900627,2.0248647927896,1.247302502387,1.80021539894222,1.66082206958428,1.53577160834563,2.0380139177209,1.7198351444744,1.29131872672106,2.89545259108343,1.5641795741324,2.34279745547549,1.7447690194804,1.71366506167969,0.235086363248794,1.94032175009311,1.96214038628817,1.91367746568144
0.945121954644839,0.652700120133938,1.42185040409388,1.71243554262567,1.79247200890512,1.46560636765595,1.68095308277387,0.906758306190217,1.07999775694828,1.17181704252043,1.53941684627946,1.44199029698241,1.92593704887229,1.36923450457032,1.71583922241414,2.20666053158325,1.39511828751109,1.6927693997453,1.15604283684194,1.35586737760765,1.60141583127579,0.822681081280711,2.15729057802207,1.67058023402304,0.732745320949672,1.48702216966561,2.00741836439783,1.89387951885894,0.904652994676556,1.31388729903493,1.90844950865916,2.1163990268862,1.33268119994747,1.72763991589778,1.47544661380999,1.64814017113962,2.07363342598399,1.53826677729695,1.45892083231265,1.5654391301264,1.61167391161521,2.10767632351721,1.70682103408525,0.985347573154808,0.98152692883322,2.55021503888122,1.70451624181361,1.53880226478243,1.53303306557437,1.89279612543826,1.63324503875767
4.88930129209509,2.27883429544161,1.87506986595383,1.45796844460943,1.31345005924472,1.01117554444557,1.26259677775571,1.46470937837815,1.93802248459001,1.96738374088453,1.62334335153444,1.44745554671516,1.30493856509461,1.48552612721239,1.84974788606481,1.46959803406228,1.8798312699821,1.0925385023744,1.33611559692151,1.84125258070788,2.32574787044357,1.43925682051562,1.58598006091372,2.00785797139653,0.972927409090283,1.51704925264518,2.06025791036965,0.896344892846257,1.5186521832644,2.16493613837984,1.20248452369852,0.896601888203728,0.845685653815422,1.2220761806546,1.96125830113655,1.7552683902012,1.71755944956073,1.51078398128215,2.57793175173225,2.27885346725107,1.85277074502367,1.92765943104941,1.97851008375494,1.59659873715033,0.925059423125629,0.861556659692581,1.74178637346695,1.66571947027455,1.61764866185535,1.66852273561406,1.49531740640308
1.88479967332537,1.26401927734816,2.03042185979989,2.13775082943581,1.7032336140949,1.33209452610521,1.81566086354466,1.85681081298303,2.12178303565687,1.63583011310246,1.77893976198142,1.11217377230514,1.61850361025237,1.8553842385907,1.35484849913989,2.19140893018026,1.11201024471797,1.74130483677986,1.839446213205,1.60274963794606,1.57731844333209,2.06589280166323,1.23242886048625,1.09863524035125,1.41767600331342,1.56232090422225,1.61911115809204,1.68378940070716,2.61130451445661,1.50233713620979,1.25552462496292,1.61471478189134,1.97523463903933,1.65483820321417,0.686252771703374,0.504210841306377,1.37752796434776,1.9902042256324,1.27171163635792,1.63700467071327,1.29400273132141,2.03149395569105,0.799587578181289,1.30745101878281,1.46350815810574,0.902551901753787,1.61020951574431,1.58267574875241,1.72028483560661,2.22614905108963,1.69860918918343
4.16772591863965,1.99179039127826,0.883114354399392,1.84112307520206,1.03440225766656,1.92336779236163,2.2735977448393,2.4820856656637,1.72380311242458,1.40824396589241,1.14200006028496,1.00074524084658,0.6023286534715,1.39053344017023,1.69499426018731,2.26801262026776,1.58826284849733,1.76838967741307,2.23757744099657,2.04992043869689,2.1367678514352,2.25998543379243,1.38216479335858,0.670297614812516,1.79809195741506,1.91429806970668,1.40967440771107,1.32430330332636,1.57796855547556,1.54224712369304,1.46866280673288,1.11244570548178,1.48409861847842,1.28581751751354,1.50805473366345,1.19415917267479,1.57569977327933,1.11724376224263,1.41113533469776,0.75580134534305,1.11422621868748,1.4032949389347,1.67359476184439,1.21716845836801,2.17664365846761,1.17004122280994,1.21318398917404,1.16204720183942,0.591719895954438,1.43929218771053,1.34998263840486
-2.86048637227642,1.4469019141156,1.31730148929076,2.0860451220054,0.481578607145817,1.38384786993131,2.13455856039548,1.75618866913364,1.50797312770981,2.07545094535704,1.89165748366896,2.23267778153482,2.04315215195608,2.08560419279197,1.14296571957847,1.0022065186538,1.35764717019431,1.09561220165083,1.76562543221806,1.59176603891954,1.07576957389086,1.74757491860353,1.8637799814219,1.34353147814688,1.52632556767673,1.79984538292583,1.32388749393132,1.69095206361975,1.26177660502596,1.38229372262035,2.2844654270532,1.04561507920268,1.19731944463712,1.7252361377306,2.20648143513346,1.05661879133309,1.26288758755724,1.53961604369116,2.18150951039412,1.98672360694415,0.973817600159064,2.02688668993752,1.43633864863344,2.41150989175741,0.155234939273693,1.62131130433097,1.09452027070258,1.60891646661523,2.22432573530754,1.36555114616216,1.38095894320779
3.8286073919407,1.62620810864181,0.740760382087008,1.85910061374739,1.11815499346594,1.9314136957388,2.19297995391794,1.29824570649599,2.22073799702335,2.07436121347317,1.45648196308975,1.52358875454551,1.56209532026996,0.904699649131501,1.35190757699779,1.88979808155118,2.36815564341507,1.669665259992,1.42526706652527,1.87552702576291,1.50292252431247,1.4402822818378,1.72548416442318,1.700229553457,1.30079628363171,1.19135402057063,1.80395412134977,1.47948107595936,1.43204168044937,2.22842726375259,1.59198773603498,1.62928193269303,1.48383602270443,1.54452987048337,1.71556496338292,1.77474205324553,1.37940273162335,1.46476844999788,1.36573106379765,1.89408948240346,1.3839183658065,1.22812614351182,2.30916031503417,1.05678109357276,0.646908709274901,2.29631955836868,1.03301141472445,0.809994620144465,2.18399773580694,1.53832850572658,1.1920717100613
-2.15833608240768,1.69858514948396,1.47052520189635,2.1192648372843,1.00276197213851,0.979444392946067,1.83007039196782,1.06420184248719,2.6281648466582,2.02277829181465,1.6231274156249,2.06247403076085,2.04012913310814,1.97257499108497,1.382076603599,1.5037780692848,1.23091856948552,1.1254139378983,0.939803236198989,1.27611632642701,1.87274048298982,1.28977207113489,1.84606836600679,1.92261626222044,1.9001335574895,1.50583771204161,1.39215313835974,1.76636249985977,1.56887434667051,0.812834857889214,2.16965985579394,2.01903793451136,1.65648679488016,1.62498260130186,1.49554866320959,1.30934428164854,1.9468191007439,1.53496025506039,1.67380291175788,1.36314031526471,1.48254227202349,1.97017685174426,1.99651512133386,1.74541769343487,1.15810887266891,0.623810618968397,0.578007939747638,1.56514119102557,1.019501044807,1.21262755868985,1.89205536795928
4.30864556302494,1.85293114893064,1.57212245650549,1.40674323405257,1.88907173742412,1.55992320998381,1.80033662556017,1.88289928013816,1.25000197991412,1.3640385754069,2.54812579503927,1.82542069937365,2.14241285384226,2.26615535922773,1.58766294533168,1.64920986257434,1.49547894639298,1.21973132177723,0.934622213960587,0.876825296965109,1.11126503698166,1.65902072732011,1.48905675940673,1.80206370812648,2.43179521576682,1.74505903120396,2.45605022857048,1.65886903089297,1.27243600854222,0.590447571542567,1.58292920720355,1.63080299496551,1.43326733265101,2.13382588554937,1.72418818450726,2.370485198072,1.66029874369512,0.984788785317362,1.32745776804082,1.98267726885409,1.40401928975881,1.00868436791935,1.84361139684657,1.98192953182784,1.82103833778922,1.70528359076594,2.26437400663978,1.23574393298788,0.947633585742181,1.45551653836444,2.12404203596712
4.52153229944029,2.12071972961841,1.46113994300495,1.86934027331085,1.90881865144294,1.24581655052322,2.05697422185945,0.46844988809917,1.31839555417579,1.40987890296373,1.99780601224786,1.41293320519143,2.19051235463477,2.2113527964421,1.78488537800271,1.98939350481814,1.47915365293793,1.92847066428191,1.3783592541511,1.09157489771055,2.57636846446694,1.83864507266143,1.28944751868308,1.44781422969404,1.57137749232697,2.06637421943393,1.39556691084146,1.70570173155435,1.10174144646484,2.14142668439913,1.18249041183521,1.27762209691069,2.25904023265033,1.66129131377092,1.99778886812202,1.34010524394288,1.88489476020435,1.92157158638848,1.27251562335906,1.92849702421503,1.13357569000551,1.17546873838093,1.69753346721943,1.2296542160777,1.26911307858103,1.92055505396876,1.65980635602595,1.11075526296908,1.53596084811577,1.27127692041576,1.54052516940208
8.08418461100963,1.39302462790866,2.11519066229746,1.80556563195306,1.307168309637,1.56013087992351,1.92393286327116,1.93416117356485,1.20201465169037,1.81636233514678,1.638106544948,0.848740392259959,2.19269020014756,1.90386612607146,1.9485951974569,2.09203016946763,1.63938851765321,1.34964499613784,1.86804295833999,2.05916352158162,2.23943972053594,0.96910965000368,0.954644800582793,2.24183452897453,1.71475047592136,1.92803788929032,1.26684729547668,2.0294684564226,2.06542431257475,1.55347990192097,2.14549226694631,1.97647188345195,1.09356609318673,1.6591481882661,0.183150649291272,2.05117339002153,1.40047011669224,1.36739755267736,1.66113092250067,1.32002223881264,1.56828936380781,1.23336785836178,2.26907415458654,2.03613839990795,1.93055455223124,1.07608982559353,1.50609154140219,1.84275910777598,1.34309916453627,1.63436125452481,1.7898120573208
-1.97373073335459,1.79725453025756,1.00590164489284,1.44673094153806,1.67412341460767,1.17897570270487,1.84795613528583,1.72790878432688,1.85208909337196,1.92911025447813,1.26798941347292,1.78212169004944,2.28481494379005,1.42927546615173,1.23204252882304,1.26142594721437,1.34366800285112,2.12552193474337,1.7516342655253,1.67506752155026,1.26882006614479,1.58236454767364,1.49040367633988,2.06980733121435,1.88741861817135,1.99377668999397,1.14485971210887,1.5267542673378,1.70328476767083,1.5203899126075,1.79106250889558,1.81262856871602,1.42600696668654,1.24706199206684,1.20860605342798,0.682333979246611,1.86793383434079,1.58337642963726,1.3518378562785,0.825743879458508,1.13140079350527,1.60624030104385,1.32642608876948,1.42641870102481,1.79871707223932,1.89306731787908,1.88044182580691,1.27367288355517,1.50062798988846,1.73450451883446,1.26389866599127
-1.63216757579097,2.20672336290814,0.97938369492221,1.76057754178026,1.84599502675094,1.89852483054347,2.07843705966485,1.54187348164822,0.917174616774275,2.29005630703246,1.32149551138027,1.53117603257669,1.16081332078958,1.42611521244806,1.37086058902356,1.86561060481221,1.63017719096304,1.6194790353666,1.75246710200102,1.9072700591848,2.316487716692,0.874059266531077,1.90678881469695,2.2608042742423,2.28093742768359,1.79708243840454,0.877814555191506,1.88862059297033,1.04586925517778,2.26191709856765,1.48879716374137,1.72980243014466,1.43221890084621,1.10836183209716,1.45814774187594,1.39726219388297,1.47329369596606,0.507777356467278,1.49008636445531,2.12339814074512,1.5118177835005,1.97092762801977,1.60387331137884,0.934370309619267,0.806493202326216,0.908452460068525,1.6509904782741,1.54114903846823,1.10673336677085,1.83804321403299,1.13938450853193
3.85869326119915,1.67512973439454,0.819396497150484,1.25951930668896,2.07024127714995,2.09914726017987,2.34430064398889,1.16195483294495,2.0969131115974,1.41237516605716,1.46535567570192,0.610109627759908,0.86830965936585,1.60944511333232,1.62467099802617,1.95222432197897,1.47885124332864,1.71989572773292,1.42891356749608,1.37551189944049,1.52411377203313,1.06581316074075,0.934733919943147,1.10587470952571,1.95729418316452,1.80250249978333,1.37276323443948,1.84384956637117,0.957045503612172,1.37577758440595,1.42210499711824,2.47595129936673,0.932259899267289,1.80075725993094,1.25844016743345,1.36404760275666,1.75542282503877,1.21723112302322,1.30105585604655,2.60477473744146,1.92682422747037,1.40995742303186,1.60501712618079,1.95826479282043,1.84169555573409,1.72501030674266,1.25290407350498,1.47904437250281,1.97253472402978,1.37956670586317,1.2701793848433
1.59777202506815,1.08956859495723,1.82454803316361,2.3610153728061,2.63904506298095,1.56840775250785,1.41475027640139,1.75043673221033,1.39052203524116,1.51728697186843,1.40702613967724,0.948895679200914,1.13893488936252,1.83500189070362,1.37877591346342,1.66074448110848,1.48639634058379,1.65141874234688,1.14001610386174,1.84980964534175,2.02868954029042,1.42315713121948,1.81571443189227,1.27210379944166,1.28228574609092,0.982104567291776,1.81626644851551,1.1569382412263,2.65828625911557,1.21012234026463,1.41315068772393,1.49352414687258,1.35910084660913,0.670249120567806,0.77749548403284,1.0854858609911,1.80284949689947,1.17058771350328,2.02327681727869,2.00172008149145,1.67528122716431,1.63219579520389,2.43925333693452,1.23960288265069,1.08563753283422,1.38445039121762,1.99239067569181,0.973775105748909,1.56024467088708,1.13517078634881,2.16637823655062
7.89062081624289,1.33406036321757,1.78356140933389,2.35809277781611,2.38516968503579,1.51201432164719,1.4039217048497,1.09050549491434,1.10920548546431,1.34468437394826,2.38076043261644,1.41529675313378,1.4104456824912,1.46102506479532,1.75516607774833,1.53968258548549,2.15354425720099,1.5593316571773,1.5413764921818,1.34730098158173,1.98907481952114,0.956910952372036,2.24008337342564,1.93562010297722,1.69317966296737,1.39514579828369,1.60908818790302,1.14446079638768,1.94872009004613,1.85185985076899,1.77231718173267,1.18527057716842,1.38975184386383,1.37670324413618,2.23310524208621,1.30448354002642,0.295087640558425,1.97462390265344,1.48741535781137,1.71492466443378,1.56541568331365,1.78882206082205,1.93817507893215,1.77311940332254,1.08737917181093,2.33764488469811,2.13066581344148,1.37989515719186,1.60560642500498,0.839660583540541,1.24188384414542
8.29501269858866,1.63020424305927,2.42699167518979,1.28491397539557,1.5072580158159,1.12599127435219,1.29367973561835,1.4885417836432,1.36597358589018,1.11908053384314,2.23759672745238,1.82236391726818,1.46111381762013,1.56132211250914,1.83336538865968,1.84035084069577,1.49439320603618,1.1128165927145,0.825205105302637,1.04968613899303,0.67682570519058,1.92202301094511,1.26163380904484,1.08840731189495,2.31201218464751,1.6607159420981,2.26907828041491,1.67601353644502,1.32307686490192,2.03546546500135,1.54196633066587,2.04301366731579,1.51691070050214,1.88983052130974,1.83797641655873,1.176859724504,1.0402889752474,1.5295242196899,1.22275618508993,1.60803086384247,1.28988321538028,0.326875736951729,1.27419240169388,1.67547485698413,0.541565596988521,1.55691841797998,1.22205106124177,2.14075847605767,0.880928381228859,0.800236210163004,1.05807589831647
1.69947810854933,1.1182459138327,1.48209902831747,1.87131145481676,1.61476514984174,1.52235264701394,1.89692015060219,1.54540639785569,1.87209771083275,1.45993868548603,1.52552294834804,1.17394564631769,2.83044010609472,1.2421857201726,1.05680575000537,1.45897368488335,1.72920698438487,2.06950424460111,0.639340596153226,2.17697073153415,1.81150738406167,2.00962801714701,1.18858002128756,1.08096262035439,1.84745393538623,2.06124637471288,1.16120844342564,1.30452780668836,1.51949564072948,1.57176405154959,1.70648841747866,2.38732465001146,1.14644874504159,1.64074017534726,1.8427664567692,1.85006065273106,2.24689688657761,1.96529955906045,1.60692434813147,1.78046532776374,1.42386407296639,2.36060221181242,1.38796187905392,0.86923606742992,1.12983246577778,1.83540833181745,1.04337861178943,1.24033611960041,1.61373921155484,2.38671420145648,1.49224578412452
7.77178733228576,1.05719077739089,2.01833963798367,1.14162628878946,1.46255404711555,0.619408559569756,2.3771150171558,1.70243839690124,1.18236612471512,1.14121932035675,1.95589627393503,2.03052064709231,1.96440699507557,1.87819840026075,2.51296372301522,1.7621571621512,1.59560098391849,1.08588635990675,1.55327394732204,1.56904216106381,2.31943338500928,1.61919800751814,1.17860506405547,1.32814939420282,1.74151072661188,1.56325366575243,1.51165859823776,0.906270249590956,1.30353865042594,1.71330732806233,1.06427429110438,1.32193601314323,1.2743420134387,1.88340314036012,1.61665300163676,1.71822985797243,2.23484211508476,2.23780648875305,1.77204702310516,1.56352797410906,2.1604540300333,1.61361849140374,1.2574925734657,1.0421998428589,1.68509634940834,1.2111715147591,1.53349938486651,2.72452937898018,1.49195598762156,2.06050659833664,1.69735369034233
1.73020088414524,1.22204926649072,2.0192256087511,1.98108590909889,1.19858876013879,2.09088372674686,1.17178072392095,1.58620885752976,1.73803176199485,1.52812502946307,1.08132126560151,2.22998792265594,2.16599632059909,1.87541295360218,1.19520346414389,2.23724283718132,1.76320024526547,2.36146212888004,1.9509497097707,1.72768103040152,1.57375771755107,1.35168450556332,2.18032277144419,1.37496629304037,1.3312122367696,1.61689508925622,0.561780323266905,1.46638452750274,1.703882894684,1.94169902923452,2.22512724702823,1.63825814531044,1.72656151291616,2.46087317425968,1.49949531906703,1.33151868817185,1.42981221048789,1.78352328273155,1.66548571083229,2.07033962798794,1.44631112260031,1.78645146521444,1.98402278150848,1.69005636583466,1.96743411863149,1.54777061794529,1.42087295212209,1.19752861470217,0.886141078161229,2.37306773449155,1.73707342961423
1.86955527488964,1.29778077840356,2.15217478939334,1.57947758981186,1.87981448425332,0.621436944268071,1.89231656811257,0.992803856725064,1.36691844069347,1.59441097106642,1.64730735791367,1.50468837132043,1.40877987674625,1.35354566062391,1.28697607016206,1.41662634895755,2.01924350867601,1.55137644630946,1.63292182215199,1.80177795630772,1.51173845084214,0.869076233540587,2.78124910520031,1.04519102224529,1.72451986844713,2.45072730442013,1.47767794801683,1.97334140741476,1.33973911430584,1.37839660755969,1.26933113558493,0.974534764417198,1.05995146114027,1.23728281111316,1.55018270165138,1.49231471803786,1.48965177461577,2.3249535465502,1.35099342978131,1.78184782094105,2.67298087854159,1.71364098478514,1.50571680021851,1.39597794817467,1.60391934827575,1.77061654755373,0.801860777670476,1.67674888677034,1.82971607995998,1.08829017499751,1.02598838078441
7.42633461215005,0.839876686597244,1.73106504572753,1.64082148976238,1.58246690330514,1.58135466693733,2.61899552877143,2.65519225251277,0.983995547496268,1.53277907955563,1.02655877726061,1.87582553983998,1.15586944281854,1.87111200691912,1.44725206308726,1.89978938415572,1.65721031758659,1.53585249775084,1.28233599850208,1.33719330072023,1.26764944398226,1.90566532508579,1.46277942975419,1.99183896940449,1.09246300827199,1.32892070770664,2.25255518078405,1.5225999268016,2.06178621352439,1.16274443556135,1.49633477258102,0.686753417986798,2.04561343840719,1.58412036554089,1.69131862948216,0.775254074959215,1.85794007425207,1.79610238751503,1.69352280844284,1.37649723499417,1.78558891655424,1.42710033552054,1.94041532105213,2.26078889537079,2.00595500097437,1.37484280426678,1.59682913668353,2.13110527461936,1.70167569582201,1.41319334337428,1.47477700540606
-2.78367254199838,1.47505710091805,1.35302546557342,1.26224243054703,1.21140284328907,1.52191620397217,0.962460466744629,2.01747531034181,2.18282586333234,1.05678041711913,1.19573864467527,2.16309748473271,2.03285591471077,1.89802690134504,1.49365489265758,1.38364477135806,2.12515283790887,1.62325268937628,1.23352089696561,2.15009847673885,0.936963385718566,1.7199020230745,2.08024500977357,1.25246482342104,1.40919734917602,1.97969130757723,1.47568415807452,1.32650979762194,1.72905242708661,1.95658933106197,1.08559286314629,2.09504050464462,1.92848093380439,2.09312060824592,0.79282617049525,1.72840880959058,2.04002166304766,2.02314185956327,0.941764729753474,1.91092105487723,1.60208685451461,1.63464041522098,1.56441318405037,1.30945284755949,1.55822575682756,1.74605576927348,1.63033825215632,1.61470824480005,1.48853412974366,2.6427256051114,1.481192153578
-1.94915275129687,1.89650963509591,0.943152286795274,1.56133756515727,1.26853086733126,1.17429003369163,1.16337345569435,1.43640837186497,1.42757783452514,1.38197868221949,2.45099507808074,1.01076797259002,1.19477338725223,1.00821886273922,2.07100267235673,2.06613464805251,1.51460151274098,1.39579921448936,1.28813615374504,1.56038109702804,1.40789965632351,2.01831885196862,1.99352267827495,1.39857066438888,1.08134576296849,1.81065055265854,1.34576932149682,1.95789020422615,1.34179464030872,1.89912185997587,2.11678609792713,1.1758652021769,0.940774764847584,1.33191173337017,2.02920528302437,0.760734919957893,1.52501017181558,1.90445209409461,1.72259451449133,1.13420780340046,1.80089240919289,1.06231155002404,1.63421581651792,1.55313883608844,2.21895776542997,1.84385848879936,1.66628076834196,2.17221726772959,1.14013368314085,1.51851809665546,1.77634582818291
-1.56206224944809,2.01345450253731,1.61577181494633,1.77571158780076,1.55584791185769,1.59608668686291,1.26146437208158,1.68905284074989,1.00071833867392,1.45217034140506,1.1158406575964,1.91985689951361,1.35199043293435,1.41555404694461,2.11898572746442,2.11604047749204,1.5743684035411,1.0852392422112,1.83311090833367,1.36606897453893,0.846426476501143,1.47489191604926,1.76024536747686,1.74416876268263,2.54363210587184,1.86658805670498,1.2519024589213,1.20128855557127,1.69054086740231,1.43352707436775,1.45286650956629,1.50817635608805,1.49627817954035,1.44986567266691,1.52401939927149,1.46830343940957,1.91304973298764,1.83051660095711,1.30961691604723,2.02594609209288,2.0470887630271,1.77527346029453,1.66003229658835,1.67602262907573,1.75844667411269,1.7559150819945,1.02915250030356,1.31887667317373,1.02845091256534,1.42787433681838,1.52441261182492
2.03417703652073,1.54945580080372,1.90132979416392,1.71115848913061,2.05606628620161,1.82909181647407,1.62525100992207,1.65861218894138,2.39045803464619,0.847297559436892,1.05079154811251,1.69316505363605,1.36070183878059,2.4555477971007,1.93735006107165,1.58529672377844,1.20478269782313,0.522921979915321,2.9290369661664,2.13856265678489,1.57037853155845,2.04691226697557,2.58552862658218,0.829871511023716,1.87556844729208,2.49383428098931,1.38845904267897,2.17114729188007,1.84656830845811,2.39494743723538,1.48890908739109,1.467671460642,1.4655408663678,1.01565490075677,1.73529382452711,2.10275286768324,2.17484815845617,1.76621531385795,2.47125082909808,2.09329591098762,1.67328010120534,2.48990072317813,1.06989911105792,1.49472211499859,1.21209740251298,1.1605787541067,1.44157233448348,1.13680363495835,2.05147344192313,2.68365948818982,1.80214671250194
1.10368573024488,0.566029729404574,1.79525113022864,1.73446242017885,1.82059033844444,1.87313798974223,1.08405203854166,1.90236027026707,1.34529184930208,1.71214542036199,1.72677375412429,1.32169340214101,1.54011762553133,0.964102998804715,1.61398206845685,1.43030349751723,1.19818826891634,1.52099683290295,1.16250781498865,1.48567767249946,1.77302953991432,1.57371560305071,1.59184709337591,1.72003103067407,0.382719548628982,1.48624045336456,1.23941227665994,1.3942314359836,1.39670961330576,1.41648006119265,1.49541398180211,1.50813660081171,1.72812448188218,0.891381844784747,1.80185566494007,1.50662766886544,0.848458778850581,1.64470144938826,1.79647255372266,1.3495412403609,1.26858521162239,1.49399098780752,1.18296826912451,1.08441851340431,1.95580829863244,1.78177270150656,1.96452416544335,1.87676852153825,1.5875499058996,2.41576405652435,2.18924762227824
8.02741827281663,1.33496617452579,1.63070088464624,0.913139314755467,1.71679270039189,2.07154080928542,1.97244772324487,1.79324196950166,1.46366386399025,1.98519311350606,1.31049578158892,1.97928009601988,1.85335889164153,0.907219452883512,1.77509441820844,0.811037502525463,0.777028472218447,1.20907364056018,2.12507962148438,1.71300746776051,1.6183529964712,1.76145654382732,1.61965883011726,1.51580683936292,1.70685760141535,0.849958078181949,1.02456316433753,1.53056251619514,2.24365677445981,1.08428929023116,1.47915696279538,1.55777107117065,1.46072035953107,1.50376771320129,1.04472271773091,1.53368555703944,1.55229980526316,0.857598434709907,0.951526901816781,0.761724394555937,1.05005819854269,1.26840521343134,1.39572699901046,1.51176397077256,1.96323155120995,1.46491352790798,1.8409241145347,1.54516335850786,1.77495436572991,1.28860210215615,1.67264932699127
1.9500106703761,1.18344204903473,1.31920096341052,1.18568805235488,0.725483636499861,1.47021611794698,1.92161282810015,1.29140998614675,1.92056986112818,1.80618754716396,1.76721493350806,1.59682293371447,1.91553112491549,1.88242397519677,1.8655893982115,2.5997299803544,1.09288789393704,1.54234745953985,1.01512009685918,1.35781861272266,1.27735043210763,1.34331899553484,1.58670368900115,1.94655677608612,1.34538303833713,2.60617974004272,1.56935588440009,1.84485005476156,1.7656209589047,1.87044374722254,1.41752368029232,0.834182876287992,1.62920965275503,2.55649731222152,1.50047371724097,1.47118158584468,1.0710813514635,2.18722026110735,1.20286078592259,2.18769683297499,1.87074381087844,2.41334585108532,1.53784507302077,2.29920807476993,1.89663549469917,1.26095564529157,1.83379160631246,1.65258061575561,1.92116038769227,0.806349467985025,1.00878305365638
8.98260170240034,1.63510252261775,1.68584560702725,1.33701696752736,1.00818240089554,1.67305019873727,1.4714363919989,1.69494226545554,2.26580323663824,1.98460826187634,0.919335069022748,1.04306950904476,1.28285802331813,1.48832094850386,1.72518088676163,1.92643289938542,1.37922254046818,1.34611923171109,1.74790106929069,1.97162223858472,0.985889841269094,1.61028868884678,1.51027978127225,1.71564039749055,2.01734566918229,1.60025408960992,1.39110467345257,1.5823020438125,2.38354964229065,1.46033333222126,0.821175435640388,1.42931163082773,1.99983494624234,1.62414594095947,0.812072692380604,1.62372454275691,1.86124566664795,1.9172299992218,1.05714813507084,2.0420690262298,0.565064499172165,1.36770999150461,1.3367027796854,1.1031608403497,1.14759899848991,0.530430115385824,1.3653271462354,1.99271414386457,1.82408029984855,2.04989461684143,1.29267916623504
7.79993416781604,1.09447738148781,1.36581215711934,1.46019393474138,2.3517042395132,1.32913223058853,1.20807030485378,2.02021100007476,2.16647553254939,1.17938402687415,0.876862156390888,1.39750937531994,1.62969581581217,1.61439324438812,1.75705862595116,0.995308262130697,1.54625341872816,1.32994163663822,0.849808177260042,1.57203249669693,1.3909267954136,1.30616892937093,1.72164963654484,1.22384452811573,1.66773611203157,1.71709032058095,1.53932257146642,1.31212998461117,1.4420856087057,1.49084999477217,1.83137941924143,1.2925048790219,1.38265038091873,1.38207373118735,1.05993766872263,1.41901078297452,1.39142010358316,1.88731267232351,1.94515528588479,0.745201461181243,1.75449809488009,1.35799663622091,2.1190183901969,2.05576845276218,1.29711694458512,1.578622453028,1.6553678700621,1.65089533718535,1.03721897805253,2.01240278525005,0.695827576496657
8.32343137705587,1.43445347404592,1.5720149136831,2.41438566146333,1.29275244120469,1.56444987086062,2.12856307366964,0.740164248088282,1.65385714825099,1.66603552266731,2.33538041202261,1.1798613548648,0.823524842351369,1.94287051067359,1.54954637360768,1.13549296895381,1.7368096610391,1.72424740949166,1.45691678539678,1.5583022395923,1.3924720563259,2.21575521867888,1.25930808123113,1.6745046569942,1.52887256561572,1.62527015628741,1.47457596391809,1.50162537082916,1.03991172389317,1.32920576425567,0.131835775464176,0.862015668035382,1.75073221940394,1.03372850252344,1.54750326026692,1.41923241177778,1.32939470009018,2.11854841995012,2.2998370820546,1.72180384601811,1.91042246299998,1.22470800905389,2.01132652731466,1.72716007114425,1.4318626011297,1.28243614396774,1.67901770773916,2.21576916192752,1.95985801456721,0.424640062484943,1.72820761772316
3.99707798713442,1.70746691894261,1.47859020655957,0.836670249239901,1.10771651189874,2.38612828352972,2.01538324549817,1.02751956572112,2.12422849837566,1.29155666943844,1.41137324939174,1.46087790413029,1.17571815164825,1.8081489574361,1.07536604930891,1.76927995929718,1.00668087424625,1.61019429191263,1.26673876923041,1.52219700330794,1.08878973003223,1.35685209045279,1.62469069437771,2.34507571782257,0.753516750256493,1.45247203635209,1.5514856125952,2.1721353689257,2.48526903039815,1.82058232901753,1.63257546839248,1.93496402931674,1.76825413099718,1.542924160139,1.74041613141485,1.48499827495744,0.539737788663981,1.34792804447063,1.462637211649,1.41141297879562,2.41595922648893,2.14316666088963,1.83085810046884,1.95465275964281,0.911182946110237,1.52441734246006,1.19259454221394,1.74073732535234,1.62814613564944,1.77062864615286,1.00701826773128
4.61881355491144,2.05786116072778,1.75663400019612,0.762322169010887,1.58552898207676,1.91887936255222,1.87414148851326,1.50374814171248,1.3096206219945,1.43081737524894,1.77312240526966,1.4927292395368,2.41740364054866,1.73700271732184,2.51748591271734,1.49707375471944,1.40335512035662,1.65480999103691,1.81332778087845,1.6316440858696,1.76080094143833,1.35412133991453,1.73056939763628,2.24524858942824,1.0549188773944,1.0763038552694,2.01578337054497,1.69153414297223,1.48149172223201,1.32368663466435,2.15802301470224,2.13861119218231,1.34305418420071,2.1292920469623,1.52370207805944,0.880893729455335,1.14111747548104,1.64587776097287,2.41537534623927,1.08121023552811,0.728426601074567,1.19264844076319,0.966946124071989,1.69709606649559,1.86925813561052,0.957268693689773,1.45270588068211,2.16737190505553,1.44982148311275,1.19160307486574,1.44443944925941
1.8275558219651,1.44733656668521,1.96349004766183,1.42118897071096,0.711234306502136,2.07554038146035,1.03765656492168,1.56206227902119,2.29432115415192,1.94387089275215,2.11027502035313,0.36524108181814,1.64787107204404,1.90252416733483,0.588677865273043,1.03470403431179,1.37976834702517,1.2859795615062,1.46357143069569,1.46037109741828,1.59594190376138,1.61027015578194,2.18124000618499,1.72570071782335,1.61949027690968,1.63504496355375,1.41085977117707,0.753528809598389,2.06107214273719,1.85424202884809,1.31175328678696,1.59667829018043,1.29392572191529,1.42978645426513,1.61136788651277,0.855298746870395,1.26139857380342,1.31022020641882,1.69998828672887,2.59448417896792,1.77934954200921,1.33914171993102,1.27801756004089,1.38058615555712,1.85042939790204,1.82301143868817,1.11021175472242,1.65400266937907,1.99199809994242,1.82482074627864,1.45611122678543
4.42341761842453,1.90065216321795,1.57208558753842,1.2978484372221,1.81169178122573,2.24570752987991,1.67147508627364,1.76856352987696,1.12784262997863,1.4621145262908,1.71405542790582,2.03894487119061,1.99598607686595,1.7499050774362,0.981594913974742,1.67448064881242,1.78455773319809,1.54292910957393,2.00623868303247,1.47664200658293,1.93489582254183,1.91104636013882,1.48903149950262,2.18230448588322,1.91762758854516,2.42141706407873,1.75698340134021,1.00511805252793,1.02652491677396,1.61257430348651,2.1338395342128,0.995850546284214,2.02642403256788,1.60089759140305,2.3581609498652,1.86015194812764,1.89545783331689,1.34691255660752,1.69195658992759,1.33958114475551,1.38585323209485,1.7697613162361,1.29858069042399,1.32063721445966,1.95300612205494,1.61164410105534,1.54028223451396,2.64771538418255,1.50870723240434,1.02540476554183,1.66734329476624
8.202140572994,1.49796206805777,1.76864402554559,1.64704569024043,1.59557571660429,1.98221846851314,1.80013682447399,1.65690463399332,2.03516091050988,1.89267815545832,1.26881358197357,1.9674278202039,1.76650525853236,0.743852420303397,1.54350322692075,1.27320918423689,1.40881110252998,1.97787095575657,1.26481099027115,1.59151912971626,1.87542389424846,1.07588958331465,1.78933945372806,1.77131938331048,2.05441046380359,2.05649844838579,1.48360819720362,1.97659168135617,1.35275688557255,2.19393388429513,0.686845211733526,2.27308088215917,1.8912520319577,1.19697787998665,1.44891850550304,2.21641471152035,1.37038187180971,1.56612717320178,1.3761152634969,1.90397299679088,1.80288933881036,1.70798762269904,1.57022182272487,1.27260514203186,1.50573378486321,1.36785282288139,0.95416137826394,1.17031571737289,1.46581915748299,1.46410109253929,2.30066160288119
8.06420911299704,1.33940778272575,1.51238101655144,1.76417664171247,2.14609585122546,1.44063481744526,1.8268218631556,1.92960136002168,0.963425334507234,1.93260022431055,0.609064125882641,1.1070081749362,1.30543911572607,1.87787154201053,1.11925538520184,2.17079814693264,1.28948302961622,0.813626744988688,1.68595628179735,1.6138240608543,1.45852427867296,1.26780497754494,1.70456448377587,1.41496011414834,1.58120907087728,1.1235727038741,2.20551419675866,1.97979067998178,1.77627488090813,2.34875323278198,1.24568723489426,1.55104399281919,0.969587856712346,1.14751257984839,0.933078097525112,1.76499498450442,0.907495652210542,1.39199104061612,1.12729392240872,1.37015475652362,1.44179050371256,1.64202975917535,2.52864125664043,1.71556922508054,0.589407914769381,1.76450847215352,1.73523592813827,1.30190705358066,1.70454548242463,1.33123864044169,1.99482358094973
-1.5832716028863,2.2089364273579,1.32015485024262,1.89268143318556,2.04120991365446,1.16983054839781,1.65293990966332,2.01492512821512,1.73340639297204,1.33763376575913,1.91820940275517,2.37129460667538,1.04655051763891,1.86354511235312,1.4642245925426,1.93136589132224,2.40389429718162,1.48388458672125,1.75652563612431,1.4693083597392,1.91394774596439,1.00752746334771,1.15136355319426,1.42548353830731,1.28539934392029,1.75101249618401,1.82904223733673,1.2121360856626,1.1888132845196,1.43534504857456,1.75600428569634,1.50760273907044,1.74829872309623,1.8532140579232,1.12780747042333,2.02994350553274,1.78488187084389,2.27448404382111,1.85371603939861,1.10453803798019,1.89037405665612,2.27938188474731,1.72572746783289,1.57324363492498,1.96003564281405,1.07909702438624,1.95578326264667,1.896108551185,0.88395474542524,1.14301187245395,1.8481499315839
8.7920610831587,1.62478774567147,1.703077803758,1.66569558460698,1.5609550293235,1.82465859107688,1.18815255172993,1.64722828216958,1.32335510231382,1.93364959573585,1.47770367758844,2.22226086920677,1.47360301552194,2.21622341451481,1.60213004066063,1.95425187452668,1.99159053422051,1.57745484368114,2.01242413695552,1.32028861085227,2.04019538129092,1.13845141729926,1.81896688829331,1.6323887727031,1.41353445980517,1.41011066908023,1.64537711008109,1.09957828356812,1.59779643151668,1.90277831820326,1.58262080726901,1.32829412205148,0.86223125483052,1.7178306850448,1.92758468669958,2.37110284550943,1.96997099737751,1.14929552262984,1.85519134756773,1.54751333453532,1.7009315255753,1.38369690700634,1.71332498262812,1.58013018877396,1.42751798005489,0.913113786046749,1.48224806251393,0.632699577032859,1.42040401809439,1.52449424824874,1.95278978625332
-2.32695981037712,1.73841147461566,0.699170864138927,2.01874518096222,1.08654738099352,1.42472642488811,1.73718873754189,1.24045649496723,1.69625578762833,1.17912802914302,2.2296131543105,1.67421524860509,1.28910732859338,1.25872668219376,1.95936135319531,1.23880175885156,1.16608066378514,1.51861019271869,1.40414765736819,1.00176027888718,1.93548241357682,1.42919394390981,2.37782547997035,1.62614218888928,1.898279647549,1.14896931306518,1.46577948883597,1.42801199398742,1.87067418778719,1.2123693572747,0.835610280101755,2.32927645301242,1.95586616251187,0.935567961708098,1.49303060020558,0.48841606060009,1.31321412131417,1.29337447564691,1.42407432933615,1.8282437752325,0.405942491163737,1.24447653791613,1.52052865596273,1.16257230376126,1.12973602864172,1.42791377603158,1.53723707534259,1.99946881554177,1.77767954986466,1.47502917783102,1.68472768971495
1.5735545065505,0.920440379510651,2.29288671861887,1.34190931810195,1.48978939185006,1.88859567180439,1.66912565139714,1.20764515325381,1.81721011563353,1.20212221718458,2.21268288638899,1.36813588680402,0.939955206792768,1.1009613075206,1.44858030515425,1.07634841105537,1.70704371652407,0.681016510944316,0.814103585263293,1.77409376817468,1.69463976721294,1.9093757947409,2.1037153947583,1.47695034699222,1.55370121910109,2.08499618882452,1.46761211113835,1.16070075006984,2.06914186352522,1.64389148527141,2.20807537249742,2.03239979248179,1.87331814701072,1.54479148716032,1.72732614573875,0.941903813255622,1.93129395763768,1.80291564808123,1.46576001636046,1.87237609254294,1.64972846395685,1.60026100910075,0.96810020327658,1.78038295863779,1.6715373641023,2.09509575999584,1.65556383269862,1.44317645566596,2.34834702321464,1.70790741718768,2.08434021116081
3.14985939636876,1.79432163329389,1.82887738381642,1.7998449008661,0.423904093487477,1.31103174348205,1.58859668149647,1.20273245785478,0.377725689161601,1.45331036286046,1.92761569730433,1.42460389778138,0.926513470418094,1.59890392929276,1.35575662377966,1.64996509827362,1.69048825289853,1.69346997177967,1.29393178098125,1.29694122479153,1.84678544954869,0.632369236969962,1.33031231987203,0.807302284004823,0.377528914747296,1.20582061062315,0.947388479259878,1.63592669915018,1.11234767386235,0.414419310690712,1.73847559736182,1.22461936091129,2.30464583824417,1.44943401135187,1.54786502721121,1.60126296991635,1.86941292093987,1.91985682619458,1.02035616078608,0.81812035259213,1.91031250147865,2.19608504430594,1.93187101241192,1.78356850576216,1.36084028613513,1.27046525139909,2.22842767187876,2.03014209498951,1.26264811989272,1.12503667482751,1.47531835238769
7.42045925750574,0.858224506553066,1.5719400768705,1.89846148361554,1.96070972997249,1.92700045573432,1.24022884649408,2.38799723555963,0.985131892308243,2.19071209476876,1.39593546839044,1.25340322951018,2.28587274079432,0.619362085847416,1.56297756007815,1.57050405956289,2.34533929845133,1.72093066707965,1.54325106232674,2.25783238786757,1.91624530938498,1.58325727083675,1.43686588098773,1.85929212104456,1.41849569057348,1.84342116027772,1.39083791556699,1.74429438963454,1.12838231990769,1.25248291055639,1.14434004429391,1.65338561660493,2.61229262659825,1.38628695979492,0.875429280532147,1.55614104022508,1.03045419259099,1.83656939932205,1.64594722794238,1.02162446748522,1.78942938834663,1.81836676104478,1.8039559071603,1.86523654976663,1.43402254777904,1.77800700541406,1.41283499059251,1.58986091381967,0.616758915424098,1.98604392705771,1.15396535315953
8.61139093250625,0.790780289158242,0.734697606311852,1.64465820017136,1.47795351553084,0.559435569123523,1.33869908637163,1.59455838741366,1.11061610197179,1.40695670713727,2.25608383705793,1.88702822226022,2.48837339457443,1.15119174613086,1.442408539888,2.11466875300154,1.17611431327552,1.2839041045395,1.76952340983793,0.513296968392321,1.26863002392137,2.07237828756736,1.93686443956623,1.28126702453653,1.34383454754902,1.23174250481889,1.52513847248676,1.75129671278799,1.13551263394421,1.26173911986757,1.86453941143699,2.13695371133446,1.73661478539825,2.44767691533727,1.60289693413037,1.54493400145424,0.898247593234423,1.97517337174776,1.68349820312243,1.82651409680158,1.38255934448043,1.78387212496607,1.6422946444932,1.48875225652805,1.77384945571808,1.94050732066992,2.22173275951854,1.89330505698349,2.18006330739291,1.24509622304097,1.68858935818716
7.77430536015131,1.11427305039178,1.97066950006446,1.52418554751819,1.84031318559728,2.02773772882548,2.05515553097133,1.55319107820371,1.40976280180946,1.31922094079105,1.47471494106326,1.42098710335389,1.29257900001377,1.17115246313973,1.76290668038491,1.65757866082435,1.5881989204198,0.842692137577525,2.32284308444753,1.71234669941346,1.33342437581569,1.49318788894054,1.38993823384083,1.96751846329433,1.35138565347904,1.86943247015034,0.799394293315905,1.18272458713556,2.18226659091984,1.67220510222788,1.7601283555555,1.8543241912492,1.85360553064327,1.68716860240832,1.29105621813034,2.26474971158169,1.96930997457438,1.08796417411039,3.34813288775338,1.03394311064345,1.35022816871019,1.71879984208131,1.93947040464564,1.92634390452132,2.52505560534796,1.53968628235555,1.81960837103478,1.79756050075236,1.28555617808811,1.67380896205852,1.31954795802068
2.76648539907245,1.94977118283364,2.11880982352188,1.67085593400325,1.80052384270629,1.4579061743956,1.49865374011801,1.78098047396599,0.450760637267777,2.08214987459927,1.9531603104928,1.3055430298318,1.94350799427509,1.78566421185248,2.3975134687987,2.13502537614001,1.37277526329683,1.89575751854138,1.23147481484208,0.74568025692609,1.83430254688343,1.71269784118077,1.34830165859907,2.04875041652254,1.21081751502656,1.78730151948929,1.41982678795136,1.79299815828203,1.20762192129551,2.59015819827049,1.48639712654126,1.36700225976875,1.00018260145625,1.69729657147803,1.60089883020474,1.40969123975679,1.44790895314108,1.39489867459922,1.44875765287726,2.23302701246731,1.69533326825307,1.26410849916521,1.09173658503616,2.1443662615273,1.32520813201678,2.20414306614666,0.574105934534596,2.01804814638765,1.72098141405417,1.0831820509308,0.971644756024897
-2.5729755221975,1.42207812121552,1.09329377049914,2.19927661044552,1.70429077599999,1.913252419878,1.18305633884418,1.65463978232407,1.30289335439407,1.60541283498584,1.73489254422267,1.34984442998073,1.92589527082996,1.30492962768489,1.2722368011384,1.62795882327921,1.01324740019597,1.28554678855363,1.51982402314197,0.994074192694241,1.76574527033464,1.65385971957551,1.18166025124269,1.42228040616165,1.67941053710253,0.480729196174294,1.83646602494187,1.42934082608533,1.58638716971845,0.819456029824254,1.04519477936075,1.85375842104724,2.02631206733074,2.39005024348857,1.5719045861254,1.97299323255209,0.875216850574949,1.43069599632957,1.09890130209259,1.82175699620395,1.15221092845551,1.80746241275596,2.08426241405006,1.65494885740704,1.8677205781727,3.26361441378358,1.49677474368926,2.18993157977074,1.63191662882597,1.30109408480902,1.25527800591615
-2.38540867951682,1.64336775761699,1.50827335288408,1.12366889424041,1.74425290766662,1.25523935512138,1.5366086713248,1.78987633343346,1.60961317285058,1.75236647624095,2.16092314233866,1.19061556558691,1.84859762765306,2.37432902555726,1.26063183349059,1.5315327378114,2.19686377461539,1.37379921260587,1.31887220242342,1.55368515650717,2.14327138318676,2.34077126280531,1.93065897053787,1.49488630235342,1.51884137825954,2.28296669850259,2.11598531662417,1.13788233039988,1.17943321672007,1.07319923695421,1.29506895989067,1.13980364221069,1.25928270544578,1.9224290644913,1.83194237470214,2.23759537676,1.13328713108728,1.6525350117731,1.75629833501385,2.07821722104778,1.89838171894703,1.18374036886015,1.21166416377148,1.79154902948574,1.17865377575,1.95641974028797,1.86001835697278,1.21252771727949,2.34255186094093,1.50373669236887,1.93041721467483
8.07713509244285,1.44736199934747,1.74411685213979,2.42719306313019,1.86427907379015,1.61046434176756,1.90785524257846,1.71506859852175,1.66510647981828,1.34748714038033,0.65520810536297,0.748348948556773,1.92103079062095,1.67531709348885,1.22580138346024,2.51438282506575,1.46826780260708,1.21478425397946,1.10664779532504,1.97259690874169,2.51549324394099,1.75835901205904,2.22260318707701,2.18972213850524,1.9100324060402,1.74631464173965,2.16820533063945,1.16859474077614,3.00572208068033,1.56177437011929,1.78405446209682,1.63786818720621,1.09599815573959,1.53912366299558,1.3966465085307,1.27798202809421,1.82227758120722,1.43058459211783,0.820542727905818,1.8844668320752,1.2110001207422,1.16049026485422,1.79261837629353,1.12321706798705,1.17853390227232,1.83170918303085,2.1285942716769,1.58941277999854,1.51987828194576,0.914988297579089,1.03614886449221
3.9753878937436,1.66324461209163,1.41617361102433,1.11726201199235,1.82032962434719,2.21371801458076,1.9886357769156,1.85988460790321,2.53987327896088,1.3955857907738,1.55449186651512,1.27329476314008,1.65419003632077,0.515748850385993,1.81181958924544,2.17675229342845,2.37001694501486,1.2419615212811,0.804981678188876,1.59908134508039,1.96802581674482,1.48006968851819,1.59571884107184,1.11530232601304,1.14440835043524,1.99376872536156,1.56251103874164,1.33209768870746,1.81002933432529,2.02908606047948,1.58953262057621,1.53425230882568,1.90575730995427,1.80710225810396,1.06522180414945,2.23050138858757,2.38229676166214,0.604759185756569,2.31104172720834,1.04117140626472,1.23859108694331,1.72191317925849,1.86028596958943,1.96994591459185,1.37349711275569,1.65671990399017,1.52567118024443,1.86737219836843,2.29697093945701,1.20483025437259,1.45739542137257
9.22571956277257,1.29636417485639,1.20047510046346,2.12982520086512,1.50911866358745,0.246503869477739,1.69260619112411,1.57649445057182,1.93662223470261,0.718511212786812,1.5913079652532,1.58682222549992,0.780316736880603,1.85282655382375,1.95794072606058,1.51440280426302,1.670797980583,1.35162460246124,1.99733959210266,1.34660047095164,1.57362777362071,1.4191096576403,0.890136233114869,1.16937016622358,1.82306852301818,1.42460754267341,1.50930892313243,2.06583818421134,1.98690848676354,0.933178115386183,1.16468187666054,0.901671902204589,1.6801306058647,1.18979178448182,2.36736363455518,1.44556940837881,1.00071395424363,1.79014931209998,1.66673903274341,1.63044591420199,2.09039696224936,0.587693905132251,1.93134072335082,1.62909879712138,0.934981856773294,1.10970945226846,0.709155254195493,1.52454489933295,1.08019983193563,2.38701504923599,1.31833207539582
1.69871573234592,1.20390375492762,1.67020435625406,1.08836052986641,2.11504590447197,2.12957185790825,1.42455106212171,1.68337972736382,0.8055836312805,2.20115856339222,1.8677408537386,1.07083036482968,1.56426229746056,1.46438347677163,1.60866049527394,1.498097227632,1.03938365470097,1.68404981597573,0.597761686348513,1.54726470295263,1.53838140297528,2.00107223786407,1.50939355472614,1.71481054661164,1.18842817509715,1.51556737829944,0.87448134472821,1.12850036468095,1.03307581145647,2.10125646327568,1.53362513546822,1.10631350005759,2.64572703906013,1.48812967213557,1.01168326322725,1.50822834403551,1.25930871172297,1.82361338539572,1.38504978766069,1.94814274766417,1.59274244810677,1.72790314039322,1.59138949416846,1.76894750660983,1.9357185557733,1.57092088056977,1.48644385961496,1.39963809475553,1.89568564045787,1.79764786594593,1.45822012824481
-2.86142677055995,1.33728431354663,1.1842018561328,1.74126135580375,1.58817496323678,1.63580145985364,2.13813188648458,1.16035377927768,2.00742684595511,1.79796789433368,2.22973250425628,2.06806964067131,1.24711712932291,1.81212704268628,1.74919705119895,1.46860448595182,1.65167386635722,2.13033792994194,1.92305524958429,2.11408552329557,0.878334618964845,1.53979530558267,2.07701302191498,1.70503282229038,1.85041940052935,1.98414945387657,1.80987774757319,1.72068045017269,1.63494859224071,1.6007894065106,1.58174924565519,2.06142341272212,1.52250486715775,1.82462361580378,2.39067445498609,2.50042385823021,2.69839120567814,1.39126623735427,1.8836936164031,1.72286068106761,1.77612437722584,0.679936226162994,1.78793021412994,2.39714580274923,1.51420188720606,1.56241143712302,1.70229139029749,0.384475886859911,1.97657607448248,1.19896216978389,1.37535599469873
4.3037413419993,1.80988768974824,1.35858027335959,1.59049101284296,1.27444532735816,1.70619731864693,0.950679237976525,2.11234737515379,2.65668671547443,1.43499362209601,1.57065849129136,2.02667690844199,0.75029455500732,1.19334398187526,2.1176902269919,1.54701935672577,2.01451226667147,1.20462823399163,0.532837895709435,1.72960945982748,2.02097073208459,0.941954620424238,1.73643693023278,1.55717012155795,0.89626331033396,1.21702012763282,1.70639406020785,1.2727011817107,1.21834253377217,0.601476898174523,1.73614994102798,1.41625676475108,0.984275924471037,1.48125100055427,1.96249787020014,1.81952315607152,1.1507039589217,1.55366546402528,0.95873190473693,1.58798415851922,1.46210630951011,1.90043230224787,1.72677349701852,1.87989257050403,1.93976980698692,1.75245924080186,1.06223493643947,2.60271614972383,1.23444573311714,1.62888185705767,0.876140775473458
4.52649858887261,1.98235743416991,1.48737923219615,1.71181993485261,1.38128319663037,1.7405534685916,0.757428627849834,1.69627397418916,0.649112150108081,1.14730456755191,1.35522599804348,1.513773029903,0.940025499542437,2.28504308028799,1.50891003663395,2.01341811219879,1.6594414676292,1.48512644243408,1.3595491310091,2.12345439670485,1.48927783699822,1.97955424282899,1.71298465282178,1.20746587095469,1.6344384817823,1.35851025876579,1.7979874104693,2.08999730032572,1.13069540469606,1.08194514853481,1.50747117641828,1.58273028514536,1.00550624924061,1.6982769401061,1.9801417486912,0.976213233806499,1.26885601003456,2.4277213019074,1.40450339439087,2.14806185660926,2.02036963100684,1.69210151436624,1.73290653370244,1.65858075764775,2.36142851719832,1.46477530907561,2.43491972308871,1.49841410771487,1.5453640193627,1.19618078521485,1.58851330500295
-1.69640165175624,2.04198864306204,1.30944637811974,1.56273121775044,1.81204056686313,1.14111746448641,1.08259549829238,1.93384956729482,1.49267503393994,2.44328444431631,0.690949518268579,2.66194356308521,1.66518707870423,0.980117722044853,1.26875817567915,1.39148002744735,1.38465147231443,2.01393504822735,1.33957713007062,1.13935884027105,2.10932143946134,1.66221838905655,1.51533101485488,1.49992054918086,1.00969990591742,1.78259480520233,1.49360824726309,1.26030303425688,1.69348911348692,0.9935614918794,0.923266926930534,1.47599570303043,1.39116770313159,1.92564673363482,1.83808456826765,1.01108656924791,1.77410519060596,1.42471981267714,1.95592827448523,1.15664977504662,1.79349946406339,1.5813970574238,1.51108825240259,1.48616569577001,2.07807645016727,0.96841719540566,1.94766254843786,1.55960012787614,2.32662096431867,1.52180075792734,2.15360436727541
8.26243624927794,1.5524167793133,1.75767862853468,1.84415904268594,1.47483702641995,1.0029949167344,1.96453369611345,1.61329956230931,2.01242796928887,0.600202136631436,1.69217686847257,1.35261151023279,1.25426875400856,1.67064051867013,1.52109946057726,1.64538247025564,1.18732411694098,1.20384817710417,2.04890322647519,1.26556888989403,2.43684874648501,1.67467632875738,2.4931076855628,1.54269028851543,1.68542462230609,1.86623182080718,1.71658856773298,1.72904154306212,1.68939905400728,1.16323314710353,1.38214797894819,2.00887475509385,1.31405126051612,2.18700942796638,1.62166864742486,2.10227659501369,2.10730826222004,1.0396094889879,1.90561916935433,2.07004637248797,1.76437830953817,1.5946017156697,1.98069066781169,1.72136568764841,2.02330975697698,1.17099752709142,1.58512850817961,2.32473593948522,1.4738534871617,1.94707920456262,0.949910076021389
8.34631237379851,1.63785911358786,1.86595203641478,1.27616298151224,1.82549532728554,2.33102807541995,2.03034206199407,1.35430464219792,1.49208566095547,1.485343942146,1.13196133333441,1.61092407433149,0.780159502035248,1.65473829036059,1.19356818129641,1.73336084896895,1.89910230407908,1.91382292564941,1.70143331837179,1.88363494184236,1.27654399197252,0.793034196983375,1.6891937707258,2.36338627436696,1.17758011988931,1.72572116940829,1.17267156995955,1.15074256628195,1.27046160786318,2.1954681997494,2.02487455653931,1.48687778356937,1.57847669712502,1.97242391347818,1.68416069991206,2.08917699160223,2.33866550716799,1.50851646828919,1.62274571201797,1.69733844238455,1.58500493428079,1.79580815406045,1.95558018218977,1.74589578414181,2.20827174964275,1.58745514507413,1.94539022557814,1.3151017117428,2.04519526475951,1.53087661941913,1.66450026430391
2.71624710451095,1.50773342297618,1.5420929460033,0.83553541537808,2.57461614962252,1.55004470657479,1.40484714534076,1.35839072777767,1.38844862630858,1.44548363469171,1.68031893553073,1.60073022591955,1.93399454846392,1.37584568203194,2.06396866264212,1.90600033844409,0.792961889370958,1.64461869698724,1.2881952414874,2.47151927599601,1.76310440362505,1.84175491956608,2.5454742688685,1.73104389748928,0.733215313496891,0.554308190740848,1.98407332603261,0.946158046980644,1.45435176800039,1.82355239855379,1.64153217076039,1.19469994672429,1.91049082274266,1.55338375553442,1.84449504721884,1.43064088289216,1.10523213489875,1.00668666995672,1.31501529027174,1.0696395858541,1.96851914885716,1.93617923884651,1.712046500332,1.32386562942826,1.51620378855103,1.8430333412177,1.07786078752001,1.47741605016153,1.5535276242212,1.69744729961349,1.90963449235092
-1.65454093729283,1.9091755144095,1.17515279654656,1.24721694355016,2.22835783909648,2.50826498013489,1.45325527977388,1.38002578319249,2.36755483151523,1.64587766347745,0.933867708937796,1.54287266861842,1.8291915087248,2.18810529901262,2.39032118297618,1.91857364581279,2.45195073160581,1.25255229636759,1.68362609376262,1.59094552164095,1.392671760911,1.54161383443686,1.82684608771188,1.54644272225202,2.33449473758987,1.92352347628521,1.39830438126644,1.91938963006658,1.91239578075581,1.50632652864324,2.02994899204748,1.9726496860054,1.47067591053268,1.78503844610872,1.42034064606289,2.19359359434659,1.82943835491297,1.52432699378983,0.863554481824864,1.66750314256561,1.87183299009719,1.47732404639052,1.29868100443501,0.697794257741399,1.807693127422,1.68992012968479,1.8340801738316,1.77381568304931,1.49181299907354,0.768476583571552,1.45021257340617
3.80675947798319,1.97875516414036,1.96640639815822,1.61375488334854,1.35690631483158,1.35067062402167,1.29954598139199,1.48987055787898,1.34215633679856,2.2025740383448,0.670729495209036,2.1526638130782,2.30806140633419,2.27937460212085,2.22071724883401,1.79634358480534,1.47881101004492,1.43029929251871,1.02859626789061,1.44980202278005,1.02340008893521,0.933081859853668,1.17873067174967,1.01756572298304,1.18610123771282,1.8446898395923,1.81800957671877,1.40008389309321,1.88828337881443,0.99851785254432,1.54780262559541,1.49534577175172,2.02220343417858,1.39077693266521,2.49724291811487,1.66898762498138,1.95497454823416,1.77771653079295,2.15925616839582,1.37297182166421,1.06120227946754,1.38650990655494,1.87636007499617,2.13142191041894,1.3561968712816,1.54811280479983,1.62506587297447,1.35062103281478,1.19541269878172,1.35788621781087,1.55585598925199
2.31373283196637,1.74710610674111,1.97973970787342,1.82696009219636,1.79668287114074,1.08392350440366,1.66226770543756,1.98829175058943,1.83147586551224,2.15739764487859,1.47001462986875,2.24317458629427,1.31120298922796,1.51964916889458,1.43852433313671,1.72205893568634,1.79217880952032,1.97247545790093,1.93157778955981,1.10048361713451,1.60797700145102,1.12958572485218,0.515594417312296,2.31231819879138,2.10742836795892,2.1199624908647,1.36222078766821,1.7801903605837,1.45759881699739,1.59662349532671,1.59450083366344,0.933396614547313,1.49768103370322,1.50437755200856,1.55117453857462,1.43071723178995,1.20312816184172,1.38017549207295,1.9662995985294,1.18457844327102,1.70088864616515,1.49629915011712,1.62578491874244,0.790107913397961,1.30007898527775,0.533830410657527,1.96255934547956,1.23978193461048,1.47655408671695,1.53573619074485,1.25607554457428
4.13655104143778,1.74054057682575,1.20362239293035,1.51277043219727,1.57368656554222,1.64098057272264,1.61841990015752,2.12313167917963,1.74504646219394,1.60397972035991,2.02325300111774,1.90057473727943,2.03640337990271,1.50348007533021,1.54902244280045,1.69918786298896,1.45623199639947,1.5251177951785,1.5256684612606,2.06251581362603,1.63860081661069,1.70279767175488,1.69485237196332,1.65083506723224,1.60381984181514,2.16732429573282,1.0092781877039,2.02531066664089,1.75766555444231,1.55590915793204,1.40450266532207,1.04638969249335,2.01858168089763,1.5832278421188,1.562716558672,1.42646602051648,1.43555320095502,2.03818778863822,1.91638692669039,1.21847294824332,1.35542784579664,2.25000068388776,1.41918752433932,1.36832052232145,1.49120796855333,0.87261627148406,1.43678886582386,1.38112391727126,1.44754661504698,1.6108409027779,2.11857087670993
1.17625777121919,0.867850405736493,1.40881881460855,1.88513451054139,2.10708192941588,1.95477474887769,1.44596015289606,2.16182203747203,1.71176679347088,2.00945796559185,1.62526696316249,2.07141314616963,1.42877987293216,1.38964485853619,1.92737504547212,0.987812182616289,1.7139261707393,1.07550734192126,1.55245930768378,1.12874457679915,2.24572404208775,2.1552152616511,2.35186703102685,1.69215039897613,2.15114943578519,1.47542254488674,2.05999615197335,2.00489572382426,1.70805162018273,1.54653887930024,0.85604162106853,1.7211455744518,1.7163941141929,1.22755992585201,1.37904429402324,1.4533329631515,1.01208148962505,2.30475784049217,1.75528124826246,1.30936262241945,1.6809056220924,1.64560651618671,1.26305699436995,2.12600015093043,1.82380952074355,1.93462824406948,1.68078185157262,1.12022121637161,1.62651340446643,1.68184350920441,2.39220819714787
8.17158159963856,1.60391821230318,2.03551155126531,2.1209752326384,1.86114893087822,2.17928783435825,1.98414770824963,1.70695346639935,2.43212830273605,1.71937513832404,1.82202594302944,2.17733211751949,1.6998952287079,1.24337998198306,1.94662368416851,1.74814695275756,1.35629714874338,1.46254663122563,1.77449670886908,2.02591855567829,2.5127720026475,1.41913649779337,1.93474219202591,1.28813309909461,1.2336859036723,1.98968148663923,1.6978551067776,1.76975147492638,0.69621509672768,1.52891553560672,1.5109717760858,1.16858243974053,1.89091614520465,1.68831868444572,2.33587497077087,2.54884361526771,1.44325760441564,1.8884446831907,1.39299083003683,2.07275856370383,1.78203013241921,1.66924080571108,1.10380349539335,1.34742089199638,1.76455115305458,1.55207318267972,1.34749835602582,1.48115922967718,1.35779537159844,1.48965294392416,0.940260070400672
4.20137178957996,1.81280709864552,1.15972620897616,1.52065746506113,2.45729913901902,1.2982202665032,1.48007909068688,1.55180274337282,1.73233491084776,1.64612741078789,1.83905997824787,1.90767265712817,0.221133426881085,1.97406398820821,1.85653054592307,0.713390881817032,1.52503064510157,2.22232470713141,1.06069246917178,1.45909872794025,0.636888175833206,0.959157170534191,1.55862950284172,2.20481948645646,1.42411960206458,1.75733106889287,1.98465014009358,2.06855435259903,2.09588032693109,2.08841452048981,2.16345827336652,1.55049528991291,0.95102585542891,1.55403073203249,1.41407185664259,2.07266565225626,1.16820252921282,1.60322024084626,1.50601752994571,1.24981149966913,1.03218454531122,1.7101561752174,0.725955926965975,2.34281093698753,1.44781075395067,1.65765578626931,1.16873306794169,1.72824246560545,1.23382279782119,1.81969859450691,0.822482095149125
-2.54296638771775,1.58433880534084,1.42722384137383,1.58898530939982,1.71912154831202,1.12484126009478,1.23997173197855,1.87996386311465,0.949350720586082,1.36307392474205,1.7135434930946,1.59624893086963,1.72219479961914,1.42196846676799,1.72838396790368,1.75411026394777,1.1362765821319,2.26662525780664,2.48158484619323,1.09384341275697,1.78914590456275,1.87977871115709,2.11315611260092,1.31830639159839,1.66566567943923,1.31694193147514,1.94860700788058,1.78141615667735,1.83466043350281,1.7984391922339,1.74850362799505,2.00919021253455,2.22839351737793,2.30921132464765,0.901026291074766,1.42580264156193,1.19596281093078,1.23273186646928,1.46492182094947,1.34166026986073,1.2897156610891,2.47511110667589,1.80750897182306,1.70274083236305,2.38222029807024,1.89422628350224,1.69300462469072,1.25908303651798,1.47135120311044,1.66027608082388,2.56627337932829
-2.60934730694948,1.58509220782147,1.48698017304814,1.69394690250054,2.09722926072561,1.0779180440233,2.00148230566831,1.64722047582454,1.54970541945526,1.51849643493608,1.78577473605701,0.678703355636333,0.98437691897397,2.09851681633838,1.43375099304923,2.00885575926125,1.46911362797924,1.46876342202034,1.27478115704051,1.6893225284978,1.27761920757968,1.44812726195168,0.890317001132659,1.6829257336179,0.798082055764095,2.19231414689422,2.28153473301698,1.32832730604948,1.5337087440381,1.44769538161987,1.46095265938144,1.176829662519,1.08146839328824,1.74904626064822,1.47718428373266,1.49136187900032,1.67865751094463,0.6884376604109,2.11087680445188,1.94667912089218,2.04208119595393,1.64771369106853,1.52628132510432,1.84800087697535,1.71802323444624,1.66058920383789,1.29617310518365,1.82914557732895,1.78038160012497,1.35391288174127,1.65517381956866
-1.62699235954104,1.99665840145327,1.32027254100458,1.51612097524549,1.55113777389342,2.55678282037787,1.99876189439178,1.8118586965511,1.61090609419868,1.79187594537953,1.83275330461403,1.5995977502222,1.2651944034566,1.06018269654569,1.57502611022723,1.82635032016401,1.67116496416457,1.36047451680072,1.47008772660992,2.04892796686798,1.5924089609924,1.3259276580196,0.941960653466611,1.68952244227764,0.685157122934359,1.28459313761059,1.22843261332692,1.98120173473321,1.94998998562469,2.27200038365716,1.52520563438818,1.68483687824097,1.69699398841945,2.06820136906337,2.20181350570537,1.62774578736441,1.11889632245243,1.98000169967217,1.64759820142237,0.640452189619598,1.81792215467152,1.87137208148448,0.516414002128493,1.35257190963715,1.49156908407336,1.76682540315279,1.36850868574764,1.63849388033028,1.66197222264519,1.46563215974209,1.39860153715825
2.93005405121639,0.749667990298467,0.575454190240355,1.09841886423218,1.77999716806498,1.26465364263068,1.58721524743124,1.79921181493945,2.48928006483393,1.64274631833076,1.36900100989835,1.9243054146568,0.93281643950719,1.54469459142511,1.85248016957343,2.49409842346524,0.913594223652717,2.04444559374878,0.721494350728729,1.35487622403661,1.18269470566718,0.806964624059636,1.57174514760614,1.15696637774043,1.45584360534344,1.83994279903352,0.216348000775659,1.49003901577278,2.00583935842434,1.90587789588954,1.80607904098681,1.76460448967777,1.54035339521046,1.67959654952594,1.96271362619514,1.88484520576113,1.74301617923074,1.96296789863903,1.48957834122508,2.49944599014699,1.35189601402735,1.50413783863377,0.995939821233358,1.40478776256349,1.77559114507111,1.73244360548307,1.4521506038636,1.73820319852461,1.18736092995955,2.03048318966551,1.00197167144729
8.38146640510453,1.70912632711276,2.39261018399597,1.66449982298326,1.96949974751594,1.05996664195575,1.67218901944356,1.67714471423477,1.89790172654389,2.01182056197041,1.52668954347632,1.44347321682422,1.54068212904698,2.37777111187298,1.9022055656245,1.19099979188623,1.81887419406528,1.60650476782454,2.03286387913291,1.48720231829856,2.04895818345453,1.4442707015908,1.34269095365882,0.999110973840543,1.67335272502719,1.54008726525633,1.69364879899509,1.14975272199368,1.85191979246473,1.8746931104136,1.69266402472988,1.632227938953,2.22756958935612,0.923550157312844,2.27943798274072,1.7649349833925,2.10734335710354,1.60853187569114,1.66610522146435,1.99829361071988,1.85973007779368,2.01172071675713,1.07066462130829,1.65709524697207,0.697051137841173,1.35442709404208,1.48380063393916,1.50007616364713,1.76131399464681,1.23335479021029,1.86849736619268
4.73603896587918,2.23557899664205,1.90597799737992,2.09614043334063,1.79666136451068,2.14657560695154,1.77789687251375,0.637061746748084,1.73251425534381,1.71050815831177,1.53803016001901,1.87458940007354,0.887686177829346,1.66409370829085,1.69417995044795,1.83659933720566,0.261307517576199,1.23895952847218,1.57965564979483,1.81802007918531,1.85742533015122,1.63989525096859,1.32497516798613,1.2941373996784,0.737634191233484,2.03954966281328,1.92998324800418,1.97272019263236,1.07141613075941,1.94358507670732,1.49332621367022,1.46841559970054,1.90267197879316,1.41644892958436,1.5072512756585,1.78571132519908,1.22513200161731,1.42652988990197,1.96955028120796,1.53491068305938,1.97989919302418,1.37831871624327,1.955191988347,1.28382931690417,2.03432596637087,1.99966636320763,0.643827852325611,1.95115265803172,1.71649145134012,1.61429903505099,1.78319618882475
3.11080343569002,1.57634325987304,1.54062432967549,1.22189393809574,1.61666213993227,1.89189260554129,0.81524344223838,2.06551906174147,0.992622515154928,2.5959929777407,1.41421975135398,1.27481320093696,1.25221550560491,1.5844893340116,1.40498836976374,1.72820962945966,2.05238766545997,2.74102400214963,1.73081617164935,1.83313684403709,1.996987600022,1.79446722611562,1.9952115047976,0.552102724387498,1.41754583016376,1.94070029732307,2.17491148142603,1.11180941896228,1.19356777680648,2.37005928377594,1.14607891451594,1.39088812698236,1.21626803074958,1.16477780411579,1.70779853216791,2.00008789819436,1.47546710701348,1.64420251609406,1.46559531353715,1.46384590004673,2.00267412312413,0.734416878603333,1.10416877465715,2.06407945999144,1.72082912493238,1.85882677608396,1.78342126389919,1.74225490065253,1.94793007380986,1.72905769390383,0.72381476115383
7.89301754762364,1.08661260975543,1.30318020982408,1.45447404862027,1.52443259887806,1.63301256037052,0.930359332592523,0.979303209700848,1.15001039050038,0.819834525143187,0.88239609634215,0.96575830899147,1.32232350885819,1.51481912212796,1.32496210398038,1.32761940153212,1.3898879850131,1.25037507702595,1.22838132297124,1.92495158668274,1.40544968763667,1.675140743864,1.71459073347516,2.16735974891292,2.27840407224027,1.67360327949548,1.32043400666361,2.37304342292228,1.88596998933021,1.81597121781948,1.67464344272958,2.07239332565518,2.19086198729884,1.75312124999076,1.56348031659048,1.65317460670835,2.14016092494137,1.55012931636575,1.29864866537371,1.1950646478962,1.46006239025126,1.3027935181729,1.52965054047246,1.3364050839593,1.56972425486536,2.19763802317345,1.03726698549907,1.54954063934446,1.79050971024915,1.38386880140419,1.09529176891612
8.04290215472815,1.47177625327221,2.24241536010698,1.80008386921898,1.02194167498552,1.7411039825057,2.90770265204759,1.01177167665795,1.27710532014399,2.4254228110959,1.15131383061972,2.01826178899706,1.85992203500672,1.24777782914988,1.44795735914862,1.49924178560074,1.0272460951989,0.880114928179962,1.56799588008427,2.00137750723653,1.7646299392605,1.19464186700853,1.72184058460335,1.5871105275673,1.88828953001406,1.9546195134876,1.18753500551268,1.97858836209016,0.882155812067837,1.29144279402572,1.50221330401876,2.60311809554606,1.39211515391124,1.44575614460419,1.76631874723509,1.19705474978176,1.31736335545097,1.4688655661532,1.66802653066112,1.446191932351,1.42932564023488,1.11828561467668,1.12188373485634,2.15077048102461,1.4977959900046,0.951434850882996,2.1086032000455,2.32570524200667,1.46421191890377,1.45350052833155,1.54058083932288
3.65288438755011,1.44964542039714,1.01391440679341,1.61465709923525,1.0678248986897,1.18842854349849,1.45168226525842,1.98767767242573,2.47303176599066,1.40153006007525,1.98372063777247,1.74734094395627,1.52841434948017,1.98358463063491,1.40361510698583,1.52586781120639,2.05566777778925,1.30569497307194,2.12135094088899,1.89891338213356,1.31944159296198,1.82351140703189,1.37979223799328,1.17836699222698,2.18633197027478,1.8771203601756,2.04026904891059,2.37802554734968,1.73964859021956,1.42860082639655,1.06454490809968,1.69509914476925,1.50137128569086,1.77584232472532,1.63267492322054,1.94644701502568,2.07435246340131,1.6193841422941,0.944626385876034,1.74858458972195,1.02131686764437,2.48990663567355,1.71205309864858,1.6292360905584,1.99775301090566,1.12031164759098,1.92822698234265,1.32810423398553,0.97088248186746,1.09344627725549,1.226307249396
-2.45195793803203,1.53806030088051,0.769897077970743,0.678552197792096,1.91883885279185,1.88599054331273,1.63184915751863,0.795379841020234,1.81065722144917,1.64438558230634,1.81436353138622,2.26639168926508,1.12718929324405,1.68692253372536,1.36384476765251,0.890166109328511,1.39891901095507,1.60639045145466,1.30376114467742,1.48822751273751,1.50990361248044,1.43395648664863,0.856784378276555,1.52060860184122,2.3083339150544,1.66669971465554,1.62624094823521,1.57428607739399,1.4231297958498,1.47789266761159,1.90743152809882,1.59560833174109,1.63581539444339,1.14058117148741,1.51989067469108,0.726049934386898,1.97764957169627,1.49478016231299,1.89858841366697,1.65393275483439,1.29654251073789,1.98196383266633,1.94545391806727,1.31876064279016,1.17769474371518,0.775127326473473,1.03127012057408,1.77936070682927,0.922844016191598,1.87377783272802,1.7040994892341
-2.11210630684394,1.71359924461641,1.13898666241173,0.766364629392968,1.39103058656985,2.05789481700366,2.35092590592779,1.45941407395429,2.03526946477666,2.04716629181201,1.44683679513894,1.75378579558099,1.04452062607519,0.52815562952023,1.34991276408606,1.50629402618196,1.84973812119172,1.8700033981677,1.43141629566975,0.481718945689314,2.04554639474805,1.68135377058834,1.0105694404967,1.33165605534975,1.24939697859784,1.3897525837833,2.2093782661852,1.41971948023819,1.0871323800769,0.879580988772714,1.38661080082101,1.68790303809777,1.46233202575444,1.77120958429075,1.88297134783966,1.45225988129145,1.15113993114693,1.44798723616371,1.31112931734581,1.28902839604693,1.69600258988097,1.6734905956576,1.38534618156782,1.24476591153811,1.9159664408585,1.73140437309725,1.2498685297787,1.61208554217056,1.31819038119542,1.64413740167496,1.58600023152181
2.585111076147,1.50031927778319,1.56097819169269,1.84904508784285,1.10454972096862,1.98700264741834,1.78951417998079,1.74206442335596,1.82493272400712,1.24972339841247,1.96469454274167,0.739332796699022,1.21260351049589,1.57070866340414,1.26433161411954,1.76103925862979,1.57801362297838,2.19742569632678,1.90668687352195,1.4410652546063,0.892723043063704,1.26122246458843,2.3071803924183,1.68750675271674,2.1310916902464,1.24075116005985,1.70511519527791,1.04686179495968,2.01483120978387,1.57854916639447,1.6936301915863,1.24492957350468,0.801228463663322,1.13817385230479,1.65904467151246,1.89256144175796,1.00925572818284,1.24047212054029,0.836925438279998,1.02533287948588,0.898497761537784,1.51928438078155,1.30390417493881,1.90554520846634,1.16192800815479,1.44247686290354,1.98837150579653,2.22262567845484,1.90783280851817,1.97856800397499,1.86364907907355
7.06763026592427,0.682045084059531,1.30691241168015,2.36018192917188,1.51728036872925,1.21625665963856,1.29754341009257,1.0313192259762,1.54075733809509,1.09530610876091,2.39088812187581,2.00969649525031,1.00675926002675,2.10553239878365,2.18065367976587,0.53404081510973,2.11674495065487,1.28659517907678,1.70856812583977,1.22723249746874,1.44273773830254,1.09948844049836,1.6471181054937,1.46209894868984,1.64513288412782,2.04694654459988,2.05193002381838,0.756757877078541,1.69864550674746,0.861453317357585,1.16718585505781,1.87600830548701,0.9153389732559,1.55646040569043,1.56269088926838,2.01206696557474,1.17750545941854,2.0551800329032,1.79079565158166,1.04135443263845,1.54744391833757,0.825465217303497,0.79430879701064,1.65066380345121,2.15074247753319,1.39727907725427,1.7902628959153,2.25564472880737,1.63559218849868,0.830527788491954,1.86069263636238
4.60781531013546,2.16903381172261,1.27471122854775,1.68590708567478,0.833304891205787,0.84182435745138,2.25186055280761,1.33379002739568,1.66045513475903,1.64340817095245,1.74235697634245,2.04496775916743,1.72973794032361,1.15908407919128,1.6962657789815,1.32812505630611,2.38773522335961,1.92958703533431,1.39643121518606,1.73956863395134,0.984414756459441,0.721125792477835,1.67723537043138,0.259260591037693,1.05115620711081,2.28800477342121,1.77138626112607,2.16358614309668,1.62148088084337,1.67848952493337,1.80537580788061,1.07589017576026,2.15862977948873,1.74343676029687,1.81217129632581,1.51138599935121,1.6113336877421,1.62827160749541,0.919001289298608,1.49634847469268,2.01216690833262,1.75901902289277,1.76352262888758,1.06278357213886,0.767227336010297,1.45865934236935,2.04931357748267,1.94020535134288,1.10173645654802,0.737095356643807,1.72431425675309
6.95778470053648,0.358214782995656,1.63617287888404,1.74234912323424,1.11753557020047,1.80981098640318,1.04539110966374,2.12078689842017,2.41345904139304,1.35444755431174,2.14153016905431,1.48159162931437,1.65751764900007,1.82087720349643,1.43683014611281,0.683304284028962,1.74992386779229,1.08666091912798,0.831034592006943,1.38371674904743,1.29438006393688,1.15824903225569,2.2341772761035,1.50218181547118,1.58727800874434,0.496259819580385,2.10866292039356,2.06142253996884,1.60302627433531,1.49865608696183,1.21812885696107,1.95628834571018,1.59916994604396,2.03921868535152,1.06877965284619,0.207054635691816,0.81143818828328,2.15954381944951,1.82513336893301,1.61099227371021,2.0138633573396,0.801956860608527,1.13596657999532,1.99457638150382,0.361858206979516,1.44868403791643,2.5822183279274,1.67302415074492,1.75367298207587,1.00060022420556,2.62309387006208
1.70555164435133,1.30448859388744,1.66452279746805,1.4584427703213,0.662092018310351,1.87608552487465,1.54532200645216,1.12387580548418,2.11146611467415,0.752860433326158,2.11748239693203,1.31458558429655,2.00038290493754,1.76474532652558,1.65539332341615,1.18910329691465,1.57895005859265,1.96445349918491,2.01279233913586,1.29322403126645,1.26047012268347,1.39718960468348,2.0924425178293,2.07325339706615,1.83327037317614,1.03731802618384,0.894083364169939,1.38282291896755,1.20797497483587,1.17605041689301,1.28582543184445,2.78670122648461,1.52436184015846,1.52570759886702,1.41815451862368,1.65708583300687,1.7278424917212,1.20326051957437,1.31366215342106,1.21937027071307,0.961614520156988,1.35032335865626,1.1133924744049,1.49594261053748,0.753266115237786,1.38242391884717,1.596553507464,1.3544577702313,1.88265570821271,1.43748468514791,1.40516600978855
2.40062550221951,1.45682938886104,1.54502225361244,1.30549205274752,5.81426012143255,2.06063353054336,1.67074920262189,1.73163563565675,1.28899553802382,0.887112157934954,1.12863437937594,1.7937230470523,0.772384166764625,0.353425835250103,1.72135596162916,1.70432142325644,1.50845710522519,1.18440174822343,1.71039379555341,1.49305581065617,1.84432563519167,1.08034662889157,1.91085710780611,1.95229558390042,1.62348063216813,1.84650663429349,1.65602767661326,1.0886632862927,1.69031374632735,1.9302364496645,1.12242368667892,2.15588668010642,2.04028821255084,1.72315166511902,1.7741166760401,1.6901916800987,1.90991171403911,1.68373685643771,1.12842814099151,1.47466188907427,0.434979289700515,1.80590489508289,1.47375927106865,1.02121719055313,1.81608320826668,1.9215465432966,2.07475113755813,0.921744493363823,1.45048618333124,2.16557372166506,2.21932836096665
-2.30954485176835,1.56586362949727,0.660471203236749,0.949865369893565,0.889167408769431,1.69171111478907,1.09487989166254,1.73279520099788,1.49566350772756,1.55730567419324,0.981801287291645,1.79032393477758,1.39537533604047,0.445314224363632,1.75920251151884,1.42564924032482,1.68009684624364,1.47654683645868,1.57910546090505,1.1504187959044,1.25742413748345,1.50328650477547,1.58079463067478,1.7271216912681,2.49741095518071,1.27292777534918,1.66422884827543,1.25909891192858,1.6756940605879,1.29463510685701,1.3778642171828,1.62760384803476,1.98194751117659,1.37801361850999,1.80559927839949,0.695896693101641,1.81541787329267,1.44841538224023,1.10874768090721,1.97100643513879,1.14694189102489,1.55219459421716,1.65355054140045,2.21631459230053,1.79287400510193,1.53405581681578,2.9622531534655,1.86448724099662,2.37773296256024,0.113630969726365,1.49106089221571
3.88286797988772,1.6124086156695,1.17235175000488,0.781066859177496,1.58396514280897,1.05071221041441,1.30717917326907,0.606843050404177,1.47578516852183,0.934018698260463,0.953017547676782,1.31765602000357,1.68497882001987,1.52911533821127,1.33794253937803,0.757814570048123,2.30780712840498,1.73844044825636,1.4536476400767,1.83392224663432,1.70339979180661,1.55848404418154,1.10053262283602,1.15977353652224,1.27466257599635,2.37661561194608,1.54446762312598,1.69842293124098,1.33619174316057,1.86162987677494,1.56059771692407,1.44936276703472,1.92369098991851,1.63205981473263,2.17899951037243,1.30314170052294,1.57188059928076,1.28114887777725,1.81863553543293,1.39587908822672,1.50797865224757,1.74274458165335,2.09674686685659,1.96446486928771,1.67234584558052,1.12123360219512,2.04789956121245,1.23897453218694,2.08334745134904,1.27640121290364,1.6952937546882
7.46688897078038,0.882669453166703,1.22520688055156,2.54592704253471,1.92444289091642,1.57318525285812,2.4050944666428,1.15904650536489,1.72976677952271,1.16389535703576,1.02391592995744,1.59439571716342,2.43308508263943,1.40016950713305,1.4040102698547,1.3752097980022,0.995940186668551,2.16760542814691,1.56374332870034,1.68095615468841,2.49679883314274,1.10428312569732,0.906847205213673,2.02239791931054,1.64615977153961,0.89053666364655,0.770087986945372,1.55421071879521,2.67391347862803,2.67642208615954,1.51776779744361,1.9269132750146,1.59732875411406,1.46799443392715,2.05722674962922,0.638777123378793,1.47103593293713,1.22967524082437,2.16542984136916,1.14399002775601,1.77793748037588,1.83079219378787,1.48070858816535,0.866665434524754,0.748475628995335,1.3909617982806,1.51304544389349,2.47741903305304,1.39666232140043,1.01755850454486,1.14326263816316
4.29135822839845,1.87319776151706,1.6648434131086,1.15093779408071,1.26656756360189,1.76555006541388,0.688908018053178,1.58728708721503,1.2980881934956,2.26985340158561,1.9590502493987,0.908679935223833,1.2994534148226,1.6178051691119,1.03789024914815,1.48704841183273,1.91492486304441,1.63102034613605,1.53462044186386,1.30133992235114,1.47289896222002,2.38421035109599,1.52783794241468,1.58513310714356,1.28690406261294,2.36980136101038,1.76528672779215,1.86134995582105,1.48750722377241,1.70735189714631,1.74627795187427,1.34214134372062,1.62865675981675,2.18553096859612,1.39621477657496,1.32835965510799,2.06186097319353,1.05922154881211,1.68804869653208,1.33821459762221,1.85071750392732,1.14030146909395,1.30408671332756,1.4336607057854,2.13827964354231,1.86880452117336,1.21809103018544,2.09913648905819,1.02926492052348,1.48319710979119,1.00624285470678
3.52452267124438,1.37191043788825,1.06465365002918,1.57585695085388,1.45033251434156,1.23825586864163,2.05419659328706,1.56532808489157,2.33018604306509,1.92090436993847,1.32693379892343,1.52241239335779,0.949075512957345,1.08248295303425,2.08554281361859,1.72263371626014,1.57605432361405,1.79920419538707,1.27893874787768,0.90255966777147,1.73859554307278,0.937961533600888,1.319654006628,2.00189397621813,2.61863364251337,1.24971750375964,1.62051355735761,0.94485318029535,1.23009257502511,1.2221419569531,2.00146539792264,2.09097021774341,1.17585857363048,1.50931000155368,0.822532497553593,0.749728362722202,1.44341666835442,2.3023584146371,1.93424835349699,2.17334997055388,1.26118571689255,1.49916146752796,1.80757076795606,1.54648841329293,1.34564430954348,2.30301204739447,1.63044157365851,1.83570291574567,1.71995957952235,0.864555929319879,1.38973629469766
3.31855646248528,1.29151410384003,1.03322377467043,1.97718548075666,1.88412055307687,2.0323647050851,0.582192844475802,2.20794233985681,1.65351743223389,1.67910367568721,1.85733440905578,1.89200677812874,1.85644546981555,1.66536156813406,2.14831148087323,1.28999242492533,1.24229543490109,2.2818892717089,1.40520275505081,1.12870212714651,1.5023430649257,1.26091131157641,1.53244884196122,1.64209988170136,0.967206775781158,1.89860399203635,2.74704675362444,1.55340160847482,2.01517792305456,2.16153914761907,1.76868713042445,1.2331367024292,2.73112958559952,2.21566351267375,0.92656989813074,1.94807277428884,0.808267211322776,1.12715957751566,1.59370436255603,1.18665528568722,1.22394244595384,2.1950468494126,2.81883963327481,1.35019273146092,1.39342171925202,2.1641627554055,1.44133573891604,1.7354321594873,1.16039829214974,0.713138882451793,1.62856635829422
1.70372378503139,0.899410807951862,1.07042673858832,1.85666885800305,1.66232643821273,0.891761512523471,1.11462906821503,2.24702673297887,1.46507399689435,2.11304075010838,1.80210682667891,1.45465596819469,1.8848390501867,2.21687250617065,1.32829399977815,1.55011451529728,1.53785780760862,1.52111802452692,1.21230656519245,1.47866045845354,1.51225712032861,2.2513300158671,1.51740479430153,2.02992609860618,1.19468028839694,1.09287487650975,1.22153652795022,1.19782720880885,1.42358362427151,1.9635133331981,1.4956544023376,1.65701057254632,2.10946998626841,1.46834088040413,2.17456266406552,1.83209037231424,1.54144333847706,1.32113115441291,1.80664606657053,1.83298821677558,1.5713015686193,2.02926663051704,2.03071910796364,1.32342584533168,2.39387563417229,1.72575360353638,1.14668078627898,1.80922660026815,2.15993307960664,1.66946801538052,1.2671745305852
1.78640189474832,1.01619083190754,2.57432635962679,1.32556025718127,1.82817993095832,1.43865787156083,1.52381639360817,1.72243725440708,1.41445874435985,1.37602365293282,2.14439283407324,2.13208275676058,1.69625394812354,1.4033979284103,1.58307549174256,1.84836445871157,1.70979369766475,1.26403860537604,1.48644579359548,2.27435906612128,1.15517759054025,1.38354823489971,2.05062044427684,2.56667180419613,1.31910334995691,1.25665325575653,2.0640368670697,2.04513488657016,2.02385368607514,1.6244758217238,1.92784808832998,1.92699816709556,1.53882424890682,1.9936803189795,1.1738506100166,1.34698666663689,1.5478766963235,1.21230386372615,1.61536780540575,2.16677288440529,1.58472129730035,0.886156719636513,1.05327634210318,1.26791316720004,1.57542817765054,1.09054967907577,0.948336883907468,1.87323010625154,1.66200253237428,2.63597116068684,0.67164845800397
7.92625715282832,1.40714681967165,1.84382900296075,2.03920046713418,1.84579095026384,1.61106330793906,1.42869404306538,1.66135504551746,0.971769528666864,0.575313067956786,1.22846325129947,2.01518525698939,1.67672118904344,1.6339417977857,1.58184881206968,1.82784168939779,1.62562524514244,1.10446429741341,1.3628393130543,0.916973063716743,1.49560675497808,1.40017941090525,1.69619218845548,1.47125450254467,1.23882443401946,1.4593021124135,1.14100516028667,1.82922013091105,2.90186681729106,1.45183425344883,1.17865482998748,1.94553889778647,0.996565784671999,0.96149158854707,1.89166725939067,2.23620583990027,2.25200612112531,0.369876002414275,1.38336532427228,1.67204100735875,2.06267477986876,0.555010418500608,1.37717792576829,1.44148984066589,1.00543929657167,1.51897788170227,1.6550660648389,1.41380060134025,1.72599345558338,1.85771053241922,0.600640223609312
-1.48296837030737,2.1224828905755,1.4243421503444,2.09876252045064,1.33078366185786,1.64623549974385,2.00137730799597,1.17709570783401,2.12952431653341,1.64751718259425,2.34414856573752,1.00741232082515,1.84006436178481,1.45976460487926,1.33402087395863,2.05081497318063,1.13467087663248,1.6447008614483,1.34166846333502,1.26290273752661,1.40540149831782,1.77232566471618,1.25689705596419,1.4444241755774,1.86230909405343,1.28863674361373,1.73909307512015,2.10365595698843,1.71817430957188,2.61242481375579,1.78324793105467,1.59622516756359,1.37874988617624,1.28183604735975,1.0140081000754,1.48038937037536,0.898083503385332,1.20639669415855,0.921127473214157,2.28607850559219,2.25191322148101,1.34212630074192,1.35439746359342,1.91369322407577,1.15486889376408,1.01002733943535,1.37779544041956,1.37050794837791,1.89611566411607,1.49410320780143,1.29965992981829
-1.40735515731802,2.19619934155175,1.76311313930796,1.92991607125736,1.53903119344707,1.6397910487185,1.42520056215285,1.11453067012349,1.93646704552607,1.12947075038498,1.10079287339303,2.2082465492376,2.43926076502849,1.58957242496785,1.87370596953158,1.02272856097915,1.26124140753383,1.41424292196624,1.99630046091797,1.45499764072487,1.20926188608606,1.24209057245505,1.19900857606578,2.32240827325668,2.25116373337431,1.88977288098821,2.13532404155826,0.766990939480132,1.69574890898476,1.61456913044191,1.20889534673366,1.55533328588299,1.93981718759234,1.79493747185087,1.91710198743494,1.29291424802691,1.63370341057552,1.69727665882029,1.63998842810239,1.94165883215468,1.21807049101279,1.72642446941169,1.87373345066647,1.68855380119237,1.60603545871816,2.13684317885872,1.63982393177012,1.61771868462261,1.45641072273999,1.36660524218571,1.47504491031638
3.78911083632926,1.61002694921005,1.40833063834914,1.71415379899505,2.00998832749974,1.48153855330772,1.08098656154474,1.70009133338976,1.86793718245181,1.60252192384058,0.930158646996803,1.07020900939608,1.00018059947996,1.32795040104427,1.62938887802264,2.20456161602765,1.91837880959882,1.06374102168266,1.73518725476787,1.55382257976717,1.98247998324364,1.56141707847325,1.46973748489376,1.37769538005755,0.853505039504534,1.93221243912102,1.50478968128406,1.83820038120577,1.58703666691652,2.01068763588551,2.10690608346899,0.176511805329486,1.01504470215672,1.51142019964981,1.70759219241989,0.845380782708783,1.83570587621987,1.00197075794149,1.56812868993287,1.58668461705429,1.68589251030119,1.17379043664908,1.37330020630625,0.950344163543358,1.47141649781457,1.14314637340221,1.20001115885242,1.48696425649582,1.6241417806925,1.447815639511,2.07285699998971
1.83144929868297,1.40574980722794,1.75684130998083,1.42615898894712,1.49184876616482,1.24914272596812,1.62963558056187,1.62835937544333,1.83490141366812,1.65663644331178,1.74465015628681,0.669604600936578,1.52436611027462,2.01919733635253,0.675436247874981,1.78114764546525,2.00181829776798,1.58866211628972,1.73603414788149,1.57835170178211,2.0924538368404,1.44003894154527,1.14403967579921,1.579404243371,1.33125392558019,1.49875324123273,1.92873947911684,1.53003887452637,1.73479417640996,1.66827800238966,0.986141156317935,1.6332896777988,1.67503891850582,0.130239043972518,2.00275127134183,1.05475922494349,1.46176290438507,1.61845631612876,2.6234841347885,1.3244662314771,2.35975295352312,0.624562573351149,1.5987590291841,1.48079422334542,2.24126088896866,2.43496238461066,1.6277434253664,2.25816815179705,1.10911550011964,1.3736042413347,1.6605061436539
8.20240114078452,1.53459939895147,2.08901609358947,1.76602942814986,1.46501579764703,1.30284022163716,1.63488050060425,1.58293522810907,1.59259556311104,1.33653082928789,1.9333217770529,1.72758047842708,2.38393386046182,1.39042953177452,0.92056509704787,1.56599749434609,1.94680030345366,1.59582723853545,1.47422674477574,1.89186840408428,1.24767875086138,1.6897799860348,2.1374409918979,1.74395600199001,1.89710187424455,1.5627206313035,1.26241218636062,1.54304973251311,1.6984710107424,0.898916470151473,1.24180859585036,1.61995957035158,1.68907762570916,1.93767177905484,1.79766525595521,1.04537456556997,2.44237951901205,0.438242360021699,1.73173956369296,1.65510285131103,2.10835057796647,2.14680316771111,1.55670525249927,1.09878066229094,1.606310294634,1.71014338530926,2.06288987389512,1.19368896297412,1.44422039710902,1.31368289353772,1.93251286329175
-1.86701162888289,1.87678600445606,1.10681542381588,1.3133045922019,1.55620717680196,1.67778837180005,1.71902890703011,1.62172120691294,1.2819944962227,2.15265629104496,1.41352434703444,1.67622308455051,1.41673964196971,1.85525487470615,1.02138736134242,2.05441068819001,2.01630540017352,1.26144208434486,1.91444558847563,0.774055790555698,1.88854921164579,1.40038944400575,0.543062663270652,1.10759754747898,1.74857288497676,1.21767442337361,2.32867449405677,1.9775087109536,0.790206275324672,1.12107683842956,1.64812939228353,1.15807958595588,1.59008423562461,1.29987244076395,1.45259172146896,1.31336461806181,1.02502302540785,1.57917224731684,1.49715033364487,1.34999222462656,1.65065666369461,1.41511009844164,2.67871574557516,1.0025749706926,1.95599132292372,1.86427947993234,1.18009966966039,1.74424720736762,1.42615753646127,0.775038779129735,1.54018036570371
4.25692057567335,1.98718063226467,1.87496516720954,2.42627913702181,1.31715135253891,1.478888152974,2.94982268476139,1.59004676043818,1.34912240614034,2.0995795846793,1.62218825866773,1.86146305074348,1.66047808617313,1.445067082362,1.79732150109489,1.33957195051959,1.23766800399015,1.54589483275406,1.72237378542255,1.58248125576727,1.58283088602012,1.73064805384543,1.69055862108005,1.65555622926091,2.02707205832067,1.18665066473778,1.6620556353554,0.364118726376601,1.4380642876765,1.73957518611436,1.28564582402434,1.20521324890202,1.70601525033825,1.79147050898856,1.35220079587465,1.66856575634463,1.62109207542767,1.2833689019771,1.75794853555954,2.10197154113729,2.18473245163702,2.01518378108852,1.96357206819267,1.53196555840248,2.20526037267132,2.15775209860542,1.43379152316296,1.69908841219166,1.46853815757316,1.42879820665127,2.04667825862417
1.63433007588084,1.10423706957222,1.49234145824249,1.47287798101875,2.05293248143025,1.39014193057379,1.6333274957998,1.61426330839655,1.07069887501584,1.75711832878775,0.818727473513103,2.12323883969477,0.480031384981339,1.35020067680105,1.76041411767881,1.4678823473457,2.04733460201121,1.99009714555877,0.877032939291374,1.25032515075303,1.45662542524457,1.27134361449124,2.27414601174178,0.946020130866881,1.55941654886656,1.06293269158957,1.68185286478606,2.1135538769966,1.20755407350745,1.50674219885425,1.45863365034667,1.61658679634595,1.65383535055611,1.53922486093452,1.22829675360792,1.62978234762023,2.11326500393916,1.77161520416725,1.72312155198958,1.91137830329466,1.30736047009038,1.41179713845034,1.2983915596953,1.22342935147945,1.90423422886389,1.14561468368477,1.89011773185939,1.22078147109693,1.24028234346136,1.20266058228204,2.67112750340653
-2.27666260995963,1.63712387198222,1.40758829589611,2.58949060571096,1.35397873667938,1.71118716105941,1.33912440260235,2.52070675674564,1.51811453768324,1.79807995748014,0.808048674406893,1.06108247290526,0.852308313373739,2.28354809670207,1.87511764776062,1.08642909664091,1.8080317280504,1.99454735544833,1.22790415243219,1.34658380033556,1.13076728927153,2.03439228262871,2.07306608722412,1.28539964528775,1.49762316275568,2.26190914258233,1.19861986733703,0.392997941392893,1.8714970247199,2.20244543775507,1.80436215371971,1.48111790281406,1.25743370498504,1.38853727423975,1.80132540745843,1.77738701841495,0.763211262511629,2.21557037170948,1.28100065366096,1.74880365022398,2.65746391546561,1.42614647934992,1.46200600485213,2.09331268497378,2.37659467280341,1.75074176539025,1.69117976162691,1.14374557172728,1.92493855260584,1.472487349005,1.45851992762833
7.49391712121096,0.959470021760965,1.74853413988884,1.40292280592384,1.78768820969396,1.87267867573592,2.10285019482052,1.5085451950317,1.4774810419578,1.37271926409745,2.01640064388914,1.78057715585301,1.81540120163158,1.7297455857379,2.12589272683926,2.37497534899281,2.20083180500846,1.75884619102159,1.48871391200552,2.04252960872784,1.78172093093838,1.38445900534985,1.64013832879967,1.71232021023064,1.29350333555404,1.71839582817985,2.33272669147481,2.1839662105889,1.26208459066599,1.11982820590664,0.974700098042452,1.16663757072311,2.09150391886331,2.14251066715685,1.25244359488441,0.598465223769231,1.47194644768976,1.60378448320848,2.03038857733451,1.20816434099162,2.07268008343428,1.40622101236018,1.89639850231153,1.69190721325472,1.51518257424802,1.52575370710653,1.29847865783127,1.86271000023967,1.8463379878156,1.80456439882531,1.47974024959969
1.52996323335998,0.932872525264355,1.60312477215533,1.65951825462126,1.32152718137575,1.57717937926476,1.39492975237187,1.73569913102836,1.62268222728313,2.24356648443008,1.08221477275796,1.41843246369326,2.2805667989876,1.64092306076221,1.5158462376261,1.24834907804987,1.85090981297084,2.39599721724838,0.745212090240216,1.4339582329583,1.90439561418459,1.07242641947207,0.66698287123101,0.757577505443998,2.26719175141949,2.1161676965108,1.40348029126031,1.44111434371768,0.709127259568736,1.42131416614317,1.83697107021387,2.04338141754776,1.71473253654144,1.25546259991276,0.746874340623618,2.57103654361019,1.137081271122,1.35601169029815,1.03137387944729,1.01634684604649,0.89018064659908,2.47378563541509,1.76913461529685,1.73861996966995,2.20659755626991,1.76537831166028,1.57202087433978,1.44393093265157,1.40964717840682,0.365256248560624,1.64996227890343
3.92126824325921,1.70245990248775,1.04137098855463,1.42423195890674,1.70829961993786,2.39949678326295,1.01872928016089,1.25128318343414,1.73108127376428,1.73017589977784,1.46508235240075,2.3913298250466,1.77177998968618,1.39338186959289,1.30661267619052,1.61514801173125,1.35265459773283,1.57016561351256,1.43497601358074,2.18002581362276,1.39810893664553,1.08740049872242,1.95617351706183,2.08345596018785,2.27142170408836,1.40523383333829,1.89316885928268,2.03243136881599,1.2201776850228,1.57335536197277,1.90633223475503,0.933397253512903,1.7995553033273,1.30329483964601,2.39288282120692,1.19882373841775,1.37499541597779,1.78252397708915,2.12847775465747,1.50869108306476,1.88228736865537,1.88889402659162,1.14979895112463,1.79969071540891,1.09087847719021,1.29577507421454,1.67204442384675,1.64406029937573,1.10771231916088,2.01138767052877,1.2904249981109
1.56701048334793,1.11953174215065,1.79441909287468,0.529316111432287,1.07939565969582,1.50766867395166,1.10551680096479,0.917651774685007,1.73244365129616,0.69887953971233,1.39707991763842,1.49641475167946,0.5353057316921,1.15996522367871,0.747669836178896,1.46285419602784,1.86110304274456,2.0996941026835,1.75701785141958,0.849564001525438,1.96399440585416,1.91280609929362,1.58404168339296,1.77306610047886,1.6314540538145,1.52292143262895,2.18625338717329,2.31903284481037,1.97205923231122,1.27828882836375,2.11803651778339,1.4930840853497,1.65764207938785,2.12368025371758,2.1033358001911,2.2501742252176,1.09235838662207,1.81760525487593,1.771311272462,1.92055174090784,2.08772709117784,1.04061677901692,1.48292862449811,2.08885551251907,1.6273114683751,2.5585915131856,2.54971415814695,1.92571170191397,1.71898539794655,1.36319456701621,2.20356717465693
-2.52729545251848,1.42401246069244,0.769909009897271,1.03619366585715,2.0228177249014,1.28144347477165,1.32663786106615,2.18807276285756,1.21483532862152,1.72142417058284,1.76732969737533,1.54957535530295,1.28135818757367,1.35131950357661,0.715214263024982,1.85006538163045,1.66359079528003,1.52975712180802,1.15358105369268,1.61579627228723,1.2814273559687,1.40569874674301,1.83441683990681,1.09798444910699,1.72716307305134,1.59274959088457,2.40275827533976,2.08919384432321,0.98429878777897,1.69041999178185,1.56279699203872,1.46231949056923,0.992246152419396,1.0681347407492,2.15679501245681,1.5194140828938,1.41938715760633,1.34166152607411,1.35392324907519,2.36309713383824,1.36052867211418,0.96826762049266,1.59887843269107,2.27561002478755,1.60477213373989,1.08713653964706,1.09149848986419,1.62381219815241,2.37683307313687,1.00616489345209,2.03376348269767
1.15118648055893,0.504367885433594,1.63873950180507,1.86317851905692,1.3829747829873,1.15843472455899,1.14732548309255,1.47890594440881,1.88600081657253,1.78780886714401,1.67467139530034,1.90508051448744,1.89967661342038,1.53091276761583,1.80847804675824,1.75971805318974,1.32644278376802,1.53242371231669,1.41141052445008,1.08173554310743,1.2313364785762,1.43484142248926,1.58448914539474,1.61335203061943,1.63637592253762,1.10833146308422,1.23087408126628,1.01380343223247,1.76084125787105,2.35911887409228,1.87614044089614,1.5812697642146,1.18403007787208,1.70239604363209,1.99962354404499,1.81257820351538,1.98312380923599,1.30970560425202,1.01736063709979,1.51073604399517,1.68819674025784,1.51497054003377,2.00757632134424,1.3038140779529,1.85059144045989,1.13330485899264,1.93718043084412,1.74359580898276,1.84480039580521,1.96836538005437,1.44090722215433
-2.66083415744762,1.41450813793817,1.19858809858821,1.34908310993646,2.03835760592529,1.72957729811927,1.85732535993949,1.47989626359621,2.5834386176233,2.01556132049861,1.61393481675181,1.79058973609843,1.27105872570212,1.92702191164176,1.01492677622677,1.83160302772429,2.32568462461924,1.86600151080035,1.75716777917223,0.890183112448775,1.67844162712833,2.31045071958173,1.75730575695122,2.07376102447687,1.55945231296841,1.03414529455812,1.12614323013707,1.18410097734937,1.54719975508032,1.44088765574087,1.77135020429449,1.74343426204363,1.82230431045659,2.64755585346507,1.64786179543788,1.42409919216576,0.919993206467146,1.62292297616329,1.9617042879584,1.70664788776432,1.90347071910721,1.47854098249298,1.84542731965169,1.59925870318374,2.41385511311574,1.88587830237594,1.76797395244174,2.13459325300874,1.56718218598442,0.434593614848627,1.75814046629746
7.96025433006899,1.31160083923446,1.89277155610166,0.820722720785094,1.61306842620518,2.22871757319324,1.67796704146011,1.06125463100393,1.6298875329157,1.7149481479401,2.35391065453159,1.73601251737785,1.7217565259474,1.40775606459234,1.43977911280587,1.98665579858794,1.26234100480519,1.71090955554072,1.79352143684589,1.49105763163188,2.33398818984084,1.42982115152299,1.38293759794984,1.90457778987465,1.55170520972525,1.93175416705381,0.821230683436244,1.93909051148724,1.37524033667587,0.849587511326634,1.36373223057409,1.14846227285707,1.61096459717337,1.40563440739864,1.23965269604458,1.64294668448508,1.68087458325139,1.44607301825439,1.32786846317203,2.13009503003165,1.86629914139453,1.21121000019972,1.38437264709317,1.16813140306076,2.38731153331858,1.07253482506242,1.55188893596322,1.96253604836323,2.54795622571541,1.37633733012179,1.32343217851072
7.79625954831877,1.14064577160587,2.0973575437395,1.89178829049432,1.96046219949182,1.6417726331343,1.88648595046191,0.90427788864022,1.48313523579048,1.03353221171963,1.63090486929888,2.02659823369922,1.70557569040528,0.974268799404454,1.43096632841895,2.56815127014563,1.11302133599925,1.67126335989832,0.884485021817163,2.33706080771968,2.43830612831261,1.7803686353124,1.04552261095362,1.31945671808255,1.62136362912473,1.83235586469336,1.24686097582255,1.33740406782488,0.0855646321353731,1.5721400810197,2.64921132679865,1.01759536525882,1.71763626771734,1.71501715376536,1.40918038964265,1.04819352045289,1.52900620278771,1.57037352584428,1.38637045444308,1.5218856782905,1.4992909320975,1.86000393111717,1.29998782803012,2.03664427848896,1.72273262213661,1.23505189388273,1.71312859260929,1.77283965946188,1.63275493697503,2.2017274651089,2.15349338158744
-1.47223670343949,2.13319274963627,1.73162489205927,1.9476882562322,1.4058873424121,1.46018644983801,1.6350675212556,0.909756706471762,0.366752210801305,0.757028367368464,1.42643956058591,1.6997152806085,2.30932756116098,2.00164074670641,1.37939541177668,2.32255571571591,1.59375591319424,1.89241648064035,1.84709496951377,2.59114596981969,1.45752469386514,2.08350839565349,1.84299084339062,0.989529424726217,1.44509346344038,1.27959867314997,0.99860901840669,2.0669515398557,1.33412388552863,1.99077413155184,1.67251956138001,1.64644944779551,2.19488655529171,2.41217283851929,1.12359537525066,1.75988619700089,2.21893619418329,2.04798828678848,2.20374097467789,1.51504873274472,1.30987916849147,0.969908606628596,1.69598351928103,2.14927311482505,1.27121058880002,1.753724457301,1.43417063758663,1.63838529875493,1.86757070448456,1.47716964995346,1.72452950729046
8.07358874979622,1.43078054350059,1.88944441194223,1.41191128961712,1.46534590871217,2.17836460351416,1.85619472574935,1.58699444199366,2.17938366586961,1.07879628098194,1.62151804310057,1.51052287622512,1.26810811057034,2.35582753511975,1.43911641633999,1.64259724960266,0.942478764236066,1.29509156439748,0.475846149323063,2.42703495514696,1.28455893024967,1.08228688851694,1.97952587615876,1.32812487951642,1.75692819981948,1.26000277995505,1.44192913869581,2.36459308457285,2.09360016285103,1.55395099152758,1.93642262713264,1.49500677855623,1.14814344447951,1.58866707844786,1.40891439627548,1.42462208619632,1.20113426903346,2.20539846252072,0.858231230851769,1.94990943175122,2.12851359587373,1.59703078730198,1.84284457914531,1.46927688630746,0.826802172505042,1.70920443540341,2.27926577155171,2.0075614413179,1.01976811809429,2.29618862051761,1.2293688778581
7.13055506143424,0.763005360743939,1.63244626576189,0.423977731536281,1.53150781784897,1.4648309352624,1.4024269478934,1.62243494777044,1.12473679734227,1.80405918991554,1.39705491556933,1.62190070382797,1.38060418315006,1.67580230665479,1.40579534294636,0.586474247543591,1.92687868873341,1.74201436563587,1.64974825204719,1.68127605664844,1.80914697727969,1.4672203419736,0.666040383887194,1.12572723988044,1.65132719409306,1.52965458423454,1.24650451530329,1.60166526566131,1.12978819212414,2.23704197105583,0.932935512278838,2.06343587605753,1.68621101694609,0.840361731229022,1.65921690700257,1.64120323522375,2.15824456345537,1.2668727026362,0.277795307078996,1.47117973602863,1.75109452014922,1.89241338786133,0.264111188616071,2.21996080660128,1.98682414418814,1.37500287889495,2.54530904955028,1.46116802987461,1.66809101618279,0.945182525720972,1.67218453129388
-2.89497446326922,1.48223568546714,1.38019265422922,0.583593532967661,2.01153490282739,1.39005344122977,1.4999160226295,2.25676027000711,1.61097547360573,1.06472434089522,1.56442256156581,1.16983297910343,1.40776472587851,0.658168258156357,1.92461523122363,0.928696229580588,1.67533135261484,1.36866195453078,1.56880397607875,1.85721643025295,1.4517309031037,1.92771908630598,1.6404038648409,1.31811317627777,0.956579371499112,1.10441749139771,1.26756299036738,1.61646419695313,1.9142563601367,1.18474366190703,2.06031854890607,2.13517365968192,1.55326064373245,0.458849130501902,1.19671474326681,1.83236218596507,1.43193559031399,1.32368210083279,1.83353021480279,1.50857411014957,1.48243859273187,1.41632855872102,2.40076662568618,1.84579123028321,1.56164016461416,1.52397166064083,1.45936135778092,1.60518022846066,1.55767781450045,1.47930587168564,1.42363606989024
-1.39914764289503,2.62157975612725,0.886791933562901,1.5190057844659,0.902673535606173,1.00970343488565,1.47768283267313,1.36725507227917,0.829666153581981,2.07461897343747,2.04288180714628,1.56270815821176,1.66620143482842,2.04582711134896,0.604785077078683,1.90878654741076,1.69670222157633,1.92401216782502,2.25757879960393,1.70257681876762,1.5326413122765,1.98596587788188,2.26092159227512,1.69082535093936,1.28752211542624,1.09546271667998,1.8616140865295,1.93400550159292,1.77048544551276,1.46181666934106,0.881317737356793,0.926325401237087,1.071352409976,1.65504263440955,1.33293414216791,1.2937476718432,1.10600288848463,1.04548044537432,1.05368525067659,1.53661388028474,1.31267577546848,1.18160215397983,1.38103718443857,1.5429299123017,1.34920325420094,1.78504154364975,1.83280945572194,1.28672498132379,1.09362378362348,1.22131126969468,1.71885111093622
-2.3374318839383,1.43281655088252,0.95076668621565,1.41212326247206,1.29495941402609,1.99598568913296,0.886837641734679,1.91945690321488,1.63401417327322,1.12121348899787,1.23610608493955,1.88263402834492,2.25935122352517,1.95156584196123,1.34008064165212,0.947612242581913,0.820726358768779,2.0848783171254,1.33792654657783,0.925311676695345,1.60536589995594,1.47580800857173,2.26147011751417,1.6173500697544,1.75046944513952,1.66362859033791,1.99697732846421,1.64958502601659,2.20226967345522,2.50158777480415,1.0003723276674,2.0938447923813,1.45526707464675,1.2615678750137,1.4235643008947,1.65924210964411,1.14240604517672,1.60637995045964,1.59601956168312,1.03946693790335,2.09496584415711,1.81951071630149,1.32663856700495,1.46053807968552,1.38851832035074,1.7694447926716,1.76255511411827,1.19794922667846,1.25366659287506,1.91109496517946,0.796643147129646
-2.21591193113188,1.65312765810602,1.06355489152499,2.04070504463339,1.77187885640413,2.366862303072,1.51902070857186,1.93498182263971,1.4999279527972,2.01661666610922,1.32475662872817,1.6213833259945,1.18997875976015,1.39484115089969,1.27233300399086,1.28623001368869,1.50191090673822,1.89728460508147,1.63441880468106,1.70706518963067,1.27860633211312,1.32983411185763,1.28927142613441,1.86547049180164,1.90015597639333,1.51706461583578,1.77161135418139,1.16797935053901,1.60502948241977,1.60364995884636,0.729662837762496,1.68089347072384,1.66281767915559,1.71618506348429,1.45636369126379,1.96168521423482,1.24079546296381,0.868692778671528,1.4188513595893,2.01521812262846,1.74167304308598,1.86291343529855,1.79672799625786,1.86534447488126,1.56818387235413,1.84997335373133,1.5083278905079,1.5859995850144,1.5765433767152,1.30718188215101,1.86133738493775
0.796117080323813,0.522853874367076,1.10513276296546,2.03959889994342,1.55527310951837,1.11831328723928,1.99409195756984,0.923427703415628,1.49527458238975,1.86416928105775,2.09438378199924,1.52988287302321,0.842046601180546,1.76302643972367,1.70944520415148,1.46141718641496,1.42670935343555,1.31937316498327,1.40270391394548,1.67610937083698,1.57766963800273,1.95549299565555,1.12630911524377,1.68841567111438,2.48646873735757,1.63591164737017,1.78028278895184,0.565776404650078,1.03545761206711,1.16981399045229,1.5462050094364,1.76591742225854,1.27526434491837,2.02744001848215,1.56608804793256,1.41237611020394,1.26452111297715,1.61848184486945,1.74368020956589,1.76216656605855,1.82721247393459,2.20290831075216,1.90988963574119,0.977007126208818,2.16169925073684,1.88206861598257,1.62037128599167,1.73145202061358,1.9263704998304,1.80878322865201,1.64688336949339
3.30068320242872,1.65043769901176,1.6176319080391,1.94763651819364,1.46930257640988,1.34386626087184,1.95514717296156,0.643410140508078,1.24188774176066,1.58383523133772,1.05615417486218,2.39361470595068,2.1286104075887,2.32288048966542,1.63004059532466,1.09150232451339,1.75661684733209,2.11864508661959,1.62379839709379,1.78246886041517,2.28036291536992,0.941422901443298,2.16274439422501,1.03909688593312,0.633660629984692,1.63932505824662,0.849038209936164,1.59371698537849,1.96984533419472,1.19979447558584,1.289077281423,1.05968973524816,2.01212074289981,1.21689416375528,1.61125160702577,2.3792446418894,1.35569717244958,0.889569818267138,1.04931429355042,1.90033144573797,1.82206073458978,1.41976160616556,0.927560144343242,1.92734156626636,1.61466408051234,1.3148138639769,0.186847339908424,1.79867722466608,1.56767844495603,1.09640713088067,0.801630239115337
7.84716177002166,1.2802085718662,1.49291266214705,1.57693428958272,1.52605492014658,2.10787914275466,1.80116157387537,1.6071920502423,1.02859921647154,1.1759355010886,2.55294219950545,1.6196926062583,1.69138156065968,2.03296502741277,1.52346872149212,0.990194331283585,1.96544443259456,2.14769167988127,1.15751402691664,1.8513602540742,1.87741614515027,2.01984998425062,1.26887553006975,1.76761237595226,2.21509919499014,1.84096104177051,1.17730078413046,1.52949710185402,1.77635719543766,1.68961792899984,2.08711681364353,1.69536551633365,2.33863217716265,1.57881685074214,1.03607867127059,1.6255678619465,1.50037818532517,1.75599966498972,1.5278610638785,1.53717353538298,1.42050986122053,1.64470083759835,2.1081594583447,1.6384737576712,1.27608818604431,0.608847275899441,1.74871127759901,2.12522535424883,0.854633219332981,1.2379069308527,1.33290914278884
4.2575249598509,1.87477044825201,1.67643832043398,1.89361272289732,0.999022340396072,1.45182911551714,1.19360960843009,1.62024577461287,2.10201019468742,1.51508240463713,1.46468977140249,1.36035842720464,2.00271159316304,1.25519272357686,2.44242770819841,1.53543770446194,1.81464302755012,1.61527153547331,1.27964920326173,2.06889933480646,1.40165687190765,1.33860436933653,1.92982680828498,0.22341609588769,1.42606607118411,1.34806767901813,1.10287969885816,1.87476284384832,1.03414511089186,2.26437147257929,1.63239978747161,1.569409268804,1.83428289798103,1.8215920318152,1.94751407681798,1.75330102132462,1.69796170017822,1.92024007738556,1.70229482792751,1.40552965768862,1.4505091435014,1.39724207956795,2.0159961957847,1.23378928567473,1.99030994744445,1.92444737203487,0.782572977515299,1.70811943334728,0.34456362647038,2.32260989753,2.36863583742795
3.58590932056973,1.46469353475098,1.21093256612438,2.27558988584667,0.98298031786594,1.7509082237177,1.19552780126727,1.75974459216681,1.61943639175012,1.34705389191638,1.83929366022473,2.28696814251416,1.71708714273112,0.996998977904632,1.59627710020349,1.73772063812504,1.39240806856055,1.33980209692662,0.974544499507827,1.61934458245209,1.48683603901461,1.9069026696483,2.29133778729349,1.81915706230326,1.67991504107947,1.539681739423,1.61086582507974,1.72371153380145,1.60895082473637,1.74123932325989,1.15915946426557,1.48990369734329,0.279174280889356,1.22981921931735,1.77189214244539,1.72977374290433,2.02509187583784,1.10835400810244,1.00646715301689,1.73523077121389,1.2973251853745,1.28483165998448,2.15037128044813,1.33870347567496,2.17961517946568,0.912733878620636,1.39548736857595,0.829499920163666,1.7285497778976,1.32266419562474,1.78460279576313
9.0010995617334,0.90703602023194,0.759333194958538,1.17607444752565,1.49506030970339,0.987840486241509,1.37406354151072,1.01664495733788,1.60578679318886,1.69509170099955,1.99881189635018,1.4259500752802,1.37674319211068,1.53582634674972,1.19994974816592,1.1264690842204,2.03807269644902,1.73537536925709,1.88901558452083,2.22163042022576,2.24507430382504,2.32785647043363,1.9198094712902,0.987203371722361,1.12843730034042,1.63385050507131,2.0496990653954,1.86554532669784,1.398650480802,1.77778578705568,1.0986027737017,1.05501271862652,2.30703723793061,0.909164238548191,2.26241811829602,1.61612511138299,1.6175667557636,1.31955002497014,1.12532786646571,1.50736646064595,1.0907804768021,1.70435894121793,1.20348917637186,2.20127717531405,1.43843746324852,2.43340855646322,1.45356072535367,0.805664003219804,2.05182074100021,1.85962546563035,2.32481605151241
3.78655370630268,1.56985673112578,1.13848557095482,1.19524049582595,1.95164444780536,1.57422690927624,2.07170493687543,1.42269783844856,1.76681983506468,1.7335031166167,1.60653125541231,2.19046083100293,1.9798305471688,1.51618159798439,0.955661731516462,1.0103748082912,0.792329938611268,1.51776604788328,1.3201386573916,1.87390393396588,2.2119977845001,1.90620398190117,1.52747312868352,1.96138119589674,1.76439565844131,0.901742275762916,1.59964357270967,2.23867471105168,1.06716867097063,1.47084654142845,1.10004615552275,1.62664194449005,1.74551060476768,0.766701082166886,0.401489676054315,1.83949107103457,1.51134634896429,2.2108543386301,1.54903891345121,1.65679809237758,1.5898296543451,1.14569513538845,2.56425074941203,1.78364222152831,1.8646926598444,2.39128669322896,2.46799356871868,2.1109972479158,1.65182426014184,1.75081887051009,1.79842781964291
8.00728366110115,1.39358178191266,1.73630256334383,0.963555078560105,1.52145852729353,1.72565525789931,1.41517414159095,1.46696301150705,0.938095760268068,1.05665690677986,1.43261839178107,1.07535437100578,1.66971058664733,1.02956258848735,0.884732784652569,2.16174430290024,1.4201038051865,1.60549782444683,1.31330102805932,1.99935376732159,1.51850700694452,1.22080339982127,1.01765418211126,1.34243915443732,1.50325888261525,1.38331031499768,1.43314013934269,1.57146021329308,1.62223219787842,1.80209591041955,1.99610227181965,1.4591726690459,1.86112607522089,1.44763248062911,1.35996416824137,1.34044066779847,2.34709715655615,1.28756490999527,1.87243240057378,2.17929194233287,2.16805429554059,2.28255584753395,0.752088632661298,2.40074162885429,1.21340343713791,2.22823777308816,1.57774710482171,1.89187900838105,2.17316530314299,1.98714450257951,1.3434226562032
1.74769882111937,1.00743553956887,2.28441261035625,1.52250232138773,1.65694795112914,1.49992983846066,1.44156061798078,0.866164358390599,1.59055647066727,1.27170770177398,2.09348836735432,1.15241413629836,1.5288204802386,0.993675206309388,1.41765345007991,1.33304242482671,1.11798930420498,1.98207949116693,1.76110840728629,1.48319050718071,1.79153492624571,2.06972073563104,1.09076634114762,1.92037488689741,1.43264646514463,0.917156496889126,2.04260687895925,2.12466137889567,2.24030136452068,2.28974132663062,1.99798543064051,2.33811733148193,3.07376256255779,1.67932460795822,1.21754437556031,0.752861707278839,1.516061998574,1.22324673750597,2.05278282855264,1.70184536342976,1.97518472880487,1.52913199718844,1.82243372586122,1.38417068885439,1.97173713958843,1.39368721070822,1.91834484031028,1.66602680627833,2.01986265189043,1.22586409277376,1.42447485808475
8.70431734163204,1.49777124001241,1.56651289470087,1.88593410255128,1.99312242486859,0.855335488134574,0.628521441260883,2.22119915007735,2.09342789717358,1.29469462758543,1.36126846958244,1.28008438164497,1.27333254186977,0.921915247536421,1.66143016065527,1.50044026631474,2.01844662318918,1.49967135959045,1.55493041932103,1.74521347581086,1.61834901440116,1.28755794845585,1.87349197459511,1.90573573333954,1.86509299317896,1.57858984964354,1.45544877247847,1.34546219962618,1.63978953672795,2.20490038928589,2.04172183806943,1.09160358809022,1.45892550654443,1.21861581315311,1.43220473370426,2.03523370393432,1.51143414381076,1.58493269279688,1.78336436855458,0.984049168234195,1.23166771085689,1.59074304618002,1.40926317705124,2.32375178133796,1.97501090795245,0.77250467406355,1.92802394916074,2.06807336516434,1.45332028527734,2.33461382568247,1.60856686369663
2.20169931369241,1.79233298119086,2.15764877915127,2.12557565993292,2.16156698597201,1.2039693107495,1.21527689061493,1.01042160634686,1.6412088643904,2.19068887073962,1.71394265803484,2.00616596084994,1.60285522833037,1.67590519221076,2.09604218991076,1.58583873943365,1.28670077609869,1.74449647155708,1.48326721555758,0.41657994535678,1.25151148447802,1.42088499964385,2.1459842194267,1.69636789621404,1.17462412173221,0.725335105913808,2.08797059420998,1.6382302470346,2.1535406888938,1.31210114117106,1.61241727557588,1.84810874464771,2.72164286551794,1.75406036698461,1.29075726040087,1.7021186535183,3.57234180078474,0.927749000515769,1.52445412813339,0.955819266470998,2.0523241427378,2.32364143223779,2.24482717282533,1.93851050361635,1.62289554180498,2.54477639673887,1.44592027270241,2.07799135964217,1.54393359783219,1.50291888027051,2.12975875265429
3.9002284274561,1.58886536806366,1.22440949675095,1.92392377730864,1.48072647780571,1.65782896381234,1.54446758658091,1.0703527067877,1.4188305516456,1.76790720094856,1.74254514274388,1.79702533775767,1.47014309620384,1.75403570976316,2.22818221375323,1.6122103455206,1.11934242244258,1.10277120205513,1.46529366043844,0.746828823913645,1.23430134955913,1.99249627640483,1.94494276865638,2.00286707925452,1.17532686141437,1.8407442887331,1.45791017880436,1.9844437041206,1.85779546318452,0.755953064321989,1.72804137638533,2.21254422599393,1.45236284117639,1.33995058267566,2.19011110520621,1.56641002493124,1.86674096821809,1.01247540016235,2.12367078910711,1.04068912323276,1.06761345719429,1.84055358980988,1.7628446661038,1.83917172483305,2.61119600916942,1.52830049112415,1.50888806044811,1.56305784424204,0.292786722864097,1.00553468803603,1.74161843483889
0.952405768788222,0.542066509465311,1.21872054732199,1.71842813836888,1.72540837211369,1.97607421257745,1.52526448570785,1.44292304105268,1.4332970294021,1.1343495446636,1.42584922395591,1.50058163052896,2.18138907750911,1.76920170698314,1.47224740733869,1.62057882518333,1.3092056297882,1.86610447463807,1.87053043578722,1.44722367303825,1.48286363955057,0.775626278949759,1.7183964323311,2.11160833590897,1.65382155406949,1.3929730446403,1.13268031766102,1.8800034704606,1.85725076234408,2.01859211377643,1.53164580200962,1.47383692336729,0.857769966326834,0.932523212782585,2.42520053694351,2.32693859910657,2.7965436806445,1.26292760546047,1.45453564663226,1.26407296147522,1.90433849701242,2.30014080938669,1.03765297090024,1.51736321471746,2.36304459297459,1.23831870397731,1.77122242398299,1.59585823980256,1.4884345882291,2.08137192763582,1.54715096709977
-1.86326500790457,1.84450673959565,1.55453405728179,1.53263488123014,1.8303713117264,1.40004382270037,1.13061423889234,1.78264116372329,1.95992872488294,1.44832601317627,1.3214537741209,0.92753084227214,1.65795586513741,1.77285671747734,1.45745290405681,2.54414628270521,1.36435032072463,0.975614354750319,1.25367104596965,1.44268142429251,1.82747953961699,0.853123153935977,1.51381323103257,1.08036795673959,1.01888421372037,1.31650701042192,0.856065749889364,1.32849143848308,1.48451757440758,2.4340009670857,1.67701482571881,2.01229363356234,2.17845069719938,1.42298033166858,1.12839540162893,1.00665162907973,1.50680851210684,1.2408747326566,2.2556963202808,1.35503143716705,0.936872985321604,1.67633935224523,1.21191797769685,2.13728066237834,1.02057577183801,1.65087473209607,1.74647867681769,1.1118836965329,1.09501106294247,1.66840850960044,1.3084468410647
7.5912669347037,1.05152665783168,1.49065893214654,1.60320603166534,0.726951811027964,1.29179949716877,2.46169267957382,1.35090252973783,1.46186652247118,1.56188436016971,1.35651676038387,1.66808692210731,2.05466068492762,1.56436097283991,1.61606472678459,1.34536006928062,1.11831410579161,1.99446358229329,1.49934054042967,1.65003513700597,1.11962634142783,1.86250973580476,1.2612350789181,1.65749872080531,1.96927345496928,0.83738976925716,1.26029042075755,1.49831667985107,1.03876196666743,0.79086389260418,1.27238857867439,1.58742653240844,1.51717098811531,1.08309997591351,0.794554139982042,1.67705847063805,2.23041729755139,1.53409819582474,1.52506316384585,1.64791539736869,1.56703607063533,1.53519865716387,1.16548468611077,1.23232605608485,1.34419933462397,2.00284232152203,2.16620814724457,1.48850923773331,1.26647960989068,0.993512687586316,0.993399233783825
-2.96637236801133,1.35196068242362,1.21717308898107,1.8043048500761,0.99887987701346,2.3030348839037,1.69419398977275,2.35389180375142,1.99778775705082,1.95527135520496,2.00181897821522,2.09302550394551,1.79429163266351,1.92834469331449,1.68588673404098,0.524619156386617,1.49256667176549,1.69037628327788,1.72498600010165,1.3696362007654,1.55687353643991,1.18672738088207,2.05167194119624,1.59848988793072,2.18407486630721,0.958268271233236,1.15958912255131,2.11559209987729,0.889657391544738,1.07033189208007,1.28946633947445,2.15140892040944,1.24904497177565,2.02784213343638,1.4306166763387,1.93389113049569,2.19621706733855,1.46414082832064,2.17482123928945,1.2634902610179,1.68873540714823,1.32463975208886,1.5690273713192,1.56414645287219,1.72600160129605,1.90439133251388,0.50673332984924,1.17313431749873,1.77232153514775,1.81261763206143,2.62194649094117
4.75753369962457,2.29055943401613,1.32685246345192,0.713914872240122,1.75620768518015,1.299890411152,1.83477379068014,1.38850599100454,1.85609689654799,1.18095885379948,1.25931722802801,1.87600458121319,1.42063764678755,0.894467248165977,1.47630327531619,2.01592007926147,2.36022374465866,2.16162361882782,0.64304972575401,2.22280994422318,2.4600803726375,1.4068324709696,1.56324376819283,1.8556546925078,1.47412039230791,1.94488479005324,1.57127322288411,1.32956300195273,1.87623908023789,1.41812816613595,1.58927133977695,0.916055295559074,1.20219126671949,1.35687416629959,1.32833032656198,1.25351968632083,1.76063271287741,1.34605570476787,1.58004587745361,1.69651147792161,0.616549641986144,1.45718105163312,1.40563367588564,1.41477862661243,1.98168104763002,1.13773863127398,1.61748687295871,1.31522469712133,2.37346042243197,1.69353466399964,1.10741163511076
1.73038945032797,1.28736912880426,1.90809778123771,1.53902533038365,1.45140701941621,2.10099773704809,2.06728197370232,1.18794587489129,1.32676513770066,1.23201591664884,1.63237384527051,2.17885728743723,1.42448900842568,1.89064716851308,1.03622295137853,0.857803734738744,1.69850709883758,1.94141043361867,1.53432298899936,1.20756271143496,1.51478540803146,1.41250918403728,1.59618049340753,0.895781141640297,1.42970288332183,1.67329051900189,1.77487057135765,1.53125414394566,1.40927863292926,1.50055508792691,2.0033089357964,1.12232557004375,1.0823226094125,1.38556011854599,2.00231665699145,2.07550126883818,1.31851948427051,1.2409581064147,1.56854735383829,1.09505770177059,1.68597553416487,1.89802547205868,1.87142257966707,1.63849346798892,1.7428035265298,1.41615981239145,1.42083411779686,1.55544161832893,1.59523767060525,1.50643729292537,1.72939532271538
2.93739535545773,1.77916307733221,1.88459706768966,1.4990725382217,1.29360175782282,1.26270464010918,1.66071192288292,1.86761869908574,1.36824531805492,1.35740204207797,1.6703852235377,0.834541179799182,1.17663591375093,1.76294896293127,1.7264848743365,1.91995721518263,1.35136586662335,1.63140409474601,2.14361547491793,2.42816926448383,1.03387737459609,1.76448575974396,1.39570371423704,1.6487666258665,1.27414789678804,1.43574415623044,1.51393921519722,1.68416911728605,1.91685862596255,1.87864749187647,1.95524645566089,1.56152838534301,1.39180643635423,1.86779068288461,1.21174288785224,1.44793907637016,1.42313856383247,1.06013574244689,1.48425052011995,1.5640210550256,1.85929046575471,1.54088551210396,1.69259839678827,2.27222654232098,1.5077791787886,1.21148459470584,1.03184448385363,1.77198778148882,1.77841374395914,1.544118292575,0.962515725754145
4.58473118339143,2.10126487053695,1.37794651134754,2.14012234471134,1.46267147368095,1.50649181880787,1.26752966902511,2.36672344661591,0.804833278287594,1.77211494050959,1.11171123969619,1.93403727739174,1.88531051028768,1.09337314737405,1.2030087609186,1.9087527983496,2.07081976483064,1.87353107192028,2.27569932174434,1.34472777892755,1.37627099294295,1.59790049554438,1.43397305724783,1.51062234435485,2.19298291569262,1.92348680947509,1.54585500777027,1.33787492280788,1.45857452811565,2.13092613129575,1.17102733164011,0.845455606379279,1.38684019970419,1.25458859200581,1.99451729143291,1.77449048869205,1.86918967264,1.73800442253852,1.30976491035556,1.07268756439769,1.09867308990034,1.54868212030134,1.49496790724851,1.34428216679755,1.79182054539067,1.36649066003012,2.0405620170075,1.17849837496608,1.38925437747043,1.89197426424147,1.38960400370388
4.12057823120689,1.90585623665886,1.04074699988177,1.25914411342606,0.871775962676605,0.88901010428889,1.61340590409848,1.0194327861034,2.19279189231556,0.910098823679965,1.3944833206716,1.25956737626569,1.52583364407632,1.35577671444462,1.18887562365432,1.27622533689469,1.63756185564843,2.93261133534428,0.986731055692674,1.37777149297845,1.9347155747142,1.7903877365815,0.839402847997107,1.72596174022882,1.22441398897579,2.00185490835139,1.72937763128868,1.90915004314039,2.14363881478273,1.56099349074318,0.974755582826812,1.96336681233329,0.931056104010358,1.3592940713996,1.40788923512295,1.0690507435004,0.717540333937682,1.91859193044215,1.50028093417111,1.84581957361758,2.13157612325643,1.58406678909827,1.86443372569908,0.621568053854443,1.95381774456912,2.20984917945139,1.9665952069743,2.14346625694195,1.24303059765856,1.42119032513627,1.28324259895813
1.91384703794099,1.4239421588448,1.6736384539797,0.937246917152874,2.61032951614783,1.5021790340049,1.85540790208309,2.17012502135295,1.01067092127882,2.12661384013618,1.72617999350342,1.29099987686186,1.35723700797797,2.04261029832777,1.36651770019995,1.57737559981724,1.61123686521196,1.59472652593718,1.35869398799626,2.26407059406754,1.3354379598088,1.64027461085336,1.36687916091494,2.2241967199253,1.40877186801926,1.93091109122134,1.89581957280138,1.75871896054179,1.82896896943032,2.11094435161023,1.50104941733289,1.4329425197448,1.94075581931164,1.34247994303741,1.39695465243954,1.80072752058909,1.02286795026066,1.37892485070925,0.542549613360041,1.64607323835637,0.747832449630347,0.31580384649207,1.60140399164689,2.12660825369897,1.7882918896493,1.5917675762172,1.07430760309247,1.52367586527251,1.81278867679811,1.33612175234606,1.70155789434649
-1.79036539967326,1.89798652833596,1.42352805494262,1.60940796831199,1.11077856016646,2.01934019326625,1.16797101261813,1.20166056977919,1.5621893195558,0.978879292257213,1.19372535654029,1.32865319853929,1.08946524986804,1.99437428953431,1.83210087983324,1.83496620513908,1.72098170442375,2.05399664959678,1.47865247725263,2.31004092941082,1.30362427868625,1.24637280395214,2.69743381890541,2.24800583009558,1.57563103567688,1.059833612633,1.1409485913573,1.53021268462187,1.50731285862325,1.85415013940664,1.61951809942841,1.40165286713515,0.441937948700039,1.57804982208863,1.31476069363445,2.1274624478921,2.3343384211564,1.94556905613054,0.961597319310417,1.23871751631698,1.12749545825152,0.299555086289137,2.25638323754243,1.63033121177255,1.39256273538922,1.18272768069508,2.31271405211096,2.36820057897986,2.00450885310853,1.69441921288839,0.97547672376838
8.14691943138688,0.970775615641247,1.06647550174132,1.42219191460206,1.72328174983945,1.78043204697327,1.42685548011204,1.70691898878317,1.62730648423935,2.43284398933386,1.99638497975949,2.13697958914386,1.25290169424011,1.66534310422285,0.739468226639642,1.20483265469154,2.51193782579361,1.62551511694718,1.48519801519974,1.71809455340233,2.0471483416941,1.45973428305634,1.2920972919787,1.6969900454233,1.50051266856573,1.6103159757582,1.14253512159173,1.64027364796794,1.53629160352779,1.50803456069806,2.16874388002536,1.20974202255876,1.58778525725272,1.67248197985004,1.088073462016,1.30580028978122,1.11161598414964,1.62656119894522,1.53498838736738,1.68625649636068,1.05764589534376,2.04735858811734,1.8803255047265,1.76795878226967,1.58692516661775,1.19076496556159,2.13303659051323,1.50111610066125,1.2931444776834,1.32701170932428,1.63382829219426
8.23743260579069,1.57070745893172,1.80977734409749,1.64398138718228,1.86127892710926,1.36575319622186,1.53828394075984,1.29030771275772,1.46678637762924,1.33599542064593,2.30580563994141,1.17272089276849,1.19806278257271,1.47254573612917,0.990823618104124,2.27513712175218,1.4926815620699,1.77820037930917,1.05025408660795,2.29265622320723,2.05260713970249,2.49668421404277,1.73272375761462,1.44524417235942,1.60047781597952,2.0789718060715,1.51661562913803,1.29155367437065,1.96411650983551,1.16767540466761,1.28589316753734,1.36954952678433,1.20316847951442,1.80930154053389,1.44292479067822,1.20068672019941,1.87284108623743,1.25161281662897,1.31542899131137,1.93072826367152,2.00785177725394,0.971018365689687,2.23005751098691,1.82693796129077,1.38246073568257,1.04768764050447,2.42869469192963,0.786796177605308,1.75224241614757,2.65287752307704,1.04983329753928
-1.8751628874876,1.98267809164482,1.91371044808685,1.08809719709229,1.50375647323186,1.38545083936718,2.31819760020732,1.8403265756775,1.7132299788675,1.36114321858298,1.76883727373745,1.42349458144835,0.714450374327654,2.34173155658997,2.42069179428628,1.05133154107724,2.24551633588531,0.890267544114633,1.275610584965,2.03451900443567,1.44406462982436,1.86174139425354,1.18035671674323,1.73697909894846,1.54065188676359,0.919883416497178,1.55567290540449,1.23775602615945,2.09122516043929,2.33669173313658,1.87300753234041,1.72495169281268,1.7943969444554,1.26601625803295,1.59130921765731,1.39910629714755,2.04447691569591,1.3116204504903,0.900392205956439,1.44287207569211,1.31081569626015,1.30728149503842,1.98451067511338,1.67801356182378,1.12519060377621,2.09445952435838,1.00655367023083,1.61617612438629,1.89171096048314,1.06348695639674,1.90132609560803
-2.21685206219841,1.62341775692241,1.14483692682146,1.15536323190312,2.07873415837229,1.84322845377319,1.6140826849796,0.911846522414573,1.31821449291953,1.43722707976997,1.38283233445807,1.10874563436263,1.70192819562354,1.29686705784054,1.41477580693607,1.3853859812764,1.99827275903268,2.03298526671232,1.86824282979425,0.626368050905166,2.06252610429193,2.16412453243465,1.64171662479907,2.05116679419562,1.98396185624532,0.932214435702334,1.70661709988402,2.13884578946719,2.20390350064008,1.86662686059022,1.00987686631613,2.01557183346638,1.71665821672082,1.5456030401058,1.58549529840362,2.04469638534915,1.54710983814831,2.18842234972869,0.758968664486608,2.20101721730586,1.44795920499363,1.78847760340737,1.30488863217462,1.67123153859712,2.05699651584097,1.32655651325651,1.88557738395943,1.58479811605796,2.18236426614313,2.13006032381566,2.08737917665529
4.66830460365815,2.14194508001047,1.62056034068,1.99225196570576,1.90061901290642,1.39309021472188,2.34388511486766,1.11097054214621,1.21118906124047,1.63937686419778,1.25943302456846,1.58842700167318,1.14379128184765,1.66128277730107,1.4648261090464,2.64168337037178,2.02662754486627,1.53951107784279,2.14319919469102,1.88723690910236,1.42136911172337,1.00069595258764,2.03875296037147,2.23351284894937,1.80040892020936,1.35986420600669,1.15900926382526,1.07721519668311,2.00995395689101,1.83696141787538,1.264737184224,1.44943847014515,1.86426904883028,1.40722341233219,1.73643183241574,1.39763199956244,1.62489395982918,1.39850857770073,1.20151525114091,2.06716073260572,1.69698025959307,1.56778157262755,1.26516257024897,0.831007170758576,1.38933454058847,1.83322707420506,1.15626951474613,2.08122572423446,1.61480902493376,2.9824855236187,1.05997955551907
2.09106693613466,1.61670158907913,2.14432444060328,1.51053388794148,1.52369973216478,1.4007350621824,1.43561745601644,1.64264933316058,1.28110051268131,1.98426642307173,1.59670584623373,2.01992596918068,0.928441381311331,1.64439787313709,1.74016835828652,0.931645132135432,1.90667032275305,1.34251769935924,1.55040710004773,1.69260622447838,1.77594536342428,1.38413886459962,1.09691592565187,1.99331151611155,1.44671669450442,1.68398367796269,1.63433572538627,1.04337248272323,1.66426186849452,2.63417898218159,1.87694895456343,1.55053633438672,1.6230151936867,1.21695132308043,1.04460816349643,1.61330613089298,1.8275576898111,1.20569935523283,1.41283488841715,1.4605883851461,1.55051354027374,1.65417026036112,1.73454398927667,0.866521697853531,0.992610619938635,1.34553228547441,1.60958927110591,1.47701459070284,1.45373641889221,2.18889977959042,1.63483892030121
4.31097825759723,2.3923454254941,0.972453421948939,2.10232972377635,2.10918653277617,1.99711099407311,1.18355681928102,1.14454253770396,1.22552421543856,2.41999880266906,2.29471347606099,1.50599198728196,1.34057090016121,1.86018450335361,1.68367112311492,1.28174975972312,1.38706082736649,1.93205613034968,1.69230084493899,1.48545723685988,1.14716776784498,1.81778788014186,1.37218286313649,1.09176717724252,1.3957174293669,1.86569805695975,0.726948657442231,1.9508299380006,2.15526474618164,1.65792220154636,1.7192541466706,1.72500706667454,2.16670051454701,1.50546919092872,1.94350533159791,1.43251795292483,0.55464525014326,1.93360145044063,1.12106346227769,1.11956006415788,1.3618091032642,1.73826373562098,1.74021588348637,1.14700956769213,1.74051607834931,1.79972335909841,1.62734626555047,0.894196791932977,2.01628521945987,1.63882657415027,1.61119833084897
3.5314053710182,1.52520380016187,1.38333574414691,1.71114632791133,2.69711709222487,1.14052597453262,1.40858243288921,1.70367825656352,1.51164489160009,1.31290507910254,1.56018434837585,1.46278489907023,0.85211495136058,1.93854119459181,1.55404406856661,0.964999816527728,1.83983146046513,1.59896347777692,1.99639178132732,1.22844960230489,1.09831735777362,1.08906814126655,1.75658777929225,1.61437181166118,1.00295192388212,2.02255104725256,1.5541183032246,1.04371636679685,1.48207768288476,0.809460226806662,0.902574025342832,1.92651056071688,1.46322026785566,0.646271686769522,1.91347686283607,1.42877992271019,2.15225687698449,1.50040573953993,1.63806879968064,1.09581396419095,1.84801685831724,1.41371397051311,1.65397857265106,1.76044129070288,1.43811841413401,1.77143153061697,1.87781858972401,2.36118739781514,2.36836043504929,0.946153402740058,1.71843518678552
-2.73577379607143,1.55542506844079,0.0728961856152108,1.89609294028675,1.19498579269552,1.64767925054359,2.8290409448384,2.15325015655315,1.0711597226972,1.62254322799457,0.855433107979866,2.00039639631256,1.76375874548411,0.969929390158049,2.47881019288183,0.584335780776869,1.02031672927878,1.14780908356327,1.65839260848781,1.13418933723237,1.16474327965684,2.09805253013448,1.76536033482554,2.62609923995019,1.48779302290561,2.2017991077847,2.612694769321,1.65143705144213,1.58868332961845,1.67539221156893,1.58911763652795,1.58340387233803,0.993438036426326,1.71335279932143,1.77281828444875,2.56377233237682,1.58798175160094,1.34727288514309,1.67145316190206,1.47605915298753,1.56340139080449,1.77414080318125,1.61996071142603,1.57456061037632,1.64275546402188,1.88014400430085,1.11019098384892,1.25330870660344,1.6461384541601,1.5533212852819,1.29996530783204
-2.20718484206516,1.66962539817628,0.9899093407281,1.61138242621795,1.42989957239252,1.19637460005807,1.35859960592722,0.7677035613709,1.6592379267772,1.18395794699388,1.28963102454562,2.29961467255872,1.4807101702626,2.2512029676867,1.63774387125919,2.06280051367238,2.03169120935183,1.83610683750066,1.90426469390329,1.79307357484817,1.63648475473222,1.4141843735084,1.54764189958031,1.93113957556061,1.24090592510959,0.627219358474641,1.43054613873748,1.61860894431874,1.83994860052807,1.34734255266172,1.21318405932556,1.86422307868062,1.01551476306978,2.57663577744391,2.32458720399098,1.26672234203157,0.984747689305092,1.90205623837028,1.13112467571027,0.814396371454149,2.15941687911651,1.36072166906274,2.18842994848344,1.86585503311576,1.84102498078632,1.52386714039963,0.857400714605284,1.65260021518717,1.66079676474888,1.56005937757514,2.26789853427542
1.49793511303938,1.01600736348664,2.01296252392007,0.975109301678063,1.16174494526755,1.80232840481827,2.12266962497506,1.42409795985063,1.70358108846564,1.57376880884371,1.74080906058398,0.926408006930247,2.37716367580151,0.877017033315679,1.43479213402266,1.37136818205082,1.69436302862042,2.09767438356629,1.32767217051904,1.3531497561159,1.65248828099321,1.0197675143615,2.1438828619791,0.707610237554332,1.56362656015152,1.32679469777351,0.863944284894476,1.5508589140434,1.89424081231142,1.48335939037739,1.29379659061853,1.59821054320917,0.96083259044865,1.56019658302827,1.50263697247492,1.11435502406108,1.8020589074665,1.66481917970988,1.01034656047108,1.05715533014214,2.18354703777611,1.67679258207974,1.88955130065425,1.48623034620859,1.63624116882875,1.37366985092609,1.48241102946484,1.47315253632844,1.00823947098957,1.40304316326206,1.33582990006503
3.18581195343252,1.1904167711547,0.888555363446725,1.2696372609595,2.15738710672976,1.437856794364,2.03414738223844,1.85522479945727,1.97684780100641,1.34211041645304,1.30746300215635,2.06116317554452,1.63892821727662,1.41009665345526,1.95958785686993,1.33666860146537,1.14925237122662,1.50955725079392,2.03317209876535,1.10373377198609,2.3174330240914,1.58604473614383,1.55920256431668,1.28383728919234,1.41435005640079,1.26630276084401,1.79680405583635,1.04055484832779,1.42675541144974,1.63325238154216,1.34677444697804,2.17646345173333,2.08943914854713,1.63918794635455,1.37755384806297,1.62813831532611,1.19782424508811,2.1632415291488,2.07081735376651,1.73807325525004,2.42676204667312,1.3160419956044,2.00599810719565,1.79554228564948,2.44633077415655,1.6176122494418,1.25030095509107,1.50888304732272,1.68752690578622,1.29457549843603,1.10436769937789
8.23073638077537,1.74913292619863,2.14660129801109,1.58279126346721,2.21250247544491,1.46185423560339,1.00311432211466,1.45353252659815,1.36639129687182,1.6173679667213,2.15797009938482,1.38580226912386,1.97237624905018,1.3269768870665,2.54231831889152,2.09743279734397,1.31125113237779,1.22688580174545,1.4472776144166,1.55888549761739,1.26295652574744,0.863405701281045,1.38677448457642,0.860304822236181,0.952176904874505,1.71812942499424,1.75260151794573,1.77812953292361,0.957671447604832,1.39049054499689,1.76330548931981,1.51331749861743,1.41433386207167,1.36325961438953,1.8396368747192,2.38398722537604,0.958025713499951,0.909705605450623,1.52799157685243,1.73683242275632,1.79416722463561,1.9059181753639,1.04246902057542,2.35072885335504,1.10711699826948,1.2186050752806,1.47587162246705,1.91299219806607,1.08408439229699,1.7709066249404,0.897492403278279
5.03284059965056,2.54346134417451,1.60084780044056,1.79027696693465,1.80088268259602,1.54336801900694,1.66544694195813,1.03112982466295,2.0888884351815,1.42629713211705,1.54963455841417,1.03301583864237,2.30979418291938,1.7011254899127,1.59095122180556,2.88606624943893,2.68220287914422,1.13087313786306,1.93147331303796,1.71672609951674,1.12201959910683,1.541435661835,1.63407410040761,1.05958391524276,1.47945137596284,1.83177597279819,1.61499125474283,2.24603477450498,1.97596611171445,1.43905974367544,1.14202903671746,1.6054633373662,1.92104517329579,1.64271479530871,1.36225726365939,1.47931371050188,1.842783763509,1.44113316803739,1.45664236623307,1.21179158593737,2.03983044120094,2.0685365090283,1.44612867951649,1.32049205727254,1.50526735451513,2.03210790950539,1.74712313892122,1.49417486543843,1.2536387827349,1.71353018359704,1.49188057853906
-2.52323935030886,1.42019338536841,0.873515247070367,1.92021473015489,0.721215587758262,1.72045072916994,1.37390594318703,1.08564542231537,1.53811995057599,1.3295930695277,0.977381318151117,0.677767898423704,0.567664953627183,1.58868279741219,1.32933965012463,1.98226334523925,1.58951314265865,1.95460125073398,1.70592738469881,2.10747265254374,1.52709007847259,1.55959474040663,1.98998931226983,0.910010942822685,1.46063572469673,1.1587634595947,1.1380306524562,1.2823223538285,1.4645420168039,1.4374496859831,1.40922665782582,1.57547745934762,1.88986935584222,1.36749215472848,1.5373845498549,1.66129238538442,1.63774413737717,1.33038861810337,1.84315886450169,1.4563021719795,1.97364757909209,1.80431896851795,1.35677442861956,2.19670732082229,2.00934947471081,2.04270764107067,1.99272686958479,2.26167812188796,1.56075553598188,0.99996985454037,1.35754222744004
3.88510164412724,1.60015388301595,1.33707353747644,1.60528841853624,1.52984973315593,1.6839878167791,1.57277875298733,1.48593951139719,1.47936919763083,1.4930890523833,1.29007172654352,1.17844484539381,2.0991585044765,1.69049595644641,0.599655577059837,2.34091173150547,0.955820615495311,1.89997738915756,1.44856233521779,1.81220636290351,1.92029376217077,1.5177796700288,1.30496798830082,0.825808512331815,1.28836173254753,0.98991896407764,0.888334606618641,1.52009318891647,1.00904902739427,1.24882179454286,2.03844461786112,1.11497761130036,1.8658922100081,1.70903839096318,2.15610732196301,2.38149029806022,1.61264150132242,1.38785445862563,1.47771867550413,1.26810061671013,1.6744321778799,1.66266611817542,1.08524780885187,0.501393438516931,1.83437671040221,1.97390259946814,0.93397567569292,1.94961707085922,1.55913271644568,1.41495372529661,0.882626848354352
1.41303360832943,0.978686262739676,1.69471081711734,1.7881435851649,1.03969781126419,1.45619674862335,1.49978268268903,2.05631198496752,1.84221192790636,1.28925844515695,1.12773455355865,1.71297182396834,1.09191846521834,1.31497945073873,1.3498700395219,1.09010608657556,1.69996596576913,1.4827301156189,1.3938849899777,1.6087600485153,1.078254218718,1.59908546521822,2.67523448687224,1.32832198959048,1.63464573279596,1.32703960919661,1.84789184168293,1.28947597910585,1.52693543067219,0.969639955402412,1.23675297180489,1.03936620367733,2.26530499045902,1.82816236066034,0.838549995511661,2.03122207071137,2.09745743171069,1.89871710677203,1.818784587111,2.11809334541663,0.598183230226944,1.21614074966206,1.91796908975999,1.88275102917199,1.51194838671548,1.76714631388423,1.75869640070878,1.12108031050829,2.4014667153119,2.028693105629,2.03496675272368
8.3316280767222,1.59733970634889,1.80004517947214,2.73551845448049,1.81017092918763,1.6434762030931,1.95783135964228,0.920812729320081,1.9567749064406,1.5377279779616,2.07947596936205,1.24396268122424,1.66191078173136,0.407533833812157,1.47617326831873,1.94250204903244,1.39925232009076,1.20050804153779,1.66296396306983,1.21199564031873,1.38393690980013,1.70063722708522,1.03458749841691,0.905014825642738,1.70755710978305,2.6271333825473,1.88612411866074,1.48098347412516,1.92638933749266,1.69403286360265,1.25062217350493,0.813776994898247,1.4695955744314,1.65224415634491,1.4853579824844,0.297548748961943,1.38384849364518,2.00389021379961,1.25169778655829,1.89148914582041,1.19986156603063,2.11063068402237,0.937631115168386,1.25419578929652,1.90857156463849,2.24580685715779,1.53471025132692,1.79522020792097,2.45874183390077,1.36179134963233,1.3209452632485
-2.6122737937431,1.57454760088886,1.46308335641963,1.08716287135204,2.0931145752375,1.19647640496645,2.0058305161921,1.20665443101529,1.30608456213563,1.03120666858953,1.22090650671554,1.36856868842059,1.36824562033077,1.65573434668832,1.88999641195953,1.98553335514439,1.35539568686172,0.605264704108097,1.22581812657074,2.09368506528727,2.10662893591166,1.43651224625799,1.12824805905156,1.36538275827167,1.46900544557209,1.50946342045413,2.79392166349914,1.38838962907262,1.61084756990583,1.41978125888257,2.14379966999047,1.02104005445135,1.11874554651165,1.56771135900094,1.93685028799362,1.2178176681556,1.1715100558604,1.77206136653506,1.29302590550806,2.07552833525053,2.01939772256065,1.69685587502673,0.895493315111563,1.85347365458656,1.74806150236127,1.32799399288991,1.45866967277072,1.81746288460383,2.52877440345765,1.40483109775516,1.45297926686594
7.61382128861084,0.814352774909842,2.03698003194786,0.843492837854085,1.98552668286623,0.971647476446863,1.30029230237936,0.676399014567059,2.162156294505,0.639594524187645,1.59577545234472,2.05196145279703,1.82823073129114,1.44866831511859,1.48307555703456,2.18006355081522,1.25404911564889,1.44127536930283,1.46320743486882,1.56047063837556,1.57024127051176,1.49451848202083,1.54516416697469,1.53770680886817,2.06787006504784,1.031023123179,2.21116695400205,2.19030214250258,1.89221715258665,1.99867926188932,0.733571788331706,1.87308416028393,1.54414978129564,1.96707884048791,1.21210115969983,1.2240700378064,2.26328921008724,0.708464453230254,1.13086072925087,1.72969943585033,1.73071103925303,1.90791041185795,0.883641809953946,0.729090931260872,1.93665746865399,1.7549740234071,1.27297637121635,0.950067904092727,1.55533551037018,1.15700805971492,1.23277218789317
9.12450389065029,1.29772094238581,1.23434804161504,1.40196298556591,1.83617999429705,1.80476557573762,2.47607420503117,2.27611420297185,1.38300677443561,0.817875274920995,1.9933373472229,1.39712053577427,0.989931164972758,1.23083034966678,2.3709125668493,1.46423643258006,1.10255126826403,1.50429008208551,3.04775857385598,1.3870786212905,2.39468171378381,1.68690529491158,1.74648188635774,0.861690364196735,1.4707355100778,1.87479458774668,1.89418666665838,1.8237060420237,1.10977385268805,1.65931142150141,1.70688523931764,0.783750803321786,2.22517827425788,1.85290588487206,1.54804247447604,1.86090242830719,1.70747639586016,1.08699702905986,0.916855910856555,1.64713099444421,2.19284087800635,2.31098494763699,0.843876560762506,1.54427528439897,1.45665571732424,1.31005694124702,1.54976019837505,1.48767914373159,1.28555247459287,1.26548242375121,1.2793133201184
4.46512216192376,2.02251487071945,1.77097599371446,1.33142881895738,1.12870257518845,1.56441824032346,1.95847201933397,1.84658129299992,0.638324861692415,1.91577472211034,2.03205532687944,1.72654998586839,1.48224545315601,1.68322157680644,1.4837227147345,1.75193894155104,1.84709816185079,2.01531569248905,1.10818817292582,1.31682038528582,1.5123101341783,1.22696936765169,1.31580108231256,1.99742516080364,1.57782090932618,1.94705625795628,2.03572705166035,1.13545428927206,2.38562586026348,1.03645867247761,1.44539085267971,2.10202697621854,2.11933286264471,0.984637569693563,1.35429111592742,2.5116405137756,1.62436964161778,2.20226962971983,0.939808327861441,1.54429390260056,1.76445639643627,2.00666619838459,1.15586444759398,1.48401180981466,1.41755282802609,1.37645397950434,1.68762246121661,1.80501707958516,1.69538556949926,2.45786222720746,1.80266435672939
8.53167591299808,1.58562449478107,1.73100335526821,0.244749183026499,1.38483170255428,1.14084738378045,1.71278399790725,1.36943787684054,0.979989449647298,1.72085951805607,1.75967961757056,1.33317553224084,2.24030816759995,1.53284746041862,0.8511796270769,1.30976261007473,2.09514806291622,1.89103267051902,1.41699848959158,1.39012843739033,2.1346540122857,3.16476412162282,1.67976641191823,1.24208384234244,1.59363878066482,1.06235263986201,1.30781002819246,2.62703257429916,1.39154751245939,1.33104869353784,1.53360179366999,1.39100540334063,1.12510465006627,1.99859359229669,1.61796955177802,1.06528406278662,1.81179395049706,1.20339109315616,2.27167313029325,1.54686070071647,2.27939633998663,1.12135985235363,1.8278883828738,1.85053467796477,2.07882587498691,1.77198155116467,1.22768957308151,0.813198344868258,2.07015665056917,1.6516300469135,1.54088960358181
2.30179263102346,1.47829994314635,1.59403694639884,1.24693649281911,1.58753589984516,1.70649029228302,0.722729876829592,1.39129759624177,1.62829483498328,2.16688154111333,0.704282101698548,2.05519912063722,1.22740869349905,1.29628476141379,1.66737818896034,1.96197646068737,1.56746119741991,2.44392800870178,1.03124523701614,1.72074212584073,1.53998769323992,1.98033038179255,1.57569715452293,1.18009375747052,2.17982835642205,1.28950169527614,1.1427935822612,1.52055286047176,1.98855803744273,0.800971224567379,1.8195588258973,1.47969541697851,1.26608587826672,1.05445927382361,1.11881289872145,1.75122623671455,0.920458361139066,1.3523285193449,1.90016804069256,1.35796185201062,1.42640837408086,1.68993441493985,1.27489896627064,1.39185224028185,1.74607928819279,1.14943901281169,1.12445651764283,1.15705447211818,2.07874553516218,1.23363082005318,1.00032022016679
2.36172233199987,1.51318898949006,1.61124939733598,1.59772130065944,1.70725089711427,2.42008813959156,1.97681462701678,1.53286648292908,1.21423012659213,1.43024324751189,0.392943754972321,1.2042588195233,1.56184643630968,1.27847475503373,1.64451543422724,1.76787529990688,0.721932016057721,1.3965252177245,1.59547556234736,2.19129565012361,1.19607368086497,1.82781824661732,1.52078341127414,1.43479714558104,1.67548482850583,2.35455469782967,1.33578883922101,2.21565822543527,1.53738096304466,1.02418157507053,1.04067248559416,1.87094947482803,1.42797551299938,1.29110592839923,1.37425776128562,1.87058185790117,1.24602174583017,1.72861276240162,1.31040417174677,0.91889679999195,1.84829131160815,1.06881632892419,2.27835163902893,1.58439458274153,1.92788776774853,1.52925698707041,1.15061170590778,1.50209449285447,1.81159268948849,1.72548338940083,2.35196575849364
8.76364200761652,1.36337848184463,1.39916922087189,1.980083755724,1.82089914230541,1.58380197398157,1.26712417769953,0.996733270893044,0.740962576202942,1.44778479029625,1.38073131259829,1.16079061842128,1.63101748131699,1.21009025383348,1.21488342857263,1.61663503227895,1.28390539431541,1.57865723142013,1.29515042447667,1.66586427964807,1.46745118881265,1.52363777799416,2.08701719008036,1.41381102784712,1.50080663629206,1.81287217940654,0.649905900015608,2.02338684479575,1.10646147791209,1.64945878876388,5.8540250160116,1.42883673239803,1.5643142494196,1.79440832271822,2.24958716854206,1.00089611805366,0.459536697271409,1.09234600131157,2.08245651472095,1.63340599049463,1.85810228298417,1.23269186935141,1.36751358314016,2.02881228567896,1.84653617083412,0.735543959493514,1.69949769364552,2.00924949178333,1.64363715852498,2.10478955509542,0.818585315730333
4.06451720897428,1.73093275826123,1.11932354307706,1.34863507409396,1.75433079057387,1.65672328017189,1.20507643450537,1.05650227414099,0.856329843794073,1.9406019661485,1.17713413604967,1.35399575771495,0.833229012514779,1.95478323287806,1.72267585680722,1.32198956149224,2.18337305899365,1.14360303163704,1.57489142791605,1.39370722198107,1.52057441442497,1.53029404848518,1.80460351506987,0.759553609263389,1.43676676953933,1.2455887312333,1.19983855323935,1.06672682230225,1.2324209682163,1.41312311049772,1.64290152045324,0.588484232418345,1.45003922080016,1.40013975042304,1.31896929166279,1.66768311328136,2.05163487335737,1.75509051888835,0.857585412831236,1.51893608252293,1.202903435912,1.75160010604272,1.43696975076946,1.42006445430705,1.04364805559406,1.82483429048169,1.20657629107613,1.48803354256521,1.62746793915011,1.56679510109356,0.717608742687082
7.96500336232131,1.16242293457156,2.30414367334956,1.41300415802248,1.07972619338106,1.96522472588123,1.46907614125163,0.790922200363918,1.26675614273104,1.79003626101425,0.932784002381735,1.2397465992183,1.15458628133074,1.01059936223426,1.38092251793771,1.11043695235582,1.62235960892397,1.47757624195776,0.808564379372643,1.68330412240961,1.5654843716693,1.29344758169907,0.825024501670008,1.70746190794422,1.83652659993784,1.98117165535995,1.65656116192992,1.63225530857253,1.52581552227623,1.53787809569798,2.2643882236196,1.52161675660806,1.55147938802249,1.39278195884728,1.63901482976936,1.05421456514952,1.56933822569111,1.84046273077908,1.59160496306443,1.41182534135582,2.4254050853443,1.35726971174155,1.55343549819137,1.65561496110295,2.15768652620596,1.55603132358231,1.33913432856003,1.3810386363768,2.07633678913955,2.29673952454977,1.85079208660867
2.03780826472047,1.55519888330306,1.80245733981939,1.06349674986342,1.10480434884236,1.63646082172717,1.53423680678392,1.6719650885208,1.46909588627571,0.691386691388526,1.74046305819987,1.87313202113875,1.11355260880476,1.94682072706494,1.55044564543973,1.20802029577418,2.26388723714246,1.53533530158281,0.997017580739952,1.17033499162315,1.42482175171255,1.93676500678835,1.92273394525229,1.83822301503235,1.08772067316444,1.66876294544258,1.74309796301017,1.52142130314052,2.59079058003846,1.47561789661881,1.49397612888802,0.977228912890995,2.09944935219542,1.24776526790256,1.25598042228739,1.6531705307932,1.14842690959555,1.88560057393777,1.02980173007986,1.18900438267304,1.53826453782587,0.79692937073379,0.956711183981717,1.87808494548886,1.53483692921259,1.23217249892223,1.03930127710464,1.66264934011939,1.64132956015099,1.66313930505739,0.895716936986276
4.33938622646668,1.86401920828869,1.48478522525514,1.51642242616045,1.27006713149683,1.61743709132825,1.59507594118918,1.20415976167722,1.46744444644848,1.15217003545386,1.01223066012535,2.34524385401656,1.65324820334008,1.83880120495727,1.57329764836545,1.43406215587729,1.18177272551584,1.64540189046549,1.87328977296577,0.606870897831552,1.93669896452693,0.56974556414765,1.16898799493486,1.49493443142452,2.08147986317569,0.896357909370346,2.11500039599405,1.48826398430484,1.95376081856805,2.27798789740616,1.79856776516899,1.39510548271075,2.07366133215438,1.03997412710344,1.53829732117872,1.98509813016629,1.51183086680757,1.96268953419139,1.72575133521606,1.97006593928498,1.47974274366314,1.25117341481947,2.22122974382636,1.76641915460223,1.60001153935792,1.60843454744646,1.20611290191837,0.992681418002859,1.00920946512842,2.13016841985995,1.71550328937893
1.53234976509981,1.09584550154545,1.80272134907557,2.07327040212812,1.9876762424323,1.55099932857546,1.31301538273884,1.3759698821073,2.2284573974875,1.18713095470732,1.50586142014352,0.847231048493181,1.5193070222305,2.20930107947409,1.73304087716284,1.93905488024904,1.87437810602069,1.22795900751876,2.19948851402479,0.706293522494054,1.21417384590201,1.26729138794474,2.00761792879694,2.06254663448882,1.60721438661319,1.96209561245972,1.55765111341354,1.34710439340258,1.68624791066171,1.4785532491876,2.31716520291404,1.37823728495954,0.713658719034904,1.52067114787512,1.38427942019796,1.70538856620669,1.45048167702798,2.39459937689368,1.68868097097662,1.68340927524705,1.37078997852193,1.92247500916539,0.825529563151943,1.51289669979325,1.66910519135834,2.10533871277177,1.46599136830058,1.78824559080041,1.62630969619842,1.52049059143527,1.80446099439825
4.3185872845994,2.10254566340297,1.13729132736516,1.95360434669188,1.06439777440665,1.83228345108069,1.74724176505286,1.29404454435786,1.37457917170692,1.76133403865345,1.63642774524016,2.01829348850613,0.770677108008276,2.02851288513923,1.93351074450168,1.20860263067306,1.29514276536468,0.932957667333954,2.14479906790935,2.04944025679677,0.967112347351845,1.38838240656142,1.66524975308494,1.63412034989059,1.9810685430053,1.98202408630184,0.983865797448749,2.12403192903535,1.72968577388721,2.38833387608306,1.16073527322662,1.76146341181557,1.35121667584575,1.04634761300431,2.26609093147267,0.764272085929138,1.5348438117471,1.82411702964852,1.83437296740203,2.52958676797594,1.10901948368383,1.98641368102265,1.18108977519873,1.38349884710277,1.83897400550101,1.49653170677901,2.41439471907977,1.90893899593435,2.3156582312323,0.901479902255274,1.8716932682781
-2.21666846865589,1.81102126708307,1.73868762217975,2.17139621751239,1.05827283180554,2.11312367202342,2.66430930943738,1.10338366742546,1.80961272075508,1.41259493517765,1.5549398424371,1.53137087227948,1.49695203793554,1.45878251352744,2.07652874203965,1.06412748736704,1.34139795841634,2.25692852256995,2.52994855985159,1.05871262514327,0.83352732647422,0.435418928403874,1.67981304357831,2.13870670494438,1.35058522769291,2.02045309323335,1.92434449927595,1.64729989045099,1.5636164678697,1.3197913859217,1.53646208559702,1.61740484778642,2.06326166607455,1.85267546600865,1.49056222510188,1.61490687776451,1.52935975611642,1.03429492296683,2.10591223132115,1.21745937859509,1.87695961616821,1.53083921969888,1.64735750348402,1.98341453233866,2.56081461369376,2.35627561648093,2.30888152472246,1.52358979679128,1.11332180087566,1.12768345632443,1.45293087623035
-1.84122543430396,1.92158291999542,1.73206565075358,2.44128893487102,1.29446420501551,0.455589383091995,2.62538922467845,1.04622495016104,1.88878266760136,1.48937704328147,1.56948500401763,0.725752919221885,1.22748111906168,1.54747639252527,1.66488966074693,1.78895258184935,1.14283980578316,1.00658320264954,1.78702844252554,1.85039196923608,1.71027229136642,1.60844134462404,1.9323873869953,0.912383834529175,1.5864816973436,2.21982470247645,1.60350713586925,0.688362521519667,1.21590326886891,1.79803235179362,1.68955165349866,1.4909313934839,1.7237852041712,1.2719637150182,1.30304222235401,1.43932502249924,1.36505866655687,2.48937907161889,1.39509865709277,1.18070655432741,2.01835775344855,1.99982547007514,1.69404882607437,0.828144737769795,1.50167720666843,1.83734631723911,0.836137303052909,1.45120940312132,1.19621806842016,1.31830232648713,1.43252577855951
3.46171190210976,1.9976376694779,2.0211840866182,1.31733120577158,1.60398522291162,1.29590243527712,1.23839421429163,1.8745313733198,1.73108220771189,1.6977344493157,1.54036681169438,1.85458659544742,1.87826075292664,1.44018371178874,0.981825145509299,1.53239623513465,1.21963913626816,1.71021982510493,1.55493411043558,2.14680229638187,1.62648892051061,1.85098781269334,1.6315446983501,2.22226314050265,1.88017666037724,0.861993517097223,1.38507407414061,1.32044789731422,1.39760951341165,1.08627103875698,2.17065125758652,1.70314941454295,1.73435166750117,1.78068548245014,1.12292227029963,1.32425264249366,1.54152602232448,1.60069376990489,2.0524419300091,1.63896178739979,1.73100039560652,1.12070707866133,1.74441720595121,1.75374268858951,2.03443744537678,0.98729475101052,1.57186721080228,1.29790943604796,1.04976031912297,1.59551590488311,2.07982576418503
-1.75200757145361,1.93981218301654,1.50544632325386,1.50390418038607,1.97302438563509,1.2943799850302,2.58576583386311,1.43759843597322,1.78291604931799,0.812959287772183,0.928205481517797,1.43317349234607,1.15284945180284,2.51313154739797,1.03580538628917,1.78074573086827,1.72244838968541,1.06158348017277,1.64955338849056,2.11334834373397,2.0876513268535,1.18613530608519,1.26316903133698,1.90614009320069,1.50083264739503,1.13145417938517,1.5334541430647,1.47854523363317,1.67776900656822,1.70764040400743,1.58725812673741,1.21508453424503,1.37710297883687,1.9813378679099,1.94914614789024,1.72160935461896,1.90378286346677,2.18217376123509,1.55442378100407,1.02119298056227,1.65439065868789,1.60781683201156,1.81783619250423,1.4640380729046,0.814435934525318,2.10981805637099,1.70981512233131,1.45893259748373,1.44280815934455,1.70311234579654,2.38927668511479
1.54254172660804,1.02384283717177,1.45557756364668,1.69202278252963,1.91814908975641,1.58713862828755,2.09889279901076,0.546800726321961,1.13458467621414,1.6983018992293,2.13893171315345,1.9374795995025,1.54611617551152,1.19952518236983,2.37560421743861,0.638385784309815,1.7973864887569,2.22653354154122,2.23372451967723,2.1959434642246,2.31595602733651,2.04977858624897,1.25272044624272,1.14901540031971,2.16972857837837,1.69288913330448,1.05186105862198,1.81416673436643,1.69404369581724,1.71280548363675,1.38475703883496,1.43346927940166,0.92547160722497,1.13888636770288,0.967854039753835,2.48265285281271,1.64177360498382,2.11599020740953,1.14296625233662,1.04865175472887,1.95571248903034,1.55159815559275,1.24382838398157,1.34213153883335,1.76661333180362,2.27028535444065,1.08718627546859,2.11354371449762,1.27236329606533,1.77636332041794,2.07663099578399
-1.49030111705952,2.076338072084,1.43462281909488,1.67615902808164,1.14748228218575,1.07892734665332,1.63964345427545,1.5610823006302,1.5563945943697,2.26263093017803,2.32561474556917,1.35974158516961,1.98360046636965,1.21026215011767,0.828916494528209,1.88265106386246,1.34523002349296,1.53396525488559,1.63116316225172,1.9597539775442,1.72299844570722,1.87464382208291,1.73191761343871,1.78027265359455,1.38819086750903,1.7831761017938,1.76252228528664,1.59147950365492,1.47159533855527,1.57290955665083,1.73271251418915,1.80118562409498,2.21693888024243,1.88242476431632,0.660246058231028,1.2584875637406,0.922073648700884,1.37067560969405,1.47950763163644,1.35452187685509,2.28349713451151,2.10601155460208,0.575504845478476,1.39267191629508,1.79857134523709,1.88813482725518,1.98881848509617,2.07736107959878,1.19579758232234,1.72809949834252,1.81869686324562
4.3259229170399,1.88922319919403,1.29823945628984,1.37562741514505,1.43822848440998,1.51789631483754,1.0806691750345,1.0985079014951,1.80392637597665,1.18482778512993,1.25118457242162,2.58622050214959,2.06723929281433,1.58055734083008,0.995247010988632,1.85171932343556,2.02202536018705,1.80200356980649,1.52288638520067,1.91446643668033,1.18207611317439,1.61696100637635,2.21372214364211,1.21227977849558,1.97316207606998,1.71423787933254,1.63806137014761,1.96286652321926,1.78636651628395,1.80286456659376,2.40536934640883,1.23878108733953,1.20064904838957,2.11129109082231,1.61242411755537,2.16566550015375,1.48950928257392,2.00242614946636,1.89229353598999,1.59620445375323,1.3545510100727,1.71294253215531,1.1459002639393,1.4928940094661,1.81517658117614,1.44009595397146,2.03588823378268,0.553419568285477,1.35325854445512,1.71531416072,1.60049037031792
-1.35939219867649,2.2666269616153,1.60604168538091,1.29164042152557,1.81940398457749,1.783935505075,1.63838673088492,1.49613062097464,1.22860067797517,1.19733678413189,2.18249637315479,1.28724109435928,0.970119234253947,1.47551847271318,1.47803098148398,1.26988999607579,1.99188441176243,1.46634600342825,1.32233899618129,1.8619074076387,1.51666519736766,1.2716443801787,1.90037625848396,0.744819529461979,1.38955394011669,1.75760211723619,1.59669172501425,1.02086990950821,0.998262244809877,1.66757330797714,1.42313111792939,1.41924460171511,1.71974157195364,1.76758235749474,2.06568468457924,1.97745486941535,0.826952614959083,1.64428303781987,1.84196492097349,1.36582193463148,0.523514143076745,1.17094454246411,1.94817748812377,1.48482531239199,2.07856302259234,1.76882961690722,1.80070388175964,1.44341627625339,1.78532027655613,1.92389929601332,1.44114842680794
8.43673683038765,1.88146587248838,2.55447001923542,1.79428399181852,1.22452470189151,1.67340618453624,0.939789660565461,2.05658428118039,1.41034551432364,1.97232759053764,1.43468686032263,1.89425171507432,1.62437655300543,2.44923672305262,1.11186805250639,1.59180922584925,1.63177843950886,1.07377739552853,1.76745519518129,1.85898006035825,0.998657745831016,1.98668948408765,2.14342484298273,1.16126932065584,2.36489495045199,1.32913683804511,1.03920001147143,1.66320545508407,1.59046525325251,1.21201222336094,1.32464584213886,1.33871691534291,1.90749617499289,1.75452133827194,1.73314599629941,1.44696282230075,1.33363908979916,1.36642926638279,2.30085724161707,1.24999841923665,1.73959914917152,1.81086733185274,1.35779867584139,1.72701474461241,0.989944561270131,1.4038971122102,1.91941773446816,2.3495573556243,1.97415839806581,1.46843412318798,1.07158065661697
8.85291058641614,1.22304709591709,1.21021447742525,1.78011559132846,0.817042842627258,1.22957704416732,1.62986997780673,2.2405719924899,1.80478882870386,2.16300656863173,1.3937619278473,1.09626459164689,1.13497314587075,2.00553469351538,1.51049439079581,1.40815513869508,2.13274662632154,2.11555214956383,0.84775625788353,2.22702975627769,2.06506947500856,1.8823443964378,1.63660400088759,1.37889455570494,2.37053540492241,1.53512952687198,1.93956590789066,1.08716695306113,1.4129020418661,1.86764320658097,0.920474919162189,1.73013931470305,1.81602143666562,1.1025204266431,0.936536785673499,1.52635767690666,1.5874567544525,1.11788252292588,1.42010868827258,0.26491320171326,2.06140415449109,1.17890108984458,1.94889726907575,1.31610527856864,2.37112677875176,1.65090220016658,1.8329142700298,0.96801976465978,1.91942999926004,1.1144009077321,1.32777837309945
1.96161337587444,1.50098337589484,1.85761181050871,1.84289374370307,1.82633742099336,1.47010510653244,1.40672260152233,2.11033411540842,1.06735550822938,1.48831819857828,1.50992357606605,2.09765563895709,2.49267931161423,1.78133851240107,1.98205541608768,2.22806642884579,1.60284640392771,0.99664197539421,1.91207337804123,1.12536320535667,1.72811188595845,1.65006551497891,1.25172352069762,1.95672732928006,2.12259179585334,2.28860560134287,0.519764876751023,1.51947348820321,1.92039279867373,1.49950789396773,1.08586919783504,1.41884354350787,2.4498294929517,1.076729392515,1.61212055107395,0.20122241784885,0.0808759920769697,1.93979279938075,1.27160325257738,1.78416421524985,1.60502764579345,2.06716146111561,1.99667211422239,1.11381430878941,2.26167465839056,1.30251933459636,0.931218270628781,1.6945331186213,1.29056615083751,1.13569022860472,1.29211315927008
-2.38524512808314,1.5830865238799,0.867935605633611,1.64650404220254,1.02460420026898,2.32280482171921,1.71991473188289,2.32038055191754,1.1273226557012,1.27231488301461,2.0139087563492,1.35822499029562,1.89177348218065,1.22736363261269,1.6532753538274,1.49370778359922,1.16178113971102,1.54599658787279,1.70703654201596,2.53006523472297,1.38056383830871,1.05911836082601,2.04329865451206,1.5936725101661,2.29190916018733,1.42586133394775,0.869440667715222,1.94761318766494,1.39756541707678,1.27189086071555,1.98955306477764,1.50773350049475,1.89658390995725,1.94072503867152,1.41799921244862,1.3833956882167,2.44935074981425,0.507430029381402,2.24358272554912,1.73065266184714,2.06150672861155,1.99969752568523,1.03475964342853,1.98535010203652,1.93936445751624,1.64107439555113,0.819004292769105,1.67843003590795,0.647453465210934,1.59685394253441,1.83222273981681
-1.36595306741467,2.32703107699827,1.39058323742456,2.08208651746939,2.03877347738846,0.381393825347941,1.16723253018167,1.9062225911296,2.21801812618756,1.71742841078753,1.63730949686924,1.46261055727254,1.68667950585302,1.54883203017882,1.29336164593622,2.14214129966699,1.79791010519876,1.81459393869143,1.71451842509164,1.13269858254222,1.67315510148043,1.37436341624277,2.14598048494516,1.63026076227389,2.02564751002485,1.60796345507363,1.66863271648522,0.480371122858555,1.69493625985141,1.09185683587846,1.1380936442742,1.22452049642869,1.20526791028334,1.17615743425569,1.98655559341679,1.50380888240309,1.71603968331646,1.74545669307321,1.42080026019162,1.93753984619175,1.34725478781091,2.09782815435848,1.18317006065247,2.2243960978307,1.38633183990956,1.29358675650181,0.796615081306268,1.90185493262295,1.3428078459088,0.627203545309004,0.770935915850241
-1.40702193979664,2.16667815972631,2.03085429614128,1.91703990209579,2.00045041891237,1.10471838163117,2.01523563981959,1.54994756362197,1.0480482147925,2.14194186718294,1.73602172800728,1.02072389794139,1.26847187781965,0.738606628725052,2.09591489563296,0.909408414289755,2.19862980823153,2.63554830028457,1.05548062034291,1.19450546624355,1.23231616790274,2.55998313134215,1.89281497946067,1.48969800177203,2.07222205814704,1.899123553374,1.28504012129729,2.50609058159885,1.62949961660695,1.85524442281276,2.00005824126473,1.66913611985631,1.26377322532668,1.46467967451819,1.80991443595206,1.45435665444184,1.19513468352927,1.62802148321351,0.943720596554832,0.909187889288947,1.81876293854484,1.74183689070967,1.89977352915427,0.925455983825112,1.85020237100311,1.21671388248478,1.55948716444808,2.56980827936759,1.50742824932644,1.50761329169155,1.15996736221622
-2.82641713311907,1.63137967841457,1.58136388019744,0.617163581630582,1.64007371245245,1.43215538028542,1.26499350163278,1.21755175704786,1.94952959890801,1.83849334773767,1.35532603482636,0.0735221828915531,1.18036565722844,1.59928292148563,1.82698721942373,2.39237724339051,2.09297673253668,1.89177236588451,1.7917948701278,1.86225819308291,1.90419062419047,1.8335996395206,1.41635539406185,1.29068947469755,0.788375460890057,0.707411100779219,1.6621842638912,1.92691491244254,1.06814220078709,1.47919489306285,1.08592409302795,1.31975499937847,1.30593322448506,1.209148761719,1.1349143128189,2.09541620915284,2.13770129420716,1.23162302223191,1.82258744842686,1.97175747618573,1.57661873361451,1.08729018407837,1.12971981983878,2.32409282001771,1.55343708492625,1.23379121539852,1.45715179453996,1.24412046977624,1.9532519948587,1.5345411228863,2.21877159929051
7.64280044926355,1.14762271882602,1.7098660607968,2.52140451809286,1.78508265026129,1.0728880341713,1.91545028643715,1.55499613100745,1.90406478102784,2.62784750459378,1.29862064903757,1.88755538832795,1.44415930665598,1.94961853198492,1.47569120811564,1.23869761210527,1.12201918968214,1.33814115483104,0.585407471501592,1.0802793769307,1.3073470614311,2.02179509384277,1.30448940504242,2.51254928139888,1.51299426654879,1.29951029248579,1.12012994872761,1.16523609865536,1.68145000440178,2.39572418213172,2.281311985043,1.22591737250391,1.13157480603669,2.05279290025994,1.22957355181289,2.13222828909965,1.82346893105971,1.64283159746084,1.7207013972124,1.07708573665674,2.40104460689639,1.15701420431192,1.372332435817,1.76761387750228,1.33866740545369,1.89831667660902,1.51697813315263,2.10487125383283,1.0864907934339,2.28200882318876,2.30009391928088
3.35945626841464,1.34750822850349,1.12954401164621,2.12159791707931,1.72735292198544,1.70325973101178,1.44993550271834,1.36101912445543,1.12652741506219,1.4573346760857,1.53222719575927,0.689168579368907,1.75268883527244,1.54747861746929,1.15503537854496,1.88511313005047,1.66290390407503,1.4293971372239,2.08252091327699,1.19362495540163,1.56575530329196,1.45804770981008,2.02749181820379,1.60966083986465,1.91799636924389,2.16342358929581,1.78712838560737,2.41701535128304,1.92816970851017,1.59103161883874,1.54382815628635,1.55373947940622,1.00133568327398,0.880416189629354,0.975765910873853,1.6680021543899,1.35594513732218,2.11142830944033,1.69506421872775,1.27120523714847,1.88699468194575,1.86633904537137,1.26456216032365,2.30241545633159,1.58472404601155,1.79815813579815,1.03541922549104,1.66191382412152,0.844542440453601,1.27677821788739,2.42706656360145
4.73925029292076,2.27654743961792,2.12366241271235,1.3724514160543,1.92684305114796,1.16373808469477,1.64882676422386,2.55012725544514,1.44911136350498,2.05152688442051,1.67764878310796,1.23787783677857,1.70705805172426,1.59350022682702,1.88068605089586,1.38093238101769,1.70255295195294,2.19777817420667,1.17315639415787,1.38299649826259,1.56059652605898,1.45416704792888,1.39290316468188,1.36540715615163,1.71125702823107,1.67687356782816,1.96228510994707,1.40372004696773,2.08117846827608,1.61756969989915,1.40163024483661,1.39325369588608,2.10141680754833,1.37524848831715,1.97138847852119,1.20955772911489,1.35709926755149,1.4001651462101,2.01777650990196,1.63662014883808,1.3019318168882,1.52338508824683,1.59114771440448,1.15872739973846,0.908439278239958,1.24474318894941,1.5997236275143,1.97081905846353,1.26395390326287,1.14792699473757,1.26611168670722
4.37441559514544,2.34622230990537,2.32654488935518,1.1545973977592,1.48052711536697,1.28625301929916,1.5596331066382,2.05922998020621,0.90171917730801,1.24764890484807,1.74525170806929,1.73020941189939,1.90204845697653,1.00609788552732,1.5878299243917,1.52964141686141,1.75677242658033,0.857496517883763,2.29157573314785,1.66114808227761,1.92514260572645,1.10501571546974,1.06491777081195,1.35118345280578,0.933654364341897,1.39540900552592,1.59387241966981,1.84210885383079,0.891584651115938,1.8805754027968,1.84507440969399,1.02493247669162,1.71187548952734,1.96391804295523,2.1477539620215,0.857526145210673,1.58475519039027,1.67596959894134,1.07241210605758,1.67471271870113,1.61225673129827,1.08351164443698,1.20804296710348,1.33481452144805,1.6224640419552,1.81899460180828,1.32770063395598,1.87764872849646,1.56012323260925,1.70982078704162,1.15059071060884
-2.3857481322363,1.93998255061437,1.93036279041185,2.15743685460964,1.5125568880546,1.47492024227009,1.04933148402773,1.72850321032673,1.26200886584712,1.30710584811588,1.3560838521387,2.01787012177122,1.95340184926301,1.63790256690766,0.969263930647275,0.996129554091011,1.605349675498,1.71225860378899,1.72674933124004,2.19798998812036,1.80904976655975,1.30468605053624,1.4851353264998,0.918309310372377,1.55357955338378,1.50396555784808,0.942170483068542,1.79226959942683,1.67276647255137,1.52778509006691,1.62134028011959,0.90591528921348,1.55362250978334,1.58234218447585,1.04366200309372,1.30685202618626,2.26845030484805,1.81141289371908,1.54432526187184,0.549188167358914,1.32543457167984,1.91665049278655,1.3372929103511,1.59174035346534,1.64068075321042,1.5098644152488,1.51739285610646,1.56655837764155,2.09982651487522,1.98776687201439,1.49583219649504
3.18770146916566,1.31533356239994,1.22833716405954,1.69106415251158,1.45015701192442,1.61131034593664,1.45625797373718,2.10078578513842,0.809292377364364,2.37345244556022,2.10822686970364,1.53210070329743,1.16251480026542,2.30675547053789,1.68609691643771,0.971633744544327,1.05617151859977,1.93957424804765,2.28585772367678,1.21829228714167,1.15814293231488,1.32297806598223,1.73420816988903,1.80894183033708,1.43525225875445,1.27800517798193,2.07517198735873,1.55659930488709,1.38259434616585,1.7449977047638,1.53315572987818,2.18992263074691,1.80499482082358,1.51903069759132,1.84734700463333,1.96674881404816,1.83437389976056,1.66165181123937,1.18260691575733,1.36243394716773,1.58137943931543,1.46379661428493,1.40721883873236,1.48922268640515,1.80966337154333,1.65567480114358,1.77592726417982,1.74261737261428,1.56662675553364,1.61967357757302,1.62961018134695
-2.26121617387442,1.83897057042811,1.79854921426581,1.26395079781522,1.8618481744328,0.98229918562995,1.14120752851619,1.33811228079116,1.74687764491807,2.40814141410066,1.67545881099519,1.5234062339255,2.01418271810379,1.64116764041783,1.39700792064861,1.52181752631947,0.648906876525028,1.82456476032479,2.11211662349759,2.05450988910179,1.48182405178162,1.22616229607586,1.26196100487762,1.14506956213178,1.76598617860534,1.62517423373259,1.80616638735559,1.97240307208975,2.35050862670454,1.56345733961343,1.44405261744111,2.11033411383513,1.90625597510613,1.75372469278067,1.55791456769697,1.22161019612853,1.07175346229382,0.778806271532406,0.729510122033531,1.20483731353884,1.63071724179446,1.9084318335775,1.94516586824387,1.89543704462964,1.39936066272543,0.898034614977779,1.53269616761302,1.1155301482457,1.38251141952744,0.758690487041761,1.15761050987127
1.77399633792087,1.37325643352614,1.77636791600707,1.17897297743906,1.80671401612147,1.65614376029078,1.37613167113326,1.32538426567963,2.4348589154364,1.6366399330198,1.66835709045158,2.26113257291801,1.16711897061397,1.04416667890935,1.16936709666733,1.45948078491824,1.3695262792944,1.66726807980838,0.95462687877131,1.63341790596665,1.51648621480864,2.09514947759105,0.513691201750033,1.48198470791403,2.37665082154644,2.34801659798529,1.45265155598267,0.870382794710976,1.79599872379135,1.39589017122566,2.29582905705246,1.48090113097529,1.40772936491536,1.85319996046828,2.05451972360905,1.64561171569936,0.998592866409014,1.89485610112802,1.2607988245938,1.91368978743114,1.90141260089469,1.66755445591926,2.18112995834128,1.81061215810722,1.34232157066692,1.28709316224369,1.61264715483261,1.53246223027392,1.69633794030533,1.06830997005836,1.7766149644012
1.33425373614383,0.883742991240781,1.81678340082026,1.46790405021817,1.72871456216304,1.96553140835331,0.874376317421889,1.476251207952,1.73207091178735,1.27668427563779,1.66596868020462,1.86693016270942,1.58754340193124,1.97544634128523,1.41111695018223,1.35510285530818,1.13677635196992,1.26600647198423,1.81338792419138,1.1279499559261,1.96378214148976,1.5002385398665,1.89517747586834,1.36242318502872,1.46643140497905,1.4857508570936,1.81780657119278,1.38917263713276,1.93842997956263,2.5837905406125,1.39972526561612,2.29555350247551,1.63866616947886,1.34385615030192,1.79298488657658,0.909904408808655,2.12868990869666,2.0617660911252,2.23797567561164,2.13656935942353,1.66308948194856,2.22277100677843,1.30103419420415,1.69868271543725,2.54469895244504,2.38609073980573,1.20118633101845,1.50205713947299,1.63393897246781,1.44407145026019,1.52017899106157
-1.74308936657585,1.89450012891886,1.36519532278949,0.755055316722756,1.59977779943517,1.81893278796857,1.99831016712725,2.23267243988107,2.04760042549802,1.29763168619838,1.69458126442725,1.46473799002282,0.995856380742836,1.72985713760788,1.08310247449121,0.759681539611339,1.60652601933478,1.98195564435614,1.20769702490873,1.68112493181677,1.03548888128972,1.37785708780937,1.54164158898158,0.520593961374081,1.53067597609389,1.28693402942499,1.18828839354724,0.956499852279272,1.75563913276224,1.51933833945467,1.23804196683265,1.36760105270866,1.67060758405315,2.01812305599934,2.07541234403132,2.26984712812857,0.856288263574302,1.8054144130882,1.63419992844194,1.83865968677919,2.1543920853477,1.71337263875787,1.78670846942367,1.23681228356536,1.89938240320672,1.96899382130382,1.92317613353912,1.87362446679332,1.21361096191311,1.48836223407259,2.10145183379726
-1.56072238287073,2.43998889379584,1.02886292998966,1.91691273751199,2.29776614022125,1.93678461838938,1.35649923716918,1.19107805172152,1.3101935599476,1.58675191117561,1.35171533175951,1.2884145844033,0.623218634963871,1.70055320666043,1.48444264149513,1.77334439038008,1.54342150497678,1.70446807547728,1.45893839365012,1.85343574194015,1.34162774695983,1.85098096149378,0.896427108526373,1.97430600087608,1.65900090400587,1.90879052310606,1.71625835620547,1.83128598298471,1.36160979734865,1.7439036061866,1.19987965530545,2.18945891637071,1.29996633349438,1.53092645611804,1.31101800685657,1.08161985863062,1.21365364675946,2.32166800400805,1.60511566011373,1.257377520064,1.37683152628556,1.61985717201251,1.25059485025776,1.60819253858346,1.69518172553965,1.25758009690441,2.0057308931477,1.48653815845787,1.26451942589597,1.25010928568619,1.50534946320636
1.52137009087886,1.0405978886785,1.29948756253537,1.78069248104225,1.78018254454658,1.86302390753126,1.78253040437275,1.0394676302233,1.12455585681802,1.28790513437272,1.62275494007863,0.828796208889875,1.43832656729268,2.33081825730333,1.89025931120321,1.89277521904157,2.04045937083064,1.9242022083903,1.45280018996596,1.97256548144659,2.09210035376984,0.124565011972918,2.35201586655802,1.90102602051004,1.50240322627786,1.69239051612422,0.502774330253004,1.56415121051368,1.43729041226259,1.33136175623405,1.21629096410436,1.94678038320948,1.04448705400892,1.59042932320199,1.48583516942882,0.37725274601237,1.81963373843561,0.892753190172441,1.4608523981966,2.10457387919669,1.92784784054478,1.18445962404182,1.01870171304399,2.18281623749584,1.91154310795024,1.59125733434125,1.63474370039855,1.6060488166966,1.66172816523844,1.38697654750094,0.699777165580987
3.73531880176684,1.56312678159835,0.667256152489647,1.51625537073134,1.67340390776745,1.71567304163733,1.52458659547575,1.88655625433539,1.95358214758218,1.63172199291423,1.87246864551896,1.07491626684431,1.93768239873915,1.91076668524802,1.25954217904411,1.64716119271594,1.70717462866351,1.01847994061897,1.13982949969038,1.86589024884192,1.87825168897953,1.34693090171499,1.2743436396459,1.48489098303359,1.48965262248834,1.91032237702181,2.32008982521465,1.72768219873801,1.89438379521825,0.932341140890963,2.7506562791314,1.12778074091359,1.72109308758314,1.39520551887678,1.13846609499694,1.66121096850421,1.18729793260295,1.67861352848469,1.03231777686889,1.55879221441011,1.53358103859425,1.13545094092847,1.04532498901622,0.70596795788187,1.1877734334252,1.75672839159548,0.990029318944893,1.75807284046725,1.46481009346699,2.28916809816151,1.25910772112041
2.06837120076273,1.41812503937224,1.85492775441419,2.27839116735216,1.21665982135204,1.10001900279575,1.3735446427,1.92130796770079,1.23963502550893,1.34551870441678,1.26262036098064,1.07798066491263,1.58910472179066,2.57040541325075,1.72498642741552,1.63279252748115,1.92405014812179,1.10174272975872,1.34205931649323,1.24812076577845,1.78173228310255,1.4462396645087,1.91866778355006,1.91522649446156,1.70951992596933,1.74071588956387,1.7341048325324,1.77822618543098,1.69817138426155,1.37089972328512,2.24593396548176,1.26932301377873,0.588408214338846,1.55445839490822,1.78776138039505,1.12802319067305,0.837839204805233,1.03620654021088,1.43274279545456,1.75998129897086,1.02797166588389,1.27539959321042,2.40710741782729,1.12621862804047,1.68093323816874,0.58968087379154,1.88987081080046,1.34589806552405,2.0863107653439,1.5745716699383,1.7255816869229
1.1353029598091,0.785275896892523,1.25322971083936,1.83110001708822,1.1991248820798,1.03846177859127,0.926180713315693,1.81525684509897,1.85770546832016,1.97123887133973,1.70697013380207,1.58181039626106,1.67970136349344,1.36671470878587,0.984685356435114,2.11691668792017,1.21352311554914,2.23702587912024,2.00747649824652,2.08714784848153,0.970500276048841,1.05916970731235,1.12572558432424,1.62252617569688,1.30376539778113,1.01085845717398,1.28828538201243,1.52074757547736,2.23914021014275,1.36396968630504,1.66483823314276,1.36556504637773,1.64020754592167,1.55741677804991,1.91648547578902,1.04234524747974,0.528927931697067,1.1240050308936,1.11101200726839,2.38676954630923,0.837861310953731,2.02362198538639,1.48639869379559,2.12499782625283,2.03879389719214,1.27208218370589,1.89122964231664,1.68886719112759,1.21621072862248,1.75674157084939,1.90992462574748
7.66492320495562,0.792551676852768,2.18346467002842,1.2342869240492,1.20073983989224,1.5380802933823,1.84234287646722,0.59374200250362,1.41327788000644,1.55046327409818,1.06677258219558,1.58871632457744,2.01823897714436,1.17738175479001,1.06339292029103,1.76420388349509,0.840019776411546,1.98326612303087,1.5165061039956,1.8843674459395,1.93432270736133,1.29271303271993,1.64130296019182,1.86271845977934,0.718789964851351,1.51641019117123,2.38163994426825,1.31712025082442,1.20298993652277,1.92956998614593,1.81224491668022,1.84011377192732,1.85814846895223,1.08793248610629,0.728785379106867,0.965136364058182,1.97206670959535,1.11085725837027,1.73021791638796,2.11269893441527,2.14669843674781,1.32889925005234,0.860057567824559,2.15783794743953,1.82386073288108,1.71093595832773,1.84842308897609,0.60534460570279,2.01279789707707,1.23459491346566,1.61921909771753
8.02396643780107,1.35567915615117,1.6066170339759,1.38980106184873,1.79914433537933,1.68898363225387,2.01568748525139,1.77151597095943,1.66749476301526,1.63071783988662,1.39153066978034,1.79572536251029,1.20627358325008,2.60931043508998,0.709283407710977,1.97968629222827,1.21286957338178,1.32717098578408,1.08267965261774,1.51954296289866,1.41345197137043,1.90851005029126,2.09885460737876,1.19494952319345,0.932550300205119,1.58269350344053,1.32627187295184,1.62560690815743,0.810065553193862,1.83911215006327,1.68826783563495,1.3862244581658,0.730773027140975,1.5376714187308,1.09439354199172,1.52307386753839,1.10439118409079,2.16750634469382,1.77094495622854,2.15834847595017,2.29259221339935,1.55978456987878,1.00710389464299,1.65842005515237,1.92629753037156,1.83287497991279,1.00391296332152,2.03777662727432,1.59450317303207,2.00678412939721,1.60492237412216
7.98755582219176,1.33479742137543,1.766201279283,1.60501857907543,0.963609445207548,0.726433757916252,0.973957888790669,1.73945556496292,1.62762358394207,1.69594840150868,1.34834580456429,1.64754842775475,2.52755674634051,1.28544330842274,1.04939704857381,2.44821371901704,1.70167731067842,2.43756466741627,1.71828966204107,1.44602342463004,1.41731404135138,0.947589535487453,1.07007731241931,2.243023489271,2.23627818402019,1.6293092803737,0.317230156392115,2.1083839859175,1.49270973969477,1.42632260898856,1.15857536175507,1.31829792812744,1.16496913243663,1.58019577125746,1.32904765957343,1.75399317030538,1.3122291111761,1.05682187675347,1.20437173708307,2.21040538611243,1.38302598726177,1.98076468144829,1.71377703515657,0.73237850724529,1.57913410325738,1.51471678343748,0.984518293041015,1.83482102215029,1.12953207589426,1.87599427429846,1.66815783773476
7.97964513257072,1.34273485310412,1.57193785527652,1.41489454564048,1.22162119275408,0.889335074946424,1.91904721420237,2.17863503907899,1.51908316874792,1.59268516947133,1.38605872446948,1.1253942704445,1.42528639814075,1.53660996455478,2.00152264212728,1.43229693349946,1.45257034508335,1.96345889670844,1.49647340796721,1.83623569527032,0.863973335850799,1.37810057867194,1.67534791875786,1.28922079163123,1.20246757494769,1.4784197401494,1.71405715013308,1.56538897784395,1.83881602675819,1.55947508157271,1.77780859215983,1.26812147790971,1.80960664726662,1.90302078682256,1.64365803214235,1.40758087704297,1.68025233377586,1.29251090788977,1.88847541469187,1.58680836986907,2.82819259175794,1.43019825305537,1.22251127201837,1.81602786925317,1.67744362898006,1.89006534950747,1.87047128740439,1.66928136046937,1.95288082067548,1.85355414406414,1.95471360794939
-2.85844471839589,1.52106935638402,1.44424315789229,1.69983512720358,1.66269862031676,1.01418318586484,0.8478843383919,1.41949631788384,1.95884917972203,1.27282664930305,1.62481673676797,1.94479048412475,1.80518613383115,2.08467183526602,1.20397849807645,1.85693320650326,1.24536363981077,1.88557713234303,1.24925454238512,1.8370991707688,1.85130924925715,1.2922432421284,1.47969519064707,2.11775514605089,1.40434631180824,1.13179995166734,1.99587453673111,2.20216335743503,1.8200445552605,0.92659710939287,1.40685173906264,0.393323637994286,1.28539176024154,1.45393045498812,1.8915592614814,1.62431584354576,1.41485214397889,1.53617871351704,2.30657212914316,1.04729946485969,1.66553053043946,0.87836728084511,1.03761610588111,1.89406850062946,1.32026066772228,1.40733254711099,0.992271180365424,1.62387103311895,1.03229077351339,0.724792833969791,1.71445181025558
2.97373760686367,1.60966411364573,1.62003598688853,1.30898593046801,1.86404433980967,2.07044502531159,1.05979938588727,1.36727447650424,2.10044277972104,1.73909797871988,1.48573918236283,1.88287958585888,1.51312638839875,1.82736997506545,1.13418641259389,1.66928617123091,0.935304514216817,2.32939058552425,1.56522588380837,1.8280223962774,1.71234840668928,1.28966538091022,1.53204179396727,1.61568502001876,1.52949071827417,1.39313209645616,1.77354927973685,1.773547996607,1.92813866090689,2.05435958752954,1.39482312464337,1.9175467203264,1.62551738942837,1.87579722191499,0.992365911134447,0.831520277737574,1.5115070970486,1.75797884303046,1.81194937314316,1.49433990228018,1.37661967486045,2.12612411502533,1.16681372916395,1.8532007769255,1.70094071902373,1.3986500247936,1.1162151819157,1.87978843298052,1.17398816369417,1.30497921128863,1.28002230320392
8.76197565825305,1.35021816065297,1.37453012295281,1.68869287818879,1.51508102268656,1.36532408567542,0.990222928995605,1.37557781961499,1.09439356685201,1.49912458719829,1.97017843775423,1.19531722875808,2.01700350354941,1.26726667320122,0.763811905676346,1.78738501169954,1.8864539795138,0.844177806691474,1.47583557459638,0.854694467179013,1.9297975582505,1.74696652208733,1.54203230704169,1.31677002703507,0.919171576090548,1.27963658837896,0.970170459228693,1.79035688418629,1.70929961935424,1.4523115350962,2.72269266347917,1.15332107244565,1.3976748899198,1.3276707572694,0.801173422244998,1.65041180502686,1.64175242310176,0.981067944598013,0.857537452862257,1.91648534333936,1.83534238791591,1.08953302877144,1.39784612984254,1.45002623706625,1.71289353021613,1.43751658327455,1.52724770641288,1.55560782350354,1.6455910783897,1.57464252555949,1.2803835557449
7.96790843204389,1.30215980412327,2.00512347771377,1.79944658075698,1.39906300158905,1.72055897250839,1.81026007279565,1.57044172259429,0.18142112629323,1.07729721553812,1.38739010490136,2.21554233065668,1.40945123056193,1.52003777414275,2.01916764726962,1.23500776932057,1.47208375011338,0.927890154547646,1.87410042048985,3.27217061235325,1.54061229179349,1.316887763223,1.2588493756266,1.20014765390534,1.69741654830305,0.918125085963265,1.31063509616779,1.49132448716032,1.73942528733648,1.75612259106712,1.47762626787349,0.920233255525018,0.63561039791716,1.43006615640019,1.54416091661754,1.44337858890325,1.04464921289193,1.27952385762869,2.61225019426476,2.29645425222957,1.66332483966634,1.62842463559689,1.92846356820934,1.00337374700519,1.48634264299524,1.42948769696512,1.66583663428723,1.57172510721359,1.92800836142807,1.97621902227579,1.369368920179
1.79546742369453,1.31359699392713,1.60456532067237,1.53294502865775,0.830012425608324,2.41180679147199,1.48436357919591,1.65114066459442,1.52762318320209,1.80326686066837,0.890599862980252,0.797676973648556,1.57313087468288,1.77074817112969,2.3473148620504,1.94631435125273,1.67325965987519,2.54399482281876,1.30521133441236,1.3905569820362,1.49455277164642,1.17848677702495,1.64899558961642,1.83964521393106,1.60532962454594,1.32349436458578,0.777088034135923,2.42076800895695,2.32445330361315,1.34292706792512,1.53396020254284,1.12322247369798,1.72095604201375,0.887021970171397,1.37903491416468,1.85614301295324,0.816163461668124,1.78929189715754,1.52607790210403,1.95509926109046,1.68577530012588,0.344526829366557,1.49540872865008,1.58157068942302,1.53406059007701,1.25123665132547,1.46652269916572,1.56052053350425,1.97176500355679,1.5491679595276,1.57996650472568
4.04649455549934,1.75760236024742,1.03113723299291,2.11652355947977,1.43465914394116,2.35384432658355,1.96638535149176,1.54107521354216,1.14649251359506,1.19708298723335,1.07358880430871,1.22998900576267,1.80447512417489,1.74875838053661,1.75807544683832,1.95866066713136,1.736896811469,2.03648516364839,1.56347966268553,1.49971780820141,1.66022523438471,1.5086325803435,0.949505361317787,0.973005142155475,1.43435594529915,1.31829851471354,2.37456028444543,0.845205008230636,1.27094869639004,1.82831339692486,1.67521076132643,1.93305703570016,1.58054436960131,1.3856992411992,2.33797421964769,1.7331560667709,1.03481103463074,0.643220403504134,1.35988710598466,1.37599635720976,1.91465970494213,1.2869066080948,2.45275069928523,2.64940197256037,1.91784977938909,0.745285884709578,1.36386836368067,1.69136590231822,1.79735587900299,2.00552663359672,2.11188336766372
-1.50172628305045,2.10467740149046,1.76280436585046,1.3739453964366,0.637645077612049,1.44361765519586,0.769750910116731,2.10523182948543,1.83299640728258,1.7110745907894,1.15572226829296,1.25505314151252,1.38179520152834,1.43718976808464,1.52588763979027,1.61767647181349,1.14789773559922,2.34702258184459,1.40443933258204,1.67239145561611,3.04794154533724,0.714361488467729,1.19904421358781,1.4846468870495,1.90863580105589,1.58832802315541,1.44976423728974,1.1078539422591,2.28642146189522,2.28043111691172,1.62134512212951,1.70741937090443,1.66245526468576,1.87288695909854,2.32528214894496,1.48651932683661,1.66600673047348,1.95219100786895,1.89238509824331,0.947739192189535,1.52696213818923,1.43251376147747,1.53001617755009,1.40976152219412,1.36671312779771,1.82417140295424,2.26809022884463,1.81103089178976,2.08645237236646,1.41453698394745,1.74789609923695
4.39073860945233,1.91960761349503,1.63679339377196,2.23510094812446,2.53785626592132,2.02728518422484,2.068741255488,2.0293059356306,2.01667951244272,1.81304362758049,1.39577226808092,1.7634746160878,1.38455079271622,1.31269211524338,1.62088282599325,1.95455606229811,2.02568161776893,1.69105571864619,1.69638708291806,1.32946478372326,2.32015209793922,1.61494033619446,2.04016126017803,1.4336279953679,1.59989978516566,1.47504300024976,1.61847131441192,1.83193266236138,1.80150115551589,1.77087095348419,1.40603773976175,1.75731225970022,1.66248511303544,0.942557444554725,1.22690711997324,1.91553385140527,1.10177274964291,2.00508277788978,0.897813800640475,0.541950382583074,1.06017355009017,0.678062513340283,1.91966434187567,2.46547233464621,2.0475591357016,0.275927481847553,1.63609077312343,1.75750577631848,1.66053818795319,1.71330125310601,1.85170309842995
1.83215343219706,1.33274413818777,1.59909639233239,1.3214636930015,1.25030222471851,2.05254696610388,1.69371373194704,1.68655015829515,0.212440705575391,1.53527334691906,1.08296254317477,1.62583447803045,1.59691761699433,1.84857242798701,1.48692369434778,1.63253213225753,1.86493743035438,1.79720820191022,1.72388013799322,1.55542031270481,1.58069064812436,1.6042942688663,1.62770030657868,1.17131872350477,1.78165226778666,0.897341059649604,1.12875809574108,2.06471931633328,0.894979608478956,1.62021118324415,1.09298301680594,2.05655450003409,1.66405640910995,2.00060059553254,1.24132638133918,2.10669511617141,2.22311697745729,1.18023545408465,1.67986748398506,1.29287061289131,2.31719129065118,1.43730402803786,2.35676907080485,1.24268409988007,1.40955004299863,1.57554875258759,1.581466014328,2.22903433026022,0.516942704595402,1.3128353638379,1.36836886437416
-1.59347000366115,2.09603637545209,1.3792992444401,1.57732908242218,1.48695586725168,1.42053145772072,1.16604948593287,1.42140427869458,2.02673600109305,1.25531251407335,1.40131513766638,1.36818873894991,1.41625202439416,1.83978133934178,1.43495041919573,2.19501773280975,2.02585305371126,2.06611094763458,1.63709872923067,1.23203818742021,1.12437827441272,1.54922892342855,1.19587655191723,1.88536133105383,1.63807036126853,1.62240374065537,1.73291241025826,1.62254040123254,1.37223914648278,1.57906165932866,1.68707418920103,1.42401757214627,1.97627112304663,1.26014104486861,1.35201917450627,1.84232379493059,1.02499852818877,1.75565691925701,1.08507596473381,1.45969132177549,1.99423387215602,2.00829179779889,0.543320450297848,1.55536982780206,1.89246337477041,0.925647090632717,1.82791806199487,1.37492866909341,1.46529238690318,1.47597700440633,1.59335021931141
4.3430300387065,1.87450818479479,1.45090054944242,1.71027971056966,1.53827918463231,2.22460670872052,2.83044210115104,1.20949889620473,1.90210712547198,1.97013533741853,1.6232088198326,1.39002665644623,1.16215964673123,1.66973003633396,1.82700785285247,1.01480458507011,1.20425136104481,0.97390244692007,1.90807026581138,0.896432768553086,1.96977713164714,1.65853298092623,1.55071350337592,1.61457470903254,1.91093047629983,6.12436750798729,0.788892487082638,1.1619806739791,1.66915936525086,1.0183001797072,1.57004348654943,0.986189765313309,2.0227138490444,0.921701018475253,2.15997359063247,1.26743224704257,1.65785194991739,2.08907145843121,1.42039009299485,1.92845656408044,1.268343712434,1.18551523824481,1.89951860353864,1.66435969747848,1.17130498338307,2.19752918609693,1.61684080234541,1.79743834865473,0.949775416980382,1.68540801537288,1.83983035966203
1.6903556590379,0.91768739167517,1.0757088959944,1.32049228616344,2.2088289538579,1.41107128724724,1.90363351469863,1.52173225032911,1.49592208586035,1.51609459388294,1.21219194142992,1.58504472033159,1.4392960846168,1.81033949624,1.2538542617151,1.54524731913579,1.16623285849099,1.21286525484306,1.97929196507867,0.927319698778203,1.44506365509604,1.93268575622574,0.817352758053931,1.98338051930745,1.79993884943502,1.29842834205932,1.75876469899834,1.2656765383853,1.36326091159321,1.67063350453085,1.10060149853847,1.77627930466349,1.30212649862745,1.5339780875323,0.826712105467591,2.2180503778122,0.834175395511711,0.958423586324555,2.18521330712974,1.87863856395351,1.46191089590856,1.17241376302482,1.6607729136619,1.49653721097348,1.26883935809912,1.43371572779654,1.83959807061588,1.6667549287655,1.57742386575162,0.771903759467807,1.76696541456463
2.59968328346109,1.5883007930073,1.68917968501816,1.61020580542807,1.44017460769327,2.36575732153185,1.34562702369933,1.06716094375405,1.73525354257089,1.49437418832323,1.69499235909274,1.82212063654554,1.38302926467797,2.7378746476929,2.28898527852,1.50099970663977,1.52899976995724,1.90578944869486,1.82845220546451,1.81558421904137,1.71965239660995,1.3641248072049,1.08726050359048,1.93678535822425,1.17698109832372,1.55931444272394,1.3921201046622,1.59675530578783,1.8290069679402,1.53197041798083,0.641970369315571,1.24726620726817,1.50752006807675,1.46005360863307,2.18223901005952,1.74872391377542,1.28309763404752,2.01501059929286,1.37953013493577,1.61733378561034,1.37664354889877,2.45041590634842,1.82268102795141,1.80537798036965,1.6609396235624,1.58783834529565,1.43579770266341,1.89386463684084,1.61291080327908,1.43389630902905,2.02140614140643
7.90203391573127,1.25538215933324,1.91127571126407,0.937813292800438,1.28822055217197,1.87297386399264,2.14309779038854,2.05562101889343,1.40917510525331,1.06403956195782,1.89086680810474,2.26094237735163,1.32313234072335,1.65035372782592,2.16777223102593,1.52823349107087,1.36734776647022,1.23968226895129,1.6455332846949,2.06646925529504,1.98651184563563,1.60605306989371,2.05432033530688,1.57523930060355,1.17680315183083,1.71767339615527,1.08577211530022,2.11386916725659,1.57143583137904,0.459230527009743,1.44854807042776,1.58300037144813,1.92924021724067,1.61159989030863,1.19257693745629,1.342648102802,1.10162366412747,1.78137542608706,0.708107904583819,1.64572403736394,1.69059313546177,0.780065339477674,1.24281765009014,2.01510286121229,2.94539143467275,1.25597896340112,1.94591598254444,2.20939822674383,1.99898006186325,1.63329934102539,1.24186247637882
3.13516678816688,1.46671610258196,1.40251191821244,1.7003390616715,1.92789822656721,1.75262703676772,1.77328194306795,1.42508246590454,1.60100654514629,1.49104867993939,2.310363393671,1.73265939520462,1.71372496707415,1.78275489211218,1.60203773357263,1.40289838533392,2.2084135669002,1.23016528540965,0.820493894897832,2.09599641097381,0.656675136299971,2.11972599838825,2.27126011437093,0.534917246677668,1.72160503353807,1.09276828160109,2.12969609916816,0.836009635895091,1.21710870461867,1.65888111671358,0.363021201755369,0.826812955824825,1.85923751136097,2.11389404771451,1.64117947031034,1.61422488305751,1.46749871661024,1.19781410797034,1.56923267328054,2.12339704202971,1.48628225975246,1.35285501739482,1.91101623542902,1.98076349901602,2.75610205304544,1.72157263629427,1.38266620441351,1.43583444903107,1.65901884745159,1.90022129303241,1.68613033413046
7.09063562185391,0.54904708499059,1.3845116526104,2.01351760426142,1.71816250538998,2.05808586821038,1.41424532021598,1.44423167983119,1.25801260183083,1.92459472098943,1.93746579213464,1.09376775981231,1.75938616075577,2.0409419220857,1.66659964985131,1.94626061082822,2.31087759653509,1.68898540220966,1.59208596874466,2.03816060395521,2.40739243095679,1.85687115631648,1.20445085515878,2.02807449404515,1.6701928123166,1.37587770670128,1.77700296390494,1.96977132159731,1.77165001898832,1.52323455114017,1.75959743706697,1.64813113404756,1.74980672757688,1.79594869777548,1.40769531540103,2.22038227056866,1.32694688170997,1.7965968210452,1.85596776695738,1.12819711379521,1.13818686730786,1.20603762721807,1.85710294000052,1.44555786119177,0.764776836875611,1.65295474189603,1.18318265008144,2.07349190300912,1.40497537622255,1.04575426226979,1.82051700888127
3.09951518414855,1.95393661357291,2.02426215092822,1.10227437690176,1.72646724837665,2.56573148261786,1.20272764836056,1.79510658326167,2.09568886904247,0.857239606703511,1.1931510318898,1.2744499460023,1.02349700171553,1.18008578644671,1.62337880585926,1.795975142866,2.29954477791288,1.57047307039439,1.52086345391665,1.63983200142141,1.8163491204562,1.8438496014918,1.77213112728491,2.20515081360942,2.05514934838514,1.03418619240997,1.21328404478643,1.52415468497308,1.71006174271229,1.76555017932095,0.79572430848987,1.29222184763655,1.36699606761192,1.85887525023258,1.39232798610369,1.47437510799171,2.04640583327893,1.81471027792879,1.51270082126396,1.26311803686443,1.57751775072802,0.931303201061532,1.89918636076318,2.19667445146099,2.02725325854884,0.688432442313287,1.81059668156583,1.76521855346922,1.65662926216197,1.74874515629011,1.48003419088486
4.48082863832253,2.09434616002133,1.22419546968623,1.20850306553693,1.2877921734681,1.14990448976398,1.62757707575439,1.31008146715348,1.96950452242278,0.955266201984338,1.87968306070491,2.24253762482206,1.83138676251929,1.63906453613054,2.18286153839233,2.09611659789334,1.77666119678956,1.83983365385003,1.45402287437758,1.63590349589463,1.51461454184538,1.77430327281572,2.02626435628891,2.11810846907951,0.841195873009641,1.55022413181895,1.4787446034141,1.066338498696,1.25556166220861,1.84141702027782,0.991189045953705,1.98989073412336,0.592448467469714,2.04702515693748,3.00204511660325,1.35581522569939,1.98339261444829,1.67639421592721,0.784327921136567,1.62791127111833,1.51709867489537,0.885257688488284,1.9330918161136,1.10404207039616,1.13257152644918,0.678838949161926,1.11280363939027,1.66473362728978,1.95425633159627,1.99315943292083,1.63033078584943
4.75258213746342,2.27476573688498,1.39290547934611,1.87642667152526,1.23084790595935,1.49896438179651,2.18085922906292,1.25335796721642,0.812959709056169,1.47618203952764,1.21415445546699,1.22924728893442,1.26924634507135,0.939471521169272,0.988573295897617,1.35869142090414,1.70361358564853,1.55374592428527,0.840009746888124,1.64095339252176,2.22303152689593,1.47923590285311,0.484698444337129,2.05686195356017,2.71107767926141,1.07104830577038,2.01902812006831,1.0668997896246,0.910825921286299,0.823352232004305,1.48629959476979,1.03145947483833,1.02996333648932,1.87516176362066,2.27064780894648,1.84858973588641,2.08613301082483,1.52888641377298,1.6023768635291,1.30552832610164,1.42861971376721,0.654967162689682,1.32312653263257,1.21792023100256,2.52816246560202,1.76485346291305,2.03316329035567,1.81885109747145,1.95493924339056,1.0161670802791,1.88209406392454
2.08214505199767,1.64859691420983,2.15523886913235,1.63503436690622,1.07320441172522,2.44679332387996,1.81245955542851,1.49954920552233,1.3076801818286,1.33679190935085,1.75716071586886,1.96191540370817,1.27258654492085,1.34421503108475,1.5187943799506,0.663943319228824,1.25727599767626,1.8402817973601,1.75179999663509,1.41463976775748,2.45680329674559,1.59103172964128,1.11776824457909,1.44428288952857,1.38391204810002,1.72386294752482,0.963466219493345,1.76402534554246,1.54353411232465,2.10071660000837,1.77430369731675,1.6002563870596,2.07705347326081,1.56132431568215,0.814978621174737,1.33819168312011,1.54606371303009,0.967000452153121,1.48328495460514,1.22299808384132,1.93334613007265,1.43623101128007,1.61244404516762,1.55839607644579,1.72955540859574,1.51613296977681,1.63220540319721,1.71581715182526,1.80404416666993,2.0815284856002,1.23208544284981
3.63355319377543,1.59577655005816,1.4214020881465,2.17095626016325,1.20285431520113,2.09032071610517,1.7817473245069,1.70223874421583,1.94549529064324,2.42490811965326,1.03160457931686,1.48291999136152,2.32458501481415,1.72745264159591,0.956864441898577,0.851870671583199,1.32870420416937,0.944241628848013,1.74182922220249,1.69696418090323,1.65748259029064,1.36117248063756,1.47621036787869,1.16306079023192,1.64612966982971,1.64945171775658,1.66839152142172,1.28897527996708,0.835684496443723,1.78417856737275,1.63042267526991,2.02330874249315,1.76288007752322,1.088621656722,1.70724495155736,1.93736038991887,1.35166659333107,1.71205953837929,2.00964933678025,2.15259050531077,1.36454838395603,1.42639119506911,1.7007888960036,1.87560655353282,1.02992389714475,1.761557160882,1.54034361273669,0.870581870740069,1.57706887850336,2.06641408421897,2.51586017005715
8.11526615616023,1.61578701644172,2.0430245426124,1.69411386534861,2.33056065596012,0.621154402355368,1.45759380979657,1.69673243921874,1.71054300356513,0.278569134759062,1.56551106101736,1.83267975015899,1.47687035487612,1.87627629723132,1.73428356087935,1.36313071103486,1.23553461604511,1.06668884849392,2.0513303770427,2.24296043917601,1.89640858816189,0.915231577728923,1.80885905563752,0.867120165683323,1.80150832709483,1.54294679006633,2.48571019139531,1.52057222958956,2.15581295197211,1.45589848598592,2.28063884503439,1.52206929824456,0.761966700695621,1.69106383271724,0.871576645380556,1.51076043646397,1.69407253542567,1.32858454501898,2.30630206401249,1.80968738546204,1.54890446402576,1.23294810427511,1.41749889584327,2.45407557817326,2.22750862428045,1.70150947876332,2.39615993668293,1.84243493351356,1.19405129794134,1.54484416973394,1.38678987654611
2.07007739534389,1.650089844128,1.98036522842911,2.16583242560588,0.714422994179227,1.46751035487761,1.61582510800607,1.92390855500678,1.76324448823905,1.31414857808895,1.39091197860713,1.54720662136865,1.98039343957573,1.46164874448904,1.5742797624932,0.843891110648366,0.791550804675365,1.22963530549064,2.45058781421302,1.55020893344713,1.27229969426855,1.04749671865818,1.45368995155688,1.86287731795255,1.72835954006901,1.97281399688065,0.913214265529848,1.5713305512064,0.92880135297278,1.0826711026496,1.91108157525878,1.50661049457578,1.90435618528661,2.07061684660317,0.913580100310333,1.72595483797534,2.06219240908477,1.51905670993983,1.33777429477285,1.25869520603321,1.30340599482742,1.2281505467396,1.71452081509092,1.53559130744507,1.74618338369285,0.954902222654912,1.74186410026955,2.10535026841081,1.64490024700097,1.50741564137274,1.78331637740607
3.97853507135122,1.71348985621098,1.48763493841179,1.21471559880517,1.55118753741047,1.29906051663278,2.7965296821719,1.09439592550808,1.17758131499858,1.63545569973381,1.00269947951996,1.18401177609228,1.7870950791124,1.43217359035933,1.00896051352063,1.76605036422906,0.980599234386917,1.42935511534946,0.889849454372275,1.60187193090229,1.82301992534943,1.08744391143464,0.417262052758111,0.995756852390419,1.55212902286697,1.22101033547513,1.49839699892222,1.68370016404601,1.73183623017041,1.74545054489082,1.70372471680323,1.97893217732458,2.40430168736379,1.50481652125372,1.18529086668363,1.62238181846369,1.79782496017367,1.56675695629059,1.024354771318,1.42676317536562,1.82945086227472,1.04596688048265,1.37942354875214,1.66005863940956,1.86104723149448,1.54986042939164,1.22519386040442,1.15600305217801,1.3334600447192,1.53816390378239,1.80121104682898
3.67084816173366,1.5209590883896,1.29723732932279,1.82290058192451,1.86081152610156,1.25492129157784,1.69178044277161,1.51556978994002,1.41991750371051,2.1345273826992,1.54232270059258,2.12473530139233,1.09393335884566,2.27967167783935,1.50707566138673,1.77604635105363,1.5851347065957,1.5079526582015,1.13550519082649,1.81445838385179,1.69958217475616,1.44765430425676,1.04982976413374,1.64399277324605,1.95275374783129,1.65462257779168,1.85181908878935,1.69684907110567,1.25467910939963,1.8279949553031,1.52231268650754,0.964763668017453,1.59298500191414,2.01582653071856,1.78703521051953,1.7907584954254,1.31085081740068,1.49227228078543,1.29680128833794,2.45387282998517,1.47796101370493,0.292262372775906,1.60885603062728,1.35285797918926,1.14080112352896,0.64712896626187,0.844912568508993,1.4201568179357,1.83272614736293,1.68200285080964,1.69766129178174
4.2234919388368,1.7998892430015,1.5376249493889,1.64792255956847,1.29944511294476,1.86570598921914,1.3076075270369,2.35567170928791,1.44558783742167,1.44280758018044,1.87956901941622,2.14990973845701,1.61499258545642,1.1250213667963,1.12387750382501,1.7246913170025,1.87311341036825,1.70683350292314,2.55428663463367,1.00162039566878,1.69739628345994,0.913885912944241,1.24083666127493,1.56518847187596,2.27383461642677,1.16617012800328,0.996605576786002,2.66336226033042,1.83393005043021,1.36563808287261,1.97924390070334,1.22278185127145,1.50279982359974,0.642915627109586,2.26575574032637,2.1797674044739,1.75023251315757,1.31296597273155,1.37237783263916,1.95563299845389,1.81320844723996,1.71662932985612,1.21727546918942,2.1221677893929,1.68345168984625,1.3549782039315,1.7108895130136,2.27220357299049,1.98572884736659,1.750331540867,1.80428523273875
1.33882921192171,0.963288141727585,1.70723730828716,1.8826920633418,1.98720614133569,1.66504613576299,1.58620375130997,1.2030463132066,1.5135110146632,1.8572582616434,2.34881324699072,1.616633553235,1.40170686895304,1.81708050824498,0.859533910124747,1.65609479893898,1.33708241595104,1.4593792272893,1.81170644121099,1.97549606447307,2.6853431680226,1.13084018195417,1.6465463796321,1.45221730647647,0.996510045477717,1.64195288007815,1.28043544112664,1.59992893128499,1.8485833099204,1.19584114017831,1.58498016343582,1.85376694509999,1.37540240272634,1.48299894335852,1.71513952671622,1.89195698993382,0.970635707452717,1.32747351583174,1.86932993323497,1.43952435273825,1.75343965478863,1.29694221884283,1.26767397198413,1.56605137659875,2.03064464678348,1.33780139948263,1.46395447446841,2.28298896205387,1.20292325104897,1.61315626240852,1.84110325533545
1.19254902802127,0.86140812269468,1.4242274620328,1.25916253078491,1.68141588996129,1.39041374936197,1.92504675943802,1.31562646321243,1.69146267314327,2.09470859097103,1.17419025392906,1.31939319182072,0.979747476577072,1.83561706413192,1.90300630170531,1.69193328865166,1.16477168880788,6.18947730880094,1.89592567474395,1.21286061621117,2.00390200348493,2.16406823558913,1.02293101570234,1.33161377002667,1.26076617535617,1.52945821256175,1.4489095553596,2.03012643018637,1.87617162848264,1.89570406985079,1.42237605479084,1.51977249720994,0.900346813373655,1.24510558347499,1.23771883380788,0.89146536768583,1.03771589890105,1.60669461290078,1.57679015428324,1.86217373035516,1.45398904913175,1.24792158626909,1.40604074475513,1.63399743957487,0.901511529490906,0.929304418269756,0.695596163436727,1.77821206045424,0.990492904190766,1.69738180806892,1.18063677808464
-1.54841142532761,2.05545941780504,1.40171641314928,1.35522826894133,1.86724613677088,1.27796766444678,1.51850374529553,0.928732185053299,2.26320385693914,1.61061488855243,0.988960156445994,1.35212172895565,1.5242701509347,1.52472790946792,1.82976090572592,1.74013018963093,2.12724966927595,1.31272307920281,1.30152683408968,1.96722515283457,1.9084634345795,1.30904509698667,1.75661753164896,1.93310476204081,1.45912873208987,1.60756499725562,1.47610893558072,1.43943878666996,1.74629741118371,1.92580462730445,1.2257596871471,1.55839742084523,2.34467763310312,1.76579684859596,1.67648881682921,1.87824442132046,1.81607492983901,0.751479869872393,1.23128387599905,1.3475917675169,1.19493493787359,1.50398525054107,1.41372027406789,0.922724498040566,2.65988396300136,1.23058280457303,1.69060935977946,1.35643876905261,0.937148126823643,1.1145139944863,1.01654442712919
2.20194630818449,1.72748884152271,2.25754830887156,1.36295021908316,2.82342602090244,1.62910808616618,1.00990636912662,2.01722434301767,1.28005334958285,2.2205890987222,1.19021773157374,1.2638299088704,2.05507727906176,2.31926534081543,1.26375741628295,1.42610318975057,1.61819237335976,2.22309995691904,1.72118785615577,1.4695818411331,1.2772875487697,1.38363444757856,1.70573759018149,1.25092235920472,1.94331909628139,1.40666027527508,0.976462919794238,1.74884531321217,1.37996611359255,1.62014103302326,1.79073176560802,1.49765683005532,1.49966686668624,1.92515754088882,1.73243566442746,1.18116291163251,0.812324977064657,1.37084907898685,1.89075943207736,1.42463480461,1.74526827606627,2.06475302394919,1.33214389618003,2.03261111743315,1.38220021019331,1.57275068011059,1.41303228066025,2.08278805756934,1.91182373423052,1.53455184107183,0.899054650421432
4.17007742476629,1.9157563290722,1.17629478815685,1.30364550554744,0.96236162465073,1.80544443059778,1.20431697971028,1.99422217698423,1.88170931139871,1.89907846163955,1.07123983818486,1.50915690568234,2.15893179508618,0.906863566880322,1.68898126549617,1.48455908661669,1.20225422453217,2.16586381279679,1.55381122705271,2.11637987834201,2.36377475617058,1.48368181047859,1.70205947263289,1.93252091861479,2.53681895270813,1.27755292452473,1.80552063403554,1.89541001869183,2.28562685383099,2.19780017038345,1.41172986563864,0.878306434792304,1.8502361164147,0.984701132946352,0.858473173394495,1.67062845946908,1.79376560483127,1.22953733909704,2.44360406408492,1.69341249099789,1.7095138963736,0.634466106281246,1.36935274243506,0.610968809127059,1.25700468557731,1.50868441073259,1.54272966136231,0.805232405703276,1.96061487296712,2.14716524960148,0.642229101642748
-1.63639289785923,2.03261162640333,1.61185417759567,1.80064704100481,1.28690804321887,1.46813429133663,1.93321137059786,2.16229912579049,1.63429000518096,0.886130615183451,1.27863330990701,1.56592921253702,1.75493480888902,1.93543404457844,2.17102313795062,2.49775794533564,1.8885399310721,1.46079717147692,2.07501731317617,1.68714587265545,1.01895270107387,2.23481996097275,2.1299002736896,1.45221142992765,2.16934410100285,0.942107982911185,0.362200145153395,1.88117636527799,1.8721373411865,2.41578278181057,1.51990551797969,1.23472061496,1.13099394455565,1.64412360102199,1.30429648871156,1.71261509319334,1.68258897429145,1.68731762647054,1.53888756707065,2.38165373141337,1.29071554618649,1.85930058410356,1.73363537247086,2.10545305607913,2.21738125635816,1.53428021907266,1.74064031479757,1.49390672095569,1.28762670942876,2.60534262609642,1.21252455018778
7.65051392783839,1.09522388438061,1.76612051456286,1.35168840591265,1.50872505512977,1.87219129396838,1.63665131917382,1.76683658283964,1.3820919884043,1.97308037099377,1.34121505501655,1.37525314873425,1.23877732846765,1.62760713824699,1.57088671553881,1.74870786198221,2.22410920599242,0.901363718449052,1.26014290545676,1.87262553718017,1.9377934663346,0.302867226721764,1.13474621166228,1.78301833051828,2.00589732409911,1.69665517824832,1.0327126170089,1.78571206006715,2.00474182822535,0.909467272624402,1.88968805239886,1.37094847540426,1.02539762607615,1.32461668352234,1.44299277823776,1.79741202049304,1.5337679300868,0.940413275894282,1.67014929196411,1.93842301874292,1.02761759681027,1.49886824964793,1.4491410677412,1.56514772523396,1.73052497905604,1.6292329746749,2.62397110480725,1.10506887911973,2.27306644255026,1.19632117589732,0.571701580373488
7.68351703307928,1.21006557880071,1.79442804504781,2.20573431793822,1.580632720548,0.479941260013477,1.49465722838102,0.494818396215097,1.41927406596571,1.94336921173057,2.05728396805182,2.24930432313212,1.221127287628,1.07041220898072,1.49738649686348,0.881712722410582,1.44634427209116,1.80999119443593,2.04997488794038,1.42666724851399,1.5175991585589,1.33523914329923,1.76513198153927,1.34448380342131,1.55435067349465,1.75276385130443,1.73570899742468,1.17256079435443,0.938293007488564,1.76105918458538,0.879875980664272,1.42999730747756,1.23747658107217,2.04618317582492,1.85365482352623,2.04513554646398,1.67072377312575,1.2720458687827,0.900725210963928,2.52194416470385,0.857680338227252,0.828606941166503,1.39764963255062,1.32664962951319,1.44753925963384,1.6607072595267,1.87148052231171,1.71261137391059,1.34703102522153,1.37310443538628,1.43813786726241
1.60174789791798,1.04060495209325,1.79899127688125,1.03785388592162,1.43775129683863,1.96771447424953,1.53663191076743,1.55289441006661,1.94373995244583,2.11187450850469,1.41579280366492,1.19385369327411,1.79328791420173,0.999657017050149,1.18841104872937,1.82841811213552,1.98782823981258,1.620760564632,1.45042552099818,1.63878437609056,1.28027275497169,0.986821195584323,1.48896632212127,1.86748120527743,2.32556024445571,1.73031786551568,0.916089611952236,1.66619159301569,1.50017444706945,1.69017964963147,1.35895794891222,1.44146030473704,1.65771995127555,0.853623756390123,2.14993474757795,1.33400733304177,1.78244985694641,1.42237936097349,2.17947662671006,1.39082179084212,1.85089547362541,1.5460513327155,1.35819005890598,1.40853227801738,1.7527696108677,1.9162163147831,1.18957190507937,1.58472362888838,1.26524726908517,1.70453878777978,2.03631848029108
1.65830903419539,1.22725759029839,1.6439148478526,1.78190511194356,1.10182331784658,1.4823747727214,1.60158709767252,2.07143254350719,2.29253562713592,2.34195679346869,1.93219522084949,1.92876975974424,1.66473826212296,1.15444070680648,2.19368080138767,1.66486435994869,1.5933383447296,0.447464560643167,1.29941747866668,1.91478799850678,1.9560648900837,1.71341297870835,1.60864070125682,2.03378115467409,2.05563089566062,1.09347097569056,1.92546087347224,1.53236668775646,1.09195878707095,2.05783779090652,1.25469323446141,1.521988628126,1.8930979336403,2.02965567550196,1.70913814467636,1.53656994906404,2.15616616214733,1.80505966791931,1.83744888374551,1.4768684515579,1.70392729288052,1.58161806220542,1.59430037859134,1.49374434094285,1.65094253800503,1.16625478703057,1.36289379104167,1.66278585458855,1.77188904023802,0.476236470583534,1.02863980416878
-1.6864594516402,2.25371077580217,0.982431892887025,2.31454454097121,1.10420107573537,0.934410457633226,1.86432274665029,2.30634616891208,1.41872031567415,1.86745452693485,1.59438165429554,1.3120588463192,1.412669554848,2.10276938810172,2.28612139251477,1.30482340732356,1.41311635905307,1.51534734689329,1.70993722301651,1.66042112666454,2.2425191259264,1.38970983422782,1.4904151739643,1.25986403623667,1.14165661716216,1.32668155826897,1.41726305820734,0.908516830387636,1.70364693236752,1.77575262938915,2.40619540371399,1.56417837308589,1.30097642699588,1.74708687628976,1.74643765916859,1.33712020977844,1.03341372632033,1.57176492320878,0.927249952188167,2.28374150935065,1.75031007518016,1.36379459442027,2.28505104007858,1.57844443127348,1.36636136659716,1.58761157431884,1.29378340047125,1.52670325817275,1.81393957007959,1.43377505738317,1.39865503458181
3.29262796532728,1.37423912387353,1.19148367138647,2.14352416160918,1.99384565618976,1.12623511965965,1.13835131669841,2.06877788604641,1.67699439967744,1.62374083636116,1.43603427755247,2.34343230303652,1.26482564072291,1.1067814682678,1.6468459687185,1.00774396629349,1.50162360938206,1.73652102031729,0.800968214071984,1.75628337041065,1.2616795668078,0.71850985540212,1.56253974512264,1.21054717961425,1.55788245327297,0.700522066217935,1.57475482396331,1.67208902720739,1.03712440282746,2.0083350574773,2.00945862619814,1.39739378465721,1.43680570413435,0.742036248108723,1.9445383427691,1.54490145137176,1.19116013175384,1.33120733908308,2.30822518211446,2.0030985786037,0.833078954855383,0.742891512852432,2.07224126850391,1.41812203693406,0.990646301960592,1.35279252355288,1.51283746458205,1.7315609235455,1.10003942800406,1.57621512972116,1.67507891052608
3.03124329049756,1.57685858876611,1.54051102661552,1.38578108884581,1.75365670616318,1.94649207395044,1.86313102200831,1.62392306222037,1.70117945815572,1.85107531471466,1.45224378652571,1.70328155758376,2.14371040552147,1.95823621218491,1.55603927779495,2.06331912838489,1.26394347099246,2.08771152557208,1.17271012515138,1.26218568040522,1.97939418460916,0.935709554009027,1.91179486292417,1.37317238443106,1.21442193238206,2.05743586165625,2.14846755571469,1.68491340131771,1.67950707708889,2.16945472649944,2.52616845098204,1.83812375350861,1.73638152316178,1.96181240350203,1.08336866328114,1.07856671967047,1.40201769437108,1.91100926199865,1.47172823378512,1.84107802507031,1.53818163420559,1.33447775638112,1.86160440671237,2.46580616758798,1.30644272379105,1.72856717633212,1.61602317105941,0.685736395550965,0.948079712281459,2.29377988467516,1.21940762761868
8.17136544880277,1.54713858618359,2.27404185541,1.84184302811507,1.67053290411301,1.23302921779514,2.52583509870277,1.70427746470649,1.47740154299753,2.07029283245171,1.09375424397022,1.76472523906843,1.10070935722111,0.777975877107708,0.921318065965998,1.03867971371709,2.1235757439698,1.5107654388613,1.41719939823148,0.856494731143724,1.44388517889075,1.44649846257006,2.13954577577798,1.70509380861735,2.23439483491899,1.60307400854546,1.87128564380856,2.07190686025415,1.58401366944454,1.96455202378053,1.48015780295376,1.37113951534133,1.58057652762012,1.57491153535006,1.1639920514912,1.22581187484041,2.16135936713035,0.83959882820597,1.07334434898214,1.93192303429729,1.3703832001911,1.44182201371504,1.90604882916841,1.43494732354381,1.8118731782171,1.41928915913524,1.76916895061629,2.23848900966601,1.74311869956307,2.41281183764163,1.27415908145317
-1.76900051426883,1.87170349022057,1.3827482989854,1.95070750789005,0.765461744334751,1.46216919150612,1.35551872945664,0.816508641333291,1.27079171936951,1.93697798607586,1.8620924915752,1.15745830433701,1.62141427259163,1.48362245524549,1.20553781972888,1.22945530304091,1.4385337340583,2.03497687096642,1.02735741391809,1.71502763247753,1.55592637724378,1.050710766444,1.38015992192746,1.64546620345497,1.25366137871096,1.25907652485653,1.17368098683907,1.88173924868028,1.00752912292746,1.20935238852608,1.29932731354839,1.09834838948947,1.15138900753231,1.55625409111471,1.16809977281101,2.17301686744925,1.44121698217589,1.69656294845479,2.63493050626387,2.50817031207802,2.27122830777245,0.556941326923521,1.58834287605364,1.16452076293136,1.7187910140465,1.63845149819318,2.37181939688618,0.18593994648587,1.71132005345896,1.40102709944382,1.23564918598273
4.69690744347552,2.19002649187228,2.03022257886568,1.85237880268666,1.80259601471075,0.709047573870893,1.25693661863242,2.10259673170914,1.78517112366309,2.97252347891536,1.44179953209027,2.06869818776606,1.67291722521355,1.37344471233687,2.16353458636423,1.42836526308939,2.35722642710646,1.34591101853859,2.2272913146805,1.11177834832477,1.0496598341802,1.31520137640103,1.0652501383302,1.61390358405302,1.05639978544822,2.38699100959716,1.51946756134917,1.14986728354102,2.48056585827545,1.36181920544135,1.53448993022238,2.01644840130626,1.78229296560253,1.38721177312677,1.7035583918968,1.40878830290649,1.45282521465965,2.08449087532057,1.60654185503598,1.20225739896799,1.21559318661961,1.52531005756352,1.90523553258457,1.74658809107822,1.49997702563802,2.02768989223543,1.94574240014923,1.13332285551831,1.35353145321826,1.61958814288003,1.34826759742768
8.32434354491062,1.90217746639843,2.47891788375869,2.10141694286135,2.16473789452523,1.54813090310879,2.0707864997943,1.43528519279767,1.9022452400308,2.07346311225953,1.85886977549398,0.967417658808231,1.20043344160321,1.0236126057223,1.70582697218957,0.808274060412577,1.40300795512272,0.748831592535298,1.57184059392248,1.49849186539157,1.59628934108714,1.93700053221946,1.49281781835882,0.931723776106795,1.15340908259296,1.9497403927448,1.91332179999817,1.75223806257993,1.90538779625367,1.81461804586715,2.00360334225994,2.00249215136219,2.88802512978256,1.59477902322944,0.819531182507095,1.33020326374918,1.97424514192929,1.51595128518023,1.17114766258587,1.22709035799621,1.28433303280836,1.60345134613963,1.76322887703938,1.99066167916894,2.64245294302072,1.83096163045629,1.49876991754047,1.83625944194676,1.26897402916375,1.83911087400554,1.53453213801961
-1.98441590225118,1.71508233677132,1.30351630101267,0.778170302824852,1.6294621601235,1.92386790537933,1.05753347155185,1.32777930340836,1.70820552124516,1.35598686731266,2.00072339277755,1.10200088437491,1.68415039824249,1.85997906422108,1.2171718415159,1.91073198589652,1.00026684293888,1.84219792430298,1.38143823510764,1.45358250663092,2.05876112259982,2.66325522255761,2.06730782038307,1.15055664107639,1.50769959639697,0.827914549502187,1.96331433473709,2.40519884190736,1.41001979773622,0.669162651212641,1.2603361536743,1.34606704221173,1.93415084326597,1.9227415947268,1.55080626999064,1.51171999822336,1.0276828635792,2.38243982563146,1.72127217789154,1.90497034748287,2.02181466266503,2.09954668198269,1.52459205235425,1.56043712670292,1.91845351306758,2.1846399413894,1.55044015914234,1.35735111622092,1.64107964365924,1.51686936810098,1.7494366716826
-2.73680223889613,1.39001789074145,1.19038587286749,2.18639145411814,1.52675817786085,1.73488455470001,0.903153833604182,1.76647211253248,2.01090940478642,1.53613284454794,0.625454110463388,2.00559174898659,1.59647504961658,1.81537297055136,2.15294248893372,1.41850712439642,1.41149864577716,1.79788681547043,1.18223634471641,1.78952717682664,1.44511332997156,1.48010623953073,1.53432784260028,1.82921884206153,1.54206231520524,1.81483763805615,2.10329569220295,1.42447213564531,1.51772167065023,1.74681726415415,2.05673697016437,1.34650362151743,1.02942809399486,1.89087688303112,1.35753746067374,2.03964747006598,0.654040551040738,1.14992523919103,2.16262635444611,1.24209882799474,1.60354480533902,1.52527668538712,1.77633741740593,1.78232362238491,1.5632076365438,2.63403537680541,1.4643274071121,2.14038282558859,0.956260674290257,1.53836096201863,1.97646989247996
9.11079144523823,1.39832004130612,1.32732452484339,1.90189079352749,1.4867376606362,1.50517312513732,1.61960137296307,1.76080007637355,1.44081213090842,1.50199753677963,1.1362106498888,1.36974069139884,2.21243388276764,1.72869524956549,1.02090419420763,2.45978777370782,1.70124486191245,1.99420320006212,1.63168859041497,1.56617997428854,1.41013184259683,1.93885451733492,1.9784504632066,1.86202392726278,0.904439515674082,0.674027287136392,1.26846339209101,1.13014366972086,1.75574892838637,1.68774083960178,2.11328095409794,1.76872643893581,1.55667600330523,1.82353803059734,2.75455635948732,1.68968400147445,0.896777540030321,1.68053451861084,2.49675621878941,1.56793649326763,1.42340469266988,2.02188772009112,1.24427376524705,0.836542475766721,1.31954169475345,1.66663940282033,1.57460334331219,1.39033699268616,1.77917893423048,1.43942751306954,2.13460174462501
-2.34410741869325,1.54326999943609,1.24874373364956,1.72924002030325,1.40943277231226,1.49397671919479,1.26474788660772,1.7747483216458,1.36543463304041,0.88477884415484,1.16956820212227,1.48945349261683,2.33904319375518,1.26058364363414,1.97011981790674,1.50554083372604,1.20136788079559,2.03361821504231,1.09597797027409,2.30445460228966,1.61327774375209,1.53686900604186,0.980797438074516,1.4212886909799,1.5021429835,1.64135001293701,0.808042894875792,0.912743041627472,1.00754526930019,1.95884183159973,2.22132387915285,1.79807247586884,1.66551904632479,1.89244746160842,2.08423501792314,2.63421048270339,1.34761552982662,2.43207703138079,0.744803602303434,1.86732956909045,1.28291350073454,1.86767101240171,1.12777210190199,1.69729314544219,1.32292161415514,5.63068830721801,1.79452799433391,1.27928250008188,1.80503019810901,1.65032877301995,1.90525251205487
2.23908295470522,1.71268885473413,2.59242280667864,1.63439807820618,1.38028950839669,1.64336534694122,1.35854558838626,1.42829406159217,2.19731975467036,2.4079245758785,1.27398336369477,1.49089592083846,2.13211164840083,0.671748503741383,1.49909653552846,1.37653555302144,1.54935893834514,1.14925675754617,1.71021519407044,2.09609607640955,1.13514802835923,1.50391968228411,1.17895265824842,1.34017198278115,1.70349201867976,1.46918158910799,0.75760241793879,2.39559823969199,1.77255000166884,1.54043469596984,1.31831104406011,1.84525152843757,0.822576903417296,1.81978865387764,1.75881032328957,1.99706683525192,0.980066657501393,1.53428753357357,1.35272087805823,1.19913685083129,2.5118386393878,1.50733031457457,1.34106661726868,2.14746809447539,1.23055573251166,1.52423903239828,1.92829600348296,1.72193559630949,1.76028663094129,2.55268648842605,1.67736570920582
2.58293689256085,1.30796745404351,1.32980939006118,1.84151835955696,1.70144481315679,1.76445380139233,1.21063424144945,1.15257213996321,1.99195103788964,1.54874678907588,1.3635796486613,1.94255810459976,1.39386131446632,1.25656458056042,1.4991375023415,1.3170052111577,1.39501902672304,1.14920638811031,1.21920498042427,1.1365454065703,1.68578009444636,1.58355941758963,1.1704635430028,1.51960177438474,1.94466068775325,2.81593748247274,1.78304580560815,1.81551226610746,2.08356071299011,1.77863042581749,1.81943817511063,1.25862091162846,1.14214847339442,1.92293534613999,1.77879014365573,1.70657470848659,1.79384883564879,1.49226100728611,1.71496087067029,1.40977347436738,1.65784107985707,1.52834032845555,1.73894488429477,1.02903966673287,2.1246049569285,2.14139941820491,1.51397524609186,1.6650632683395,1.64494631141455,1.52086543259359,1.54970357147326
1.89744611204273,1.29679897840675,1.59466101958365,1.94191951549805,1.30912546997208,1.29966459073487,1.76977696478843,1.52110014324795,2.0455058520359,2.37603979438673,1.01799067101712,1.83302718685158,0.760426560450295,1.21928384579519,1.611502440017,1.55318103022031,1.60648389413616,1.10947402764163,1.761981713412,1.28475641702934,1.60819831547098,1.29175815632339,1.57619599963084,1.66858772167891,1.0244441898384,1.70955873908461,1.55171328036576,1.58841223310871,0.465356598177558,1.33514905708974,1.52369674838556,1.41214352837481,1.38873241543272,1.67032635739726,1.73512880784674,2.34682042018859,1.08675110514143,1.11520889163771,1.7696001695338,1.91687019613474,1.56787738620887,1.91061446724885,1.60808748337301,1.91840149944383,1.48341512948817,1.58958945072013,1.50318998146518,1.64075105995807,1.2616830941921,1.90372277574338,1.26641000497227
-1.78816075322813,1.932684916642,1.28837780677669,2.1627550855046,1.82715945059895,1.92773690820227,1.96388283051733,1.36831413520891,1.45020295947639,1.80517115362696,1.32318235166406,2.48442824059466,1.9570470793252,1.20328695928114,1.66010942400388,1.23938368868526,1.69848407294759,1.54670910363543,1.24387596748583,1.63968625655064,1.28252765975656,2.05223420681205,1.42618698332553,1.84886703609879,1.67101043079011,1.09862540649198,1.54642297973136,1.01797689434664,2.02541802899429,2.02396796300677,2.35574903364031,1.30616339110008,2.34714583513158,1.28142388692416,1.76440392320223,1.68439957421605,1.03270261479055,1.6683865237537,1.78884788441857,1.87220035307027,1.30615829189487,1.9167595564573,1.72329291635617,0.931695548622719,1.77726452694875,1.43207332791477,0.893392669252215,1.77762674700961,1.1936905129863,0.893199655085727,1.49710280264619
9.13082785331552,1.2474598452192,1.16140524600799,1.56423754833524,6.18399539076468,1.88077471324013,1.56752678446128,1.69701861645026,2.48556979304515,1.69853753699239,1.87620419144832,1.14329201115466,1.40963548526762,1.57153804658758,1.78092143307274,1.29372476523166,1.24794341678353,1.42354194234099,1.69929997454529,0.43868305826337,2.06280881427784,2.02493962855268,1.52588753973558,1.64079216629073,1.96280495744728,1.13475691271904,1.94687320590263,2.36152928800733,1.5179546463084,2.32372310615212,1.25837034740622,1.74638915295929,2.01167145642674,1.92263497327352,1.89447476106394,1.46614588759928,1.30827364208285,1.70577523436978,1.5807993476037,1.56231391481785,0.917978028568599,1.95070796384337,1.39422079431735,1.60105553307276,1.70420660675351,1.60938551103183,1.47834385790777,1.56968391488179,2.38081275330814,1.46589031314832,1.39820314183088
8.35146897022821,1.61150178112923,1.81933009415957,0.881514480756318,1.66488933511125,1.93841369672884,0.263972954658697,1.64310431676942,1.54331816307173,1.26011558695638,1.90190530766726,1.23063614615211,1.71104663806492,1.63683566709403,1.74079885804153,1.5994492904549,1.7694303516805,1.32205244810352,1.55483405251704,1.61289522198837,1.97325671952203,1.67443209994684,1.70457429890262,1.13365673502551,1.85649371570733,1.45601667516426,1.40718590013233,1.6984432359808,1.78022195062655,0.705093049225544,1.51460950437525,1.51928333132216,1.20298167430781,1.44661967142351,1.51899545112735,1.67670332716468,2.14702421203942,0.692816933525999,1.48999381925197,0.860720157790545,1.0974325600693,1.64438980865951,1.77029289171641,1.27032443688925,0.79556560130298,1.99632123905177,1.01880371209969,1.62969326272967,2.33422597243273,1.49511331665323,1.62613481196225
-1.59183324649825,1.95262716787081,1.55442448412551,0.245649956289176,1.80169165166442,1.32292558113797,1.76737036138813,1.65679653613356,1.62410490203126,1.47791258999651,1.11743984212677,1.28141564565734,1.69771495862176,1.28591761391763,2.07492666813567,1.14125903996367,2.00907436642658,0.781780557750938,1.79897416645402,1.61784051577409,1.59554669679895,0.729020348159462,1.83888388972261,1.39393300106441,0.775912474178302,2.41958771817886,1.69558800973723,1.93661520966085,1.97367838951041,1.53251281774897,1.10418383905207,2.05540660410238,1.72400634036358,1.81949359580543,1.27968462555427,2.17265451779137,1.36395740349362,2.3959865774701,1.34730365009478,1.62879107253994,1.55709863969771,2.00227935840309,1.39083652256628,1.63020436680697,1.52599692602875,1.14198496236846,1.75218908660616,1.57158537042867,1.92609630843916,1.63458850687403,1.6770794097652
8.13975007771307,1.52081921985992,2.22676127549595,1.51792006946067,1.60513844393115,1.73721050151415,2.08076292591443,1.22254220426329,1.94191114087275,1.14967846956159,1.16271309451013,1.60451960364344,1.93405370569498,1.67903257887163,2.08803255327715,1.9034882279089,2.44488873710877,1.60734813185096,1.24708376739463,1.471963035638,2.02889046322435,1.50384496087744,2.15774007629745,1.15543747542076,1.18431450872713,1.89991929637142,1.61053626572214,1.39233206377149,1.23165097527736,1.74818818671589,1.29713803031769,1.22236086492773,1.53765731967967,2.00811721405889,1.56617502316729,0.942919997907222,2.073836520416,1.83203942558922,1.33938058450752,2.25097917049457,0.158594504863063,1.87403022810508,1.34860303392683,1.43021762750969,2.08120697081642,1.66137163030612,1.20129461330134,1.66616571660582,1.95497346604675,1.35541586434831,1.18403865688857
3.78460204649687,1.64860414298646,1.17773071899941,1.05416395208676,1.26911766282613,1.24879037847595,1.44687492586807,1.9161280097595,1.40122320592104,1.28266358479666,1.25565968084125,1.80011423061357,1.67487805355527,1.77978368055476,2.10436139435722,2.17287599889006,1.94246901672504,1.25572951767364,2.30136857071147,1.58342403299018,2.66429913856845,1.48768156720632,1.46559235254637,1.31139684664397,1.55929551419983,1.23900050079742,1.52580745737368,2.27831176837042,0.984872564995187,1.49532256582048,0.542919122900245,1.44117230512016,1.54945697912055,1.03237539288701,1.69135714318577,1.51716138046558,1.4257044637005,0.802308126300713,2.02796168582389,1.69339096588231,1.92089417565511,1.33058599721672,0.962718977569116,1.67165492917521,1.09059064370144,1.13999457927278,2.67100442849516,2.17972299808559,1.47209553699397,0.946843705023661,1.00986481143027
3.5742616386871,1.45913067099694,1.16715015123996,1.48146301905004,0.673237542817205,1.36239991888859,1.87311166471165,0.711093588502732,1.20797101079742,1.39116598873948,0.808230362728311,1.26287173252595,1.06768484826638,2.25162656726142,0.52787182567677,1.52455734597763,1.95831231879991,1.01596035199494,1.96870768506188,1.62946909723369,1.58172419716554,1.18038883170757,1.32396237541082,1.45141488424701,1.49462735609042,1.83036818310619,2.08974513861123,1.95719071996845,1.42733883845869,1.53276919701937,2.11861786114731,0.81832486919096,1.4078457300559,1.10579955721947,2.07491205876689,1.63396496197429,1.72385832197159,1.38711185933057,2.74711324589744,2.19001399615525,1.33291922144804,1.32475753495523,1.81098398627354,1.61106016971149,1.17963945814718,1.20231183192563,2.01984999831172,1.76162493337308,1.75912853948748,1.98494417776847,1.73040855890841
1.90549036185413,1.2472759130512,2.35627780551637,1.15508352800217,1.85863896705209,2.00796496395066,1.87466801257281,2.07538108534144,1.86435369947147,1.20812430963205,1.54805627892252,1.43427019909363,1.04905418412021,1.78343248081991,2.43648943416707,1.69033638259474,0.934446963877606,1.6292650045105,1.51492848186101,1.63675888228391,1.40535289860912,1.15768934856741,1.75603273648299,1.7697550159317,1.34178184600868,1.81794135426313,1.44171340305734,1.71170202802873,1.42245410627549,0.906635092386449,1.90935157249936,1.43514512290397,1.28152625959052,1.06267503508871,1.2191830422237,1.10002248219154,1.65900239933302,1.49474269554466,1.78155783498183,1.37673605359305,0.585772398113947,1.55980860761032,1.26264482781752,1.13632619141469,1.93762052711863,1.74382558654806,1.35615529221878,1.2040286910101,0.857771387136224,2.11928141789973,1.49216665783916
1.93789040192906,1.4029309805684,2.39851851814754,1.11938140875671,2.50265736452618,0.997843619391763,1.2493021452175,1.62486351234484,1.05930893659321,1.60665509748305,1.45582790196116,1.19336539436377,1.14234134690296,2.10724194962461,1.45372543940574,1.74480954601196,1.7731994332657,1.4308780227025,1.40229693039225,1.34141039867349,1.294853408558,1.62605233184847,1.35158074233559,1.22221519700655,1.91417290444405,2.18645496036926,1.50232970313871,1.36095178565928,1.8521972401323,2.10872971008446,1.57581861602452,1.47695723702724,1.15099853736102,1.49434953388647,2.19847865864728,1.93565726849782,1.22533846415027,1.65470457725271,1.48840609108622,2.16158633590345,1.2257504468849,1.34378395310938,2.02612083958438,1.18925682143611,0.393607439687791,1.21840941023853,1.51603687991527,1.06575772269027,1.41234974593908,1.25314153497381,2.08602521413109
8.03090494211937,1.20531538978983,2.3356042533162,2.51863165198387,1.25969163765966,1.04116423494185,1.89171550561162,1.51592211188536,1.8952233662428,1.21867934941015,0.273570329026099,1.22102543024026,1.53924890120185,1.91025320202534,1.36588561865169,1.05137151889251,1.23285655347846,1.42186929780908,2.07081346876294,1.40915694643831,1.34964670380889,1.84974535216697,2.22371442099414,1.81456772639848,1.46289614121948,0.708340348983812,1.27263637010188,2.24974038279762,1.59055756825527,1.79643860088822,2.24619157537767,0.931658919602746,1.74124943513929,1.56762374422819,1.79779655389201,1.75917034451662,1.35166376846131,1.79600874041608,1.04476651038485,1.38616198637647,1.35013626627048,1.69269325179368,2.46395879633385,2.02526821033876,1.0303063266508,2.20603879573627,1.92365188694009,1.33046519287161,0.84214275407124,1.66405069868735,1.73967686307282
-1.88790288926303,1.9073292475687,1.23455596906243,1.51064381935275,2.10998321032788,2.32303004479804,1.45387157223298,1.19947676938806,1.84617239723017,1.21460277104335,1.84822950787698,1.67795066641027,1.41420109248812,1.56850295394416,0.76383526004907,1.27519988236896,0.790906378909993,0.811257279377286,1.36476501186128,1.74506067168826,2.68433773848518,1.75430260468026,1.64907927243968,1.25388645016673,1.77189906912519,2.04729727321818,2.08069288496269,1.69529988464673,1.14348536568688,1.39363371875349,0.89601686532831,1.73711616167343,1.11985514191295,2.13846457901852,1.29197153655352,2.09073287372163,1.60976976832211,1.21621887651239,1.4266929986665,1.57433815882731,2.30604599330563,2.16839215945774,1.63690585733109,1.08707739180042,1.30289700506969,2.22914664785917,1.93125410698355,1.17458314920254,1.52493965180205,1.30900976873363,0.760237322814252
-1.66764326783418,1.91256339530633,1.46861401369819,1.66594977256582,1.57890433624966,1.28519479765852,1.41007489005575,1.41980427590201,0.755045012961736,0.851628765947128,0.396643982040031,1.67810443484408,1.32174053723736,0.726788086482488,1.3221026646691,0.921720681900042,1.47553824168826,1.3061275376757,1.25264140269427,1.59841038566053,1.51372472765807,1.7710344976302,1.95005100639916,1.71199686099772,1.05724348653486,1.8213631780464,1.96769550345406,2.22601977055714,1.25308823766609,1.80585541015614,1.59471317423292,1.58982641354096,1.79575373048356,1.68133044473219,0.806688069381311,2.19248364394074,1.79901645258162,1.06855715353333,2.09962841441193,1.48912503456913,1.42634173088151,1.64002905609761,1.54608838101178,1.81074985183847,1.32705791997894,0.731989419098309,2.26300933652885,1.42167921522865,1.19569181648425,0.614634679842637,1.88545180184969
-2.84871776738191,1.33466758293622,0.324598706333261,1.57107817788042,1.41746435109963,2.34748248970095,1.26023471580157,1.31066236377996,1.82315053896435,2.0629778683796,1.78829663330183,1.42494169591271,1.29526803097654,2.67911256511369,1.95091252438988,0.648409296693289,2.12148846403258,1.8182460063647,2.46035972797458,1.27204664068529,1.25092757323899,1.40832470343468,1.55075560934029,0.916187171076617,1.88416872383457,1.91560566318936,2.02887732048297,1.17733018732963,1.31169923740895,1.12318979125864,1.4308263441069,1.63843165958569,1.86400325337867,1.61895173388348,2.44407837837674,1.82120951079046,1.13844810928504,1.58493155683359,1.74496019061421,1.92030587936243,1.63312519290993,1.87375253053301,1.11949545838892,1.59116030184251,1.75815806300661,1.6648118905412,0.377757832620043,1.70144756609982,1.29269079531083,1.30128763614779,1.55476463749481
8.0416236411943,1.38689778518579,2.01838163661498,1.45875957125082,1.2969804489502,1.66765417253294,1.40464803129387,1.87433166263096,1.67149938041212,1.61282349463735,1.41550294179998,1.51251651607248,2.13373994367269,1.71104048161312,1.94103209144958,1.49860307139289,0.914961155033659,2.16456124559649,1.26605688353595,1.36575705001905,1.97331271711506,1.43434209240082,1.89325612011946,0.900866333267881,1.52126941296125,1.60333407864058,1.65617870902021,1.65396046326601,2.11214581808494,0.576309789974876,1.87589437257459,1.29314945020204,1.92890995435168,1.36685164094329,1.43285356123151,1.12582100659918,1.67243057862671,0.764336515244939,2.31410078008507,2.47147485592865,1.83048607614172,1.12058677327318,1.84490635998824,1.27914687125096,1.25220631944791,0.996937447017267,1.79708934185568,1.5077656605654,1.68835977049159,1.12690414109583,1.39962348837668
8.79995915346143,1.19340537929449,1.17085479500065,1.88233289080118,2.14594063620483,1.4270440008958,1.04632600261844,1.61831370764236,1.46923933126431,0.795346103829781,1.64013633117822,1.51538199290034,1.73628048960505,1.03825593152471,1.69151185288707,1.88631727268299,1.95611376597554,1.76125383579384,1.6061952151367,1.30278994710465,0.875917083136037,2.14603961357528,1.51287704205833,2.03200413867706,1.08670291640527,1.68662488911746,0.562457351733453,1.25089604487362,2.11108700725596,1.94486797435164,1.43060772385678,1.66983116800569,0.736721281850034,1.92136366650947,1.39362017485424,1.43388553486239,2.01619772218351,1.87333889694225,2.08186377927762,1.45576150460509,1.32879483818765,1.8310303739221,1.7080497223806,1.51956191759985,2.31384125729244,0.889272300980302,1.7038874278954,0.65787351524838,1.90619718680492,1.79712183046257,1.27782643649422
3.39105209751382,1.65385655621749,1.61040742422238,1.76406257164026,1.23856833805599,0.753501821188786,0.885223276226186,1.80549786622157,1.74135712319428,1.66969564643954,1.51732695301231,0.849492843934755,1.16981013551847,1.25670110705624,0.920038485617315,2.11233226511034,1.69686412581387,1.59138177338658,1.84885734043004,2.04697156602853,1.83054244155774,2.14420149990423,1.21850859479929,2.0674839779076,1.11801239868562,1.23902428294013,1.49757789235075,1.54109001735962,2.54050339770316,1.26139153084036,2.95332242765868,1.69340955114434,1.61779706667251,1.8160966114605,2.28190873665919,0.442792639488623,1.87913725867102,1.33783835635962,2.12713781246904,2.24989063065306,1.42343079979569,1.64725918763884,1.62492210498105,1.80739524010457,2.26583802909449,1.89883013317046,1.47063471561088,1.23020604189526,0.966472256663418,1.08404427767612,1.58148074022497
-2.34824084260094,1.72387845317066,1.61245672284382,0.821614308948928,1.91607647776108,1.41797047504662,1.85571722211615,1.83186788788071,1.48978779957465,1.32968359281776,1.73150068567134,1.72655453907156,1.59981896866637,1.55531339482652,1.7503665441059,1.90602721109162,1.77973129391627,1.26814176648241,2.25583645225848,2.06920281262313,1.68625284221133,1.06383815681938,2.04551135421234,1.87093741554337,1.5115230235326,2.34820343909073,2.65082411265523,1.42624659993245,1.53877821550453,1.16567099975249,1.57288129631429,1.63873424696418,1.44436571375214,1.07550419744538,1.32724574462974,1.11074197946032,1.62253199353292,1.59563177238759,2.24645936589932,1.91333714596602,1.38496896072764,1.20834768963293,1.72753021726854,1.68116681018492,1.83895235401639,2.11399031456024,1.51779066313824,1.28473773634591,1.80210344971873,2.02916528267131,1.97539285933657
-2.15364693423011,2.0131713939584,1.97146325932865,0.798186233027915,0.98924027412156,1.25947626138755,0.763286924451447,2.12235966583739,1.68243536756344,2.362906764337,1.43676298405237,1.0415572467721,0.933000482515296,1.66077256096088,1.32042778343635,1.49274392588922,1.87018396194972,1.58140718355412,1.40707695831165,1.62116495685228,1.71500752467722,1.25029110446524,1.94397709750708,0.601470746410866,0.20084492058762,1.68526589836748,2.04626561024437,1.04124185937743,1.70608964193448,1.25908714526251,1.22084384080864,1.06157852329218,1.09857540482576,1.64798951926412,1.29957106005525,1.87608989874457,0.983590359499024,1.73976877561663,1.81210736130697,0.774030169861284,1.97491299660073,1.48555652795566,1.90480334550432,1.51388713458623,2.36176929432782,1.37428739041392,1.14872195031824,1.94221460293189,1.46742940385247,1.18730539603896,1.05213788760737
9.08518362876915,1.24463104348323,1.18678799954623,2.02348480829122,0.678915850620437,1.53407119495134,1.59824299742114,1.47398173800891,1.87954523962597,1.52953864775657,1.73079773280039,2.55432467737868,1.45759883509758,2.60485274928694,1.60206122347369,0.938251306901506,1.55475074132626,1.80215221551779,0.986923823431498,1.72697849955905,1.69664246428168,1.67628360912476,1.25751972047554,0.943954807460194,1.11052700952778,0.98797555987795,1.52081177313348,1.18640133855737,1.16862799282385,1.07692132752309,1.56503130555237,1.5202961271495,1.14887399475169,1.58507020072196,2.41593166531178,1.30956564407444,1.23690543112154,2.14179741807673,2.03632525716545,1.57581047487877,1.5068161986756,1.10228637959564,1.12308497724327,2.45526514834121,1.47917144946953,0.983813040789802,1.67766156466114,1.27001235506042,2.01035891399068,1.87914540005817,1.10198800842381
-1.92471141735045,1.79516139415898,1.54447744265279,1.65269624332195,1.4526209876938,1.57158119309668,0.922821155797323,2.17095325510638,1.73347932684058,1.16415771086549,1.72666324459705,1.20315232565423,1.58069566874821,1.92162242838858,1.19348893363973,1.24170511571294,1.53287436769008,1.65746656538641,1.27582992040988,1.96514339096446,1.63527714450572,0.826053148446787,2.1470080061725,1.10585681813098,2.53717686405045,1.76622398924672,0.861972052800252,1.41787847313364,1.43072817913963,1.35364365616388,1.90925034983041,1.34214619014867,1.74788828921317,1.98058438548798,1.20218664986274,2.15215062439497,1.93797127419727,1.3687706664195,1.85894602411989,1.66677630525961,2.01355100487913,1.36661905837983,0.957673141202115,1.31031749977441,1.9042263024767,1.82225049151122,2.00775412743923,1.48453167443959,1.49001214214377,2.02588766460394,1.91941856591705
3.98095033169818,2.0717216212272,0.405635734954749,1.33289195261389,1.3337115195945,0.876968319295343,1.86921044355629,2.27988987792932,1.6490820595164,1.35439482051989,0.331038485430684,0.958622872013393,1.27824601350486,2.6044077699783,1.50202218080697,1.42761892339296,1.71436970225999,2.23236925120288,2.40799391321006,1.82107763276228,1.24328889850815,1.368223670972,1.35912880304804,1.63500716625272,1.79760256835618,1.54320451811916,0.680693838496979,1.94810094552974,1.40160397027833,1.91401994273929,1.00911785167078,1.38346074542511,1.74319027728665,1.85481060866356,1.4856995183066,1.86434397905039,1.89793076285387,0.984103237188173,1.28218087488817,1.76691596333045,0.84159653427614,1.29238447228526,1.56123864348875,2.14546668728149,1.49905220183387,0.96296546420309,1.18346556491171,1.25895726230706,1.13998978489361,1.30548907048153,1.66925476367339
-2.36816974113486,1.56533113195436,1.25361499014295,0.557948283054236,2.10187754944973,1.14547013628221,1.51564191281456,1.7641597621812,1.92994137386366,1.3020029228112,1.05771614768583,1.56535309131991,1.2887749704171,1.80839593697329,1.90480933720619,1.68244553332119,1.82740066501833,1.26077627785332,1.66658391394334,1.99530373753859,1.34425847891161,1.57948303707003,1.49450439974787,1.28133557426219,0.950000391740014,1.74552885412758,2.20212670528603,1.35395831148581,1.416007024418,1.06783503356486,1.88168717302838,1.80677469661149,1.88480416828386,1.96563656243863,1.7033269432476,1.19186835543861,1.7295784414469,1.67397013690291,1.06082862593145,1.63746201696261,2.0506939941122,1.27641545307996,1.19627514354785,0.974673929966177,1.50794289554957,1.63048451868176,1.77419068473081,2.53951774105077,1.14405300048202,1.68434745753431,1.49426965741399
-1.56889086968989,2.12493970766797,1.19188093556739,1.7183780238426,0.860103537209057,1.15608886509908,2.20315024020566,0.918960321558028,2.20893280840064,1.16752492316902,1.41495323057444,1.91725791118259,1.4507954356482,2.04737556271408,2.0534259771859,1.15569261301283,1.79477190785654,1.01995158937707,2.07351738606394,1.62232730933537,1.91368699282545,1.07637949888062,1.32179849793904,1.23265854479585,1.48866673600889,1.11125247134744,2.00559990286341,1.17857054203371,1.62444039220872,2.3246409717242,2.00646613376663,1.96441130462799,1.95752633179956,1.11628904931965,1.44021857542669,1.7594105986157,1.50134700089339,1.99862870653167,1.7087179320531,1.68566784274091,1.49010372423315,1.21010771166059,1.7393406218936,1.10876799825465,1.58689365900881,1.91247447048357,1.10779901645224,1.03796743454688,1.44969605113645,1.41387842872003,0.942933287008908
-1.89615075866622,1.9463934410717,1.12223269560507,1.51728902399952,0.641123976567548,0.800449958205471,1.572152991723,1.31912944753275,1.62370540346651,2.21256863656006,1.14095818481061,1.30543581806977,2.10965116458901,2.18469975082886,1.75210419049512,1.0206684565236,1.72837217127001,1.01255470196504,1.27212041294337,1.70317355158724,2.11294028528539,1.7586506683794,1.52468089299843,1.0614774025178,1.60548181574813,1.75304113978775,1.74908698858569,1.0543749999805,1.20469510417437,1.5247176332554,0.909319448212103,1.28496352407758,1.55191979000808,1.56620341022488,1.6894409083167,1.5108262993709,1.69010805397225,1.45200719504794,2.99297680123885,1.33250115105456,1.69840743470107,1.53009269580904,2.17536938409934,1.3943035146207,2.12014527823604,2.03782034514228,1.18740699038709,1.64886944871251,0.919656013033881,1.16638150094189,1.83544978024923
-2.12940445493743,1.75327873358541,1.53632574726953,1.27505465253333,1.64021600878341,1.94389601932234,2.25906507435994,1.63101388122613,1.44832617441822,1.2040767917517,1.17584370047318,1.03103251309456,1.69318935525258,1.23708003168255,1.26350370579974,1.45132519098277,0.857807675479509,1.95673154720175,1.75641054298075,1.15915372527044,1.2274465074331,1.3536900596986,1.92098680769988,1.12399654928085,1.79614151304601,1.94653640735178,1.46354487996846,1.65335793006659,1.7385979932794,2.86854051707602,2.14793769813294,1.50943754986243,2.12537284229497,1.4689041129238,0.95035503072523,1.94991410075992,1.50906605553158,1.86453817759962,1.64033271036449,1.55299523350391,1.83058673887944,2.39797315135702,1.87900118451768,1.91997224859373,1.99225000710918,0.50240344794432,1.75830890605261,1.09578975576154,1.48594850953526,1.4065698311346,1.59734103284196
8.56405672889765,1.36964198437775,1.44707179453822,1.7367114550124,2.51325765449089,0.967108394412068,1.85978443290046,1.21263028006738,1.64508258119639,2.08276581526296,2.08147529205397,1.61502041161949,1.58879207637906,1.45307677882053,1.55020263781306,1.95658005396025,1.50064223348139,1.16715207786718,1.44108959161503,1.53575633498103,1.50509377946602,0.982099736908524,0.359123967722773,1.46098070220588,1.22028902808862,0.665925837244996,1.64889339927702,1.4725920908367,1.384201775565,2.57128383220018,1.14636457106939,1.62562951132744,2.34558369634818,1.63048535249965,2.42512893827097,1.69838544723294,1.78126079269152,1.53907087439171,1.41701373335405,1.45294777194057,1.9608928972036,1.812196909474,1.55265770760381,1.12440057001225,1.8438997513775,1.25798244747379,1.30820067039435,0.976552089146846,2.38101348231182,1.56279995597928,1.51923255755914
3.09736049088404,1.36094804167132,1.22390536389984,1.45850285715012,1.23197249798455,1.35303865243607,1.4100953709282,1.28171706831648,2.11805948071932,1.50632564269476,2.08135772455354,1.44090789167402,2.06076547050545,2.11006338652237,1.41809236570799,2.20516185338578,1.53611631610307,2.0030230115937,1.4955465061483,1.33197658160492,0.666153104423225,1.78789515167344,1.51037052020758,1.0605521368185,0.949439304499051,1.25372666015643,1.6682976287122,1.62877350688201,0.697115781409581,1.84207530121422,0.841131301770376,1.4093090110697,1.53026229345807,1.76082542533014,1.21205044252636,0.804693107563941,1.04732298348852,0.866505102474137,0.888396252113757,0.447826166971313,1.71494410843439,1.3292710740154,2.24175632345575,1.78577629090899,1.64403250496608,2.44701279450378,1.38931398670016,2.24676736974123,1.34737230052626,0.885519775080517,0.955728753232013
-2.00034034687436,1.81651181567326,1.10424194439395,1.86083017545294,1.70221012760814,1.82138515041336,1.25519346720205,2.43642595384757,1.54761924836679,1.02234890113024,1.52120995615311,2.00639605924564,1.41289013063538,1.32443852372949,1.35342353735043,1.67130674213759,1.67921797224524,1.01939795896062,2.07216376412631,1.73692359118066,1.40830892494093,0.94259806921178,1.12939839128467,2.26746485958736,0.711224060759774,1.72017041028591,1.92221033534312,1.26846166748839,2.47689144852787,1.46395954939195,1.40589843465577,1.24410980900828,0.586248844162358,0.575343647468796,0.630835864034832,1.41361818269369,1.1261116025435,1.61352287846653,1.24279960067661,1.32143129725199,1.47195118042586,1.07188821071009,1.69306040917014,1.71081961574907,0.942489382277604,1.87237858175875,1.3040238679799,1.73554139897562,1.55821274072597,1.12241795116957,1.56436872305564
1.93122824007566,1.39734671123701,2.24091098598833,2.6825174588465,2.07218314109543,1.4334871418234,1.43162600401873,2.05081837365726,1.03187246795908,1.63790272347533,1.611978867192,1.70090571557928,1.72947066744953,1.54755637654566,0.629355993756063,1.22712726406257,1.76667443650946,2.07559576376247,1.65352673300373,0.834342357265833,1.205057680958,1.75482572143666,3.45509978902895,2.00177440278881,1.73708856349833,0.983569325057529,0.964652991645417,1.30919420295983,1.44544940542225,1.98545957753994,1.06168884120377,1.75205107085252,1.17933368190968,1.07772856019246,1.61871041160307,2.14847708818113,1.56410570322285,1.77701451383801,1.70395000812868,2.12669661245858,1.08488873026606,1.56838795427549,0.809871525412574,1.41460251716408,2.37411797167346,1.26680601149207,1.71787054193433,2.05191390926479,1.3818347708763,2.04746764359136,1.46778627149729
1.68590593073859,1.25501188201663,1.6353983410281,1.87857466492493,0.941912339651225,2.06985644851122,0.653786975452284,1.71108486027178,0.630186350550732,2.09521665705645,1.75929628583617,1.39297204477506,2.08968206376404,1.79049801983544,1.42463864799309,1.88366124721788,1.33402114816774,2.52841870579482,1.12873999399398,1.21691511440781,1.11079050203126,1.50462500402746,2.25773857074125,0.87847752696594,1.58485803061432,1.80769509666168,1.75920331519684,0.883420091149851,1.94437602197002,1.59965243327396,1.13003617625239,1.76505957087335,2.63565472221613,2.24395994689566,1.48719674155484,1.39503926846455,1.43142271190136,2.00570232393421,1.81973471309062,2.36602814587149,2.06891625734922,1.90863938468231,2.2826312535068,1.3483666643568,1.16375654562208,0.969365907414683,1.48241533430109,1.1989949976753,2.16283114604192,1.64553493625223,2.40228086357568
7.51974372254807,0.96097016250828,1.86678526728615,1.34714428376153,1.24176030527284,1.13372798767028,1.9348225819517,1.75925625561236,2.32981811517112,1.50168039679067,2.24081976583531,1.94348176872407,1.96250893760959,2.51215233716672,1.98648302222688,1.62210203053893,1.85516363464229,2.33560982507667,0.556379544394842,0.811868039944184,1.26816240255436,1.1354174854521,2.10576911550817,1.37795921313159,1.24706694001655,0.546807659749397,1.66516024376059,2.52891475448763,1.81498375572045,1.63570578996213,1.54066115068021,2.33481217403352,2.20123438568022,1.39547638502639,0.947844299634146,2.40659109971429,1.4839223670129,1.47036511954841,1.61317573368861,1.12220575161977,2.52558955692745,1.70172266347922,1.50112103376439,1.32522877555788,1.4252966885852,1.71369557023637,1.54332862195015,1.13863892754674,2.23103736294312,1.78683109176077,1.84666210259957
-1.41029680278599,2.23011760490416,1.55442595610834,1.37496726525595,0.682461019692913,1.9583794717944,1.44835265134876,1.47429014555193,1.84826642887057,1.28393924204491,1.575069906501,1.39214984287764,2.34689950649398,1.32483558924695,1.75319766251127,1.90492018886807,1.63563796253686,1.63991993444281,1.95906797620536,1.46091026673463,1.00309865171132,0.900144095496366,1.72708005767026,0.910032329787188,1.60747107199831,1.50903015595811,1.81707322422454,1.83718008844405,2.02076473422142,0.776494127848296,2.02851462614685,1.20661949605899,1.03018387718763,1.73706264731692,0.839538034240123,2.2206465802282,1.78422884904413,1.55002855148312,1.56547240479955,2.06565312322405,1.17676146356243,1.26696057699853,2.05444300381788,1.28842008682128,1.80170105968841,1.08480366039369,2.10991707247144,1.10375787046662,1.92865894656321,1.49132362570804,1.5907623011048
7.61855911233507,1.06583206646307,1.50736285462839,1.93406507665053,1.23228193458809,1.58919784619694,1.83935502603817,1.38460378807644,1.11934708382678,1.50519891672458,1.22446088506508,1.28711169120585,1.99248400027794,1.52980054498049,1.3874124605639,1.63773924075365,1.64999136151971,1.12292373532158,1.10159875604264,1.80184404145966,1.9377129673181,1.90329481082502,1.46247781458082,1.59654007737332,1.46490868594991,1.63417961547865,1.24061760588416,1.43275686479069,2.05664410613192,1.56970307679051,1.89072225754762,1.93989507200385,1.96859406675603,1.73508227561612,1.98376409294127,1.82592726856568,2.18604544462366,1.12264767869677,1.30340357584658,1.46461082216529,0.770692499737301,1.56006807556917,0.838354481395112,1.55201615807101,1.94867581929526,1.4220644186846,1.931142177647,1.18362890949325,1.22830379085667,1.76269367042217,1.14703151004774
4.17217321116793,1.74291437893476,1.44437906582095,1.72926417821927,1.65738110793993,1.71708911062391,0.865368819205468,1.41567130109197,0.998344823735346,1.2299723548285,1.71919701623988,1.787996113931,1.53816369139905,1.34958794202183,1.80242398643672,1.74098691790155,1.21562696382721,1.4589387288427,1.33959115900791,1.72976590630777,1.56811276498951,1.20583802150914,1.46032589102508,1.39020559304488,2.17429211559049,1.77984464405206,2.2112951119822,1.64698451091856,1.93623280391142,1.55189524921921,1.07599114877107,1.6762659485498,1.39769376666379,1.21788884827786,1.47399892942417,2.33277399549603,1.7151985338411,1.92111933263116,1.28645018796369,2.18276021568949,1.67292536420509,1.19190852759608,1.45830972425389,1.26531279015176,1.55122957767811,1.69256371028046,1.4770256566699,0.474251049488158,1.09001790072292,1.73485384771168,1.86752538025361
1.74634991021043,1.33234770817662,1.75053565337083,1.54439089211019,1.74129565992074,1.52082843795874,1.46930270156457,0.80745148355275,0.897059629672883,1.62823632167237,1.40997525414441,1.5736655339949,1.48726008153564,1.30490737142875,1.11425584507329,1.83223294184834,1.46153128267341,1.27822774496047,1.7560827699179,1.48753522750831,1.22515378427165,1.83932652297496,1.35166882509268,2.02789059460121,1.33329986692614,1.6360249683111,1.78236171640719,1.57263752590901,1.64031694264682,1.11045401409893,1.06776559183473,1.60110540229678,0.914897827785902,2.11854622854031,1.22890952925557,1.14751723081525,1.47865350776498,1.56034244194117,2.36163572229949,0.716561768124848,0.804241717898664,1.65639245401384,1.3782854845351,2.45398093822337,1.57263376756329,2.07591636376289,2.03842868113642,2.08863446524327,1.37092499211084,0.35152389825775,2.06926128714149
1.9303246357279,0.977633087647921,2.56822929566515,2.09551681652352,1.35182620631795,2.32565589987757,2.18814611487286,2.36044379505953,2.07865005106338,1.78847879496501,1.58403598108029,1.87660855110547,1.53812166317881,1.8379790372459,0.966727462520724,1.23056880630785,2.26572201732208,1.87706103053052,2.29622879449727,1.43032725127446,1.98941186787247,1.67799769467916,1.27289365079104,1.37376575659223,1.92083714671749,0.980046796607339,1.69526176180787,1.00329941765922,2.07552220794998,1.49896387027066,1.22433514373628,1.72384134654615,1.86600291252399,2.23963946301815,1.70584963072348,1.70759465591199,1.70341627507051,0.731257886713861,1.64599615431644,1.79032879714916,0.956716376172491,1.05449581654812,1.76647199078965,1.73051899311588,1.13110589852323,1.89502362508513,1.6658960347753,0.698709764906599,1.92023114103205,1.34061412005802,1.15301508890585
4.38717880050693,1.91901598918682,1.21399897632387,1.52215614056773,1.20537948668238,1.32114150659222,1.37344585138348,1.76743694422007,1.54318571307124,1.53012268136434,0.93817606518524,2.19618132369096,2.01140292033512,0.957372688682941,1.34095508946086,1.58552102925207,1.0473230043516,1.96102907452977,1.29800472285548,1.31819373994881,0.488401805875999,1.77891426759006,1.59656030564036,2.15543874278983,1.73231569240546,1.5655567041649,1.01551304463238,1.50836604316286,1.74841279729613,1.53947396558591,1.08153620517284,1.51477248908256,2.146362426125,1.61086264904492,2.9174456901572,1.47682142342879,1.48155716081977,1.53682322518111,2.20989724464598,1.44442298456541,1.67069315946632,0.787143180174199,1.56196891954897,1.21661182852881,1.13834556810468,1.92980313402904,1.84493461067109,1.54107294887372,1.46724291794989,2.53939029443497,2.497794090554
2.46086986821437,1.65289183223924,1.77537053899018,0.314481416370597,1.04208639035587,1.76147617120483,1.35904481142414,1.13868536230164,2.2848182285593,1.55206241857856,1.25098259358385,2.02672251303298,0.965582908248157,1.62326954653029,1.42719926711983,2.19280298296864,1.25840272119307,2.67582370545957,1.66467175131805,1.32504411809174,1.86728653768977,1.39895731627341,2.17309883134899,1.58074275656648,1.22745016798999,1.92329535010916,1.96196289778906,1.45753324733014,0.811139579192171,1.61147081528817,1.49782720804479,1.01591131542262,0.807335256921046,1.77444190639693,1.73978670815365,1.40838662970872,1.60464442253069,1.4465750060597,2.24920928165705,2.07391290833434,1.69573779340036,2.31158389737924,2.03768294346335,1.17815431200883,1.28756346889748,1.77858550825305,1.9467815675693,1.74686974905918,1.41009393557751,1.26813864298592,1.71249952292251
-1.3113608895952,2.32717757491823,1.78143486899276,1.70905485053816,1.08009467416822,1.24618556546458,1.3434736746218,1.19380407533029,1.16391275594111,1.6044312712756,1.15874935324912,1.13080592320958,1.88818548088741,1.14421588707543,1.26168436915445,1.76959441891765,1.81196291644008,1.4907885160152,1.86598027648778,1.17428147804515,1.85062169711326,2.00409780820532,2.24448244457378,1.38956191512644,2.45262874002211,1.51766600805138,1.69654802784137,1.75620552493584,1.8713504156311,1.89426509392216,1.70667996464609,2.41179713345992,1.31794437844588,1.42740510903824,2.19868867874776,1.29661760630719,1.30785050733087,0.749708599042522,1.98220376637612,2.21378011427109,2.14252075084662,1.24570613087146,1.79449835792886,1.49756339350896,1.19117835121112,1.37977157693581,2.21019242048283,0.83481668756577,1.50968421485715,1.8446537175552,1.21289517012874
7.8357449410525,1.21873177419077,1.61524103466393,1.59077193928992,1.75254217428708,1.81178130870087,1.54838218807778,0.897667242633607,0.936889346140504,1.14824507620128,1.39356490656466,1.95966626890006,1.68506793983683,1.28779699383011,1.55757902595747,2.06586511255372,1.92780678745047,1.47396359786726,1.61403116385607,0.890716515993357,1.51205604528064,1.09467888679532,1.88622074903543,1.18863695294183,1.25604598865993,1.40504742827648,1.29004974334606,1.17427550060226,1.36338464679035,1.54088017649993,1.75872057817107,0.523969294988638,2.1306776052824,2.12233896824196,2.02038602790625,1.47876583969553,1.67691011776755,1.8600642924844,1.85855146931309,1.64887214371293,1.09053184727492,1.29509871784482,2.15987185567606,1.60529085795974,1.44269188833277,1.47012953755426,0.978955982786978,1.87770134351242,1.40853057299801,1.6999303738012,1.14069616325341
-2.18929005853493,1.67387315509539,1.35631643449958,1.14923341625778,1.28895516595503,1.83625422187023,2.30509985888137,2.10783304865029,1.55595539737523,2.01432285546443,1.63158076159998,1.36765986844918,0.960219050251565,2.22571970865191,2.03302896872653,1.86923897838241,1.4478487431971,1.71334585957866,1.69683050191904,1.56097807631312,1.30523788545998,1.68456260471934,0.774226693278885,2.53673081815708,0.862658357680587,1.37880572513603,2.13244254049677,1.40547293748301,2.03550740424734,1.13119197310686,1.82985355504465,2.5230129031279,2.11304738316785,1.69877188447867,2.17413381809081,2.63832973055189,1.51105055333028,0.733874105252735,1.75673450628176,1.2800995973606,1.68934633249332,1.49928557137803,1.19077208423513,2.12032528405809,1.1486559499175,1.28522912973904,1.33903427675917,1.92613968691484,2.00363308110921,1.13798994755737,1.5389566682155
3.67632365022938,1.62730041448373,1.51082262298809,1.78836793431575,1.50821093382872,1.28072521423742,1.91359902895032,1.88211873450025,1.27326387999767,1.47191067138926,0.784639551348185,1.2340003010738,1.75166650798026,1.85396822727679,1.18856607705777,1.56517854368824,1.4412168598121,2.02243422807828,1.31516983731916,1.17456849313787,1.57717892714558,3.02285607201606,2.12261729376578,1.46628871671511,1.19822226532567,1.99556870805549,1.07334433504045,2.67345290595099,2.43597749893852,2.29751337428273,1.78625406355837,2.49967149911412,1.56087063905736,1.25772960319638,1.86487784227263,1.57876846916955,1.47454285781184,1.13195124131583,0.83571485906337,2.18817090704351,1.89599092022729,1.57166681903414,1.45752309898132,1.59146044171024,1.45299195160587,1.86355367614015,1.60256660193238,1.97712170236169,1.2648172802188,1.76357013921979,1.70966446216296
2.33786984027097,1.20879890660536,1.2533096974365,1.20541498975266,1.77933700167772,1.51870068941539,0.885957226454151,2.05620505700014,1.4735734263441,1.88764747817892,1.85533602602453,1.50864766438847,1.84609127855154,1.32639682727379,1.56307884709973,1.36631100678017,1.57152384303905,2.07995538249204,1.69990218928963,1.85733863670161,1.2438136432653,1.45116703065778,1.83537721646593,1.6796314226113,2.04685107424416,1.8323744099492,1.44744206854638,1.03922962857796,1.80511086587883,1.21168758871597,1.5879937043143,1.60040846198846,1.94942101293081,1.29075981527113,1.38649519622682,1.74350358418537,1.9449938995437,1.35518522372366,1.56209023118753,1.72962292831037,1.42627737433149,2.21772915613847,1.6228193014102,1.66656192924491,2.1917472220283,1.44014620200392,1.92225719248908,2.00911178905495,1.33631162164214,1.36369224533738,1.2906780086402
3.6065606925289,1.47339538106792,1.23934329914294,1.52160691245844,1.3632134687318,1.54262118671402,1.01373316291686,1.66409574134573,0.54972300229232,1.92581865186993,1.50850966611566,1.72167267246068,1.77411211986006,1.36781240512306,2.00156360120299,1.70148978192078,1.26899517512554,1.62351058706589,0.920414241624051,1.49371637005649,1.98992924569391,0.9105981962359,1.27815491581081,2.19022496567451,1.98419257804263,1.30096526143344,1.41282264448212,1.45344060000009,1.26254357571497,1.67600823927724,1.20866715060349,1.63991764960022,1.56593378460871,1.39008611076028,1.54175568046848,1.70519040619872,1.8568662768456,1.49809708867007,1.26897630737702,1.5918762759294,1.1561930811393,1.11280534170217,2.02154695461419,1.33071750300242,1.34091553788048,0.985279139548786,1.44994495369766,1.40714888055012,1.01402585513386,1.36164406439807,1.90307328009429
-2.51719546990424,1.49809266662885,1.34693876136706,1.54968397377965,1.22941088806664,1.99690074259634,2.20440497977864,1.5431563338741,1.54237120769019,1.74254634062358,1.49345749883041,1.96576993709282,1.80730171282504,0.75870018403157,2.09291429788759,1.7825867569831,1.43765130561168,1.26263440532068,1.58901671732043,1.36119796486034,6.16865698469916,1.33462297908183,1.7430101570014,1.66039952720229,1.08217628792971,1.64033974390786,2.03551741721622,1.39056670673492,1.28948214792912,1.26957445227547,1.85468594065057,2.27823476763119,1.41296939895835,1.74829728473774,0.935137871374035,1.88139257781868,1.59143861909355,1.47309821693952,1.43950040047933,1.78486803368248,1.70737890421112,1.66654278641549,0.678376792157619,1.43080191248101,1.31958171429395,0.058967353073687,1.47748698940935,0.612867570460097,1.72381908498239,2.24653261365007,1.01822486199613
-1.60901685255713,1.9581684626351,1.61107653516172,0.575228374954265,0.735174114319415,1.85777918994672,2.24325177468124,0.926699166339931,1.86852006277826,1.66744996397224,1.14286958901833,2.26343370679737,1.43677979877615,1.50947286684422,1.88332480798304,1.16824623225179,1.38057306866769,1.26544975667976,1.59694620690971,1.50832255845354,1.7152290011833,1.80664011662989,1.30415926081404,1.90037526783671,1.12343471825861,1.70350468344624,1.43183522566489,1.84835786588445,1.02324919819993,0.94307807783613,1.92432463373955,1.84649418236941,0.939129230691225,1.52162812824119,1.33736053653668,1.61911526911385,1.31210600174228,1.38493024356156,1.60993501222439,1.99171490200137,1.62363686438261,1.5907502598328,1.26184701195251,2.02300067857334,1.17846344227119,1.31936636108816,1.6612943894297,1.76771467339776,1.30814136238335,2.30298273634938,1.62433626155205
-1.83275207919831,1.86175237207558,1.4280013904229,1.73946398869311,1.33104858127933,1.75574053793908,1.85613472262597,1.50243533343108,1.84347774244904,1.23783473541365,1.4691477888842,1.65305419231799,1.6587646041255,1.61989406521474,1.81500142400354,2.14607519024723,1.17056467868468,1.66307054183561,1.22547326813948,1.96941249236107,1.40245299517626,1.833663111411,1.95500756326998,2.43876802779325,1.72380188090526,1.1347548645972,2.18353722849337,1.83964998893477,1.43700414263804,1.88170805136746,1.58930460844608,1.80012040548326,2.41593834474652,1.86757329663051,2.10003452521818,1.41690563385359,1.20635080285193,2.38541781232911,2.02197335831412,2.13946938204937,2.54986266660795,0.692920226729453,1.98868338552939,1.52886652145607,1.63688660711072,2.18506663505317,1.36612994268259,1.75570460507389,1.02092170167268,1.8789474391449,1.85217793183439
-1.84372521623092,2.09617013726421,0.941005366743311,1.47073406579669,1.00488717202326,1.45778492236517,1.4930359066258,1.26502877384272,1.52288228219307,1.75930703493406,0.495423832708333,2.71920269846911,2.17612700430124,1.15035002858512,2.42125073778341,1.56854371167013,1.58457549890577,1.43835059837343,1.92191617870021,0.784851178504142,1.85446651174451,1.94704898266445,1.38675354863829,0.866648993987154,1.14654483826605,1.62523901490133,1.47246528060738,1.56809299030643,0.761425234000845,1.20070280954174,1.85333548946139,1.09763508650565,1.43773051880217,1.77671810118097,1.53294436083604,2.00053967506207,1.51462263092695,1.49003524701524,1.62132554527601,1.6749961028453,2.02504232747749,1.35229478283674,1.54921560414981,1.22182316903329,2.10631429144498,1.64767757902427,1.42077470140096,1.88391147921527,1.55010754985065,2.30788173863757,0.947205494046408
-1.71566174050052,1.89240289801471,1.66812001264418,0.570508635337893,1.99228640288727,1.93236635733334,2.11295768811407,1.45236663947665,1.81721418358471,2.56135199884188,1.01101899685879,1.61424655203706,1.38936682346708,1.78329070546644,1.94301651779569,1.98623944061913,2.18010081243163,1.06613538785868,1.95097231190453,2.014606602507,1.36287368057519,1.71749617114567,1.83429442826679,1.11157684175802,1.82025054504019,1.08972702173383,2.15531620311051,2.26878183864385,1.21717295253176,1.60477648059664,1.59536217477766,1.34565537130093,1.65610422194645,1.26821736761977,1.50050106456225,1.43586133134099,1.75199576751408,0.808310364664056,1.76950995988355,1.79588381546249,1.80432363474052,1.69872461750731,1.36179383115439,1.78588191538629,1.26708047524394,0.720214464231955,1.49201886648741,1.49656236947555,2.49332965676588,1.15516683055254,1.48935387780243
4.8322850001154,2.43470754902364,1.47951020429198,1.54586124588842,1.46778950107432,0.911905940135215,1.37005787229935,1.85873599452582,2.32350116179836,2.03630056897591,2.17190123416967,1.61251764220601,1.50603537530449,0.973225246052234,1.35601313098135,1.96487932318229,1.6250764156055,2.16597354936646,1.77387529320931,1.05148255014269,2.32052639583549,1.30029536680477,1.9563212025322,1.21336103415972,1.09311149012182,1.13864764662015,1.51009541286391,1.09122871747628,1.38139430181716,1.77977887273175,2.20288063639736,1.57978996094285,1.60997353592307,1.51301723786762,2.18876268762902,1.08798501877117,1.87128541332151,0.838315491878954,1.74409819468127,1.17604328956737,1.90927976600939,1.86326911982369,1.38939955878887,1.76804705182137,1.73558335636874,1.28677451470011,1.32865581040822,1.40444088406692,1.9503521131921,1.76661250104416,1.01262613578635
-1.47639090268375,2.1941837749006,1.62256772336171,1.43390217967827,1.53902583964166,1.39478450898556,1.96118913312008,1.41630742177707,1.09560924820416,2.38545019227767,1.32521402154378,1.51482783161374,2.05044316104044,1.06639491650711,2.22780069376813,1.8563827273791,2.36446783659228,1.07410786062999,1.02519166547446,2.1143408235619,1.48882635421399,1.79057816387345,1.8537399067025,1.56700341306537,1.0205465353083,2.08450779578128,2.62026197137068,2.23720976957826,1.29146009565822,0.450240006131871,1.98344737989173,1.93434272116816,0.904949832987128,0.56346707174154,1.42997262480306,1.44985103652206,1.49254622601422,1.14295632687,0.973482230071145,1.05676239901078,1.03143583796993,2.11175938307406,1.93112881619854,1.49787265281486,1.41475609504126,1.70450254646825,1.62524872142847,1.74042441043284,0.982369633437475,1.6787250199979,1.75012715123963
4.30302996639749,1.98127185366047,1.05248537964372,1.5864333976136,1.48061570805988,1.81296505326865,1.26074690689108,1.46561492865914,1.25072586487514,1.74873593364953,2.20782639460003,1.87398813379984,1.86230297524838,1.97843472190522,1.58491496919481,1.20027484276734,1.88676059302075,1.94443337590159,1.73160424504964,2.5130797173557,1.32849828693357,1.07242520792807,1.18725172363371,1.67188639476709,1.84715605866027,2.17551366628726,1.84910150979864,1.88506749373416,1.12294182029712,1.20162190822555,2.8685550313425,1.92775908650356,0.918781149956869,0.903075672209144,1.98141497243337,1.71848703656378,1.93026012430356,1.52156078193872,1.55176901025512,1.43902630015431,1.95403364693742,1.14142026403934,1.71515176691728,1.02723776825484,1.70938146237906,1.44918786502651,1.73383651728533,2.05852348847469,2.00819629760584,1.74097612418214,0.76989493774441
2.04859012872167,1.63492636908276,2.01720707708154,1.48676283311569,2.6202498369044,1.38521341307763,1.7777583839117,1.61411728926735,1.31730825836861,1.7787293529898,1.66944317842954,1.95159750425959,1.52393391686406,1.93528109316657,1.4178444022619,0.786741121896126,0.781915578736507,1.5622283023217,1.76270469757756,1.43714575925525,1.19711390040996,1.62505726363457,1.8934016304858,3.03257935308481,1.37524641989862,2.58018139796406,2.00091697725665,1.29225516345075,1.30666607018799,1.30026496338238,2.09882248517127,1.54545261193976,1.09044075127271,1.83403790924005,1.36166947282415,1.44621720734493,2.48643480587955,1.89254914951133,1.84818878370197,1.71128725374855,1.89608180567927,1.51446768305809,0.519276375897969,1.92386229801776,2.11800373215314,1.66625809492032,1.58783006739482,1.27727225160782,1.52396782620431,1.55579900989322,1.13479421800279
1.42533641140489,0.938798668962996,1.35660833200582,2.17645239028342,1.12496831230757,1.74787035032377,1.33938258923919,2.2353467910763,1.97131179149062,1.70223522206065,2.0678140231281,1.37860196487947,1.73797010624885,1.9196228628679,1.91969651269389,1.67924299121907,1.97194185199864,0.238820032777997,1.898256247955,1.37482331766978,1.79161540553357,0.763373877491444,1.31764867768156,1.1537045226962,1.22368909272361,1.76211312097602,1.26576403654425,1.83375795662755,1.77069264639723,0.903609689055284,2.50974271939984,1.19089913980592,1.44577908366583,2.24600292700498,1.02076137855035,1.52729732593171,1.13531220500164,1.46769113280654,1.05055926819205,1.39577179720949,1.07302096933758,1.95939387998303,1.88969498321201,1.61802958473925,1.2952392918419,1.65623193599618,1.79358989847485,2.15514761165294,1.94598681581306,1.49229989906928,1.03542262020481
4.6610563085197,2.08068636866568,1.5207470259933,1.76718997822523,1.88772311870495,1.17814011687564,2.10331929893207,1.74406598934811,2.04989172153135,0.997422069926588,1.07765123050622,1.16691750134406,1.73065710563337,1.91869644093956,1.00311391089965,1.05957524362994,1.3531977113191,1.51011534320484,2.18944021007062,1.98164540147229,1.95577469106625,0.844935920581322,1.91755448429986,1.8088806086063,1.69155874190236,1.56074387039848,1.34386763192821,1.63444104110663,1.87140967154157,1.7752352790074,1.67350141528109,1.27221367498429,1.1547093169941,1.3385931886348,1.94585117708871,2.66587876920282,1.58978882238392,2.15846321523514,1.19980976594801,1.69097048016446,1.43292234482159,1.53080868517663,2.05963616923698,1.66703675401243,1.7333357901926,1.5149579846269,1.61286588759475,0.752405022148212,1.29937254805734,1.24154862805343,2.20535508837985
3.29316321641131,1.29737351510822,1.01509971478864,1.43504807314536,1.95338533255532,1.63340589911916,1.57075629812923,1.95768826214246,0.995049052501549,1.62907215105594,1.28969246569269,2.28681206114334,1.29019070486639,1.32083441083697,2.30750102425966,1.44908234780009,2.07445146141355,2.36943649716989,2.08163820792148,2.20433359478493,0.698549227595776,1.81484615957086,0.933644018878196,1.41831413210386,1.53498746614491,1.66371165003181,1.60115371538404,2.08966057884837,0.960084720005567,1.70636700326118,1.4476759585879,2.01672464119041,1.87236670561748,1.84094645026567,0.808145064783135,1.47024490295689,2.39924726824381,1.69427530223293,1.55154295881027,1.3114845191258,2.32633780794629,1.39230617187515,1.73060176441408,1.01252910936481,1.94310321223435,2.27152801307549,1.15132665040902,1.82670626914009,1.37051935670948,1.25190880693284,1.86328194110728
3.52703984603414,1.52567123654087,1.388079051633,1.12352381579627,2.26222815542251,1.38253210606374,1.75909425077956,1.30287866173312,1.21262010283261,1.57675623110656,1.50293015309291,1.63613353749271,0.951030424627859,1.98933754388185,1.54512236843342,1.95703209362512,2.17559940359634,1.74902533202533,2.47797965021907,1.57827328944733,1.42067233949906,0.965429470219145,1.9261692008332,1.35284786322931,1.38631660062706,1.97308958513617,1.04317609410405,1.2048960645713,1.289142187891,0.782962513763536,1.84068072832284,1.94520721209724,1.8706364486595,2.21544185914072,1.56218157921931,1.79343002490619,1.11487472123744,2.21035971393969,1.76649925076345,2.17194719366192,0.555699655982228,2.34176007848444,1.32621351754115,1.66877844530573,2.6254968315271,1.5316459935913,1.96570178798544,1.87261659712874,0.776353402688044,1.52961732062743,1.43800400130486
7.68333506155383,0.999755710245636,1.85363578583614,1.3685353300781,1.75064543823685,1.39655400532379,2.42968662640036,1.92049979632158,0.984320145329864,0.922084525302924,1.19836042508806,0.953862096138232,3.09690104899735,1.32022909743154,2.32799156496766,2.55249063073523,0.778855963655946,1.50386625204084,2.3475425305731,1.07298051194185,2.16139792265625,1.92488691651001,2.20444154102543,1.98066768567996,1.64715819977504,1.44094027419454,1.74224283384771,2.40565394606619,1.7259823187031,1.61355698678665,1.46687601465661,1.66860391385025,1.18528965997815,1.90538327519559,1.07502731897111,1.67171377290113,1.51989626911949,1.80873688783721,1.45309448758476,0.812479489661036,1.79450392202616,1.89146929591732,1.33509192925717,1.2222824365231,1.36989732941496,0.798214846084144,1.67326590030384,2.07897705421476,1.76081746636178,2.01284642721916,0.714057181538147
3.73536939685339,1.73203048699675,1.65424544593197,0.562277277867802,1.64972126981973,1.64251716383235,1.43063407123191,1.33203792808322,1.09889036549167,1.00675724577796,1.59874886315123,1.62519756458421,1.7054359711578,2.07077458395468,1.86865604799892,1.39020356084539,1.63861706256836,2.21761662610048,1.12084977931959,1.28560995842698,1.84926555240819,0.808750309579969,1.41774383534527,1.36859574179623,1.52207396743264,2.07791511001406,0.709427575777166,1.8797046871572,0.999115579935898,1.81777298508443,1.74657270727542,1.51742799205763,0.557638970746441,1.6799787450674,1.70306584805273,1.86525947176148,1.24404881270837,2.51723501494014,0.391719423069743,1.17980114448807,1.30056704005775,1.3909004016169,1.53039627006315,1.20351839216058,2.09278119004816,1.77282370016415,1.29778570145902,1.2498132297085,1.54374526303004,1.66420572153158,1.45381911524928
3.95875582019808,1.63295184625883,1.33978189613916,1.81429185226404,1.58789946682533,1.30235402972433,1.26230462308929,1.08343638405404,1.80064814022138,1.86906485951225,1.05853587533008,1.88547409271575,0.938997687653697,1.51325828193867,2.27446485694589,1.88509966748002,1.78282781026858,1.40544802668985,1.80596198239435,1.54468680425248,1.17087003204754,1.55485269573507,1.46102373995113,1.33814484575225,1.44958325376467,1.34988090206641,1.65442251714673,1.64870352862383,1.34974867012867,1.76398846199237,0.694893041660249,1.58523075291129,2.01865032372867,1.07367448094376,1.46836779207486,1.66628491870181,1.18967195184467,1.45528583478613,1.70225182042338,1.48919286807944,1.2310170509876,1.68539802599145,1.94314844966541,1.40541963643596,2.30705717704103,1.79338443070259,1.61766553818511,1.20810502396284,1.55439013998515,2.13987278181911,1.53533780340585
0.94008258417545,0.515641082018262,1.52714065247465,1.78218030527749,1.56316407958119,1.59659233888166,2.04794829447036,1.89334223647007,1.92826207304067,1.4081713289311,0.889386160743461,1.67067827135853,1.37783182752857,0.872075310267553,1.46657378747927,2.21692427393584,1.70703556674153,0.333247183033351,1.81764085827873,1.48453082238199,1.08966900060905,1.14203576198671,2.13606712158863,1.96950935929275,1.08910431827917,1.77078440307846,1.51066669095127,2.03098510575341,1.81781190987237,1.81257002067606,1.7343378306061,1.9992284409492,0.573892032239341,1.58659097947908,1.57284164812396,1.7244188651503,1.55740550458844,0.719340465084129,1.02531511801902,0.923084405750798,2.06582576689017,1.00906791700189,1.41584785420152,0.753836160876891,1.97852463595075,1.20301041929144,0.933696238554463,2.6485568840899,1.12438431593618,2.06154279619719,1.66744976212643
3.54379672363968,1.33378843480863,0.824629080801114,2.32339546647119,1.97323940923815,1.76778922927904,1.92573662563365,1.48178568782594,0.761715819051782,2.71659692880399,1.10903103605913,1.59606452931224,1.35443074225351,1.77142425461016,2.47541010072105,2.19872098886778,1.57879763099526,1.45562353355955,2.03434411002568,2.04465323529089,1.00232231960905,1.63216338346304,0.578644391795966,2.35866709516291,1.60700548889705,1.44024014453003,1.55423550469567,3.0135085638299,1.06983362600818,1.78100683228991,2.16657944418567,1.11141907833361,1.80782113918041,1.52277238317045,1.80301655523118,1.10213357249208,1.59822121586232,1.95545341392392,0.980164516690749,1.28314896331061,1.21235180298365,1.28947290766731,0.702026702603708,1.06817354522918,1.36098343225475,2.09750300185665,1.45481931991321,1.59751101952319,2.67373215837724,1.88721420020567,1.56409193251062
4.27257195286615,1.86786935633913,1.15042609588762,2.29555891763616,2.1388417322554,1.9999885370786,2.33152167444939,1.14781745990703,1.463047780814,1.94421601677031,1.54115745607888,1.7942735724967,1.16397584923289,1.36190737376157,1.75543576528274,1.34917343788457,1.88192721901485,1.59174022110814,1.75592626036528,1.90354656996229,1.44886445718912,1.81649706720635,2.72322727737556,1.95439552401915,1.40211008794436,1.29370706936687,1.60830415632136,1.83495021464451,1.85763738915751,0.919145095382955,2.40818699495207,1.62317475307304,2.43907309044179,1.4465540807211,1.82344262227956,2.07854565462177,1.52148359129663,1.62114693736551,1.19471560244813,1.32178564660782,1.65021362246567,1.08204549935105,1.73844157748317,2.10445402191383,1.50170030728572,1.24239751045895,2.5948538900156,1.94029481390074,1.61993468697189,1.63746839404419,1.40405370050767
7.99598918470296,1.32525295588869,1.66251101983558,1.6728331976453,2.23963429782288,1.88751299679101,1.14586370224012,1.59314975521305,1.68707173723683,2.09650177212604,1.67175143970439,0.858577236028572,1.03204901785892,1.15328747081542,1.83972065838979,1.87828781053648,1.19801051260838,1.3547424168495,1.51793281906504,1.34410825232933,2.10865913515426,2.06922920447437,1.45417278480048,0.764012786417953,1.40806076502596,1.79931861917064,2.18597173925209,1.40391336671949,1.31371469456362,1.32126109925872,1.17473020478783,1.35727234291966,1.7659316582324,1.37166125164908,1.39885276922802,0.780931924050679,2.31141343698868,1.25845247044935,1.62960359824976,1.05764064180579,1.34522189770313,1.51054934422969,1.0281270643897,2.00007588816787,1.44829493968332,1.67778561462509,1.72301636788216,1.08138742581615,1.34167259719075,2.13748888454885,1.42757842991286
1.50164056685034,1.08284829742073,1.84232377435233,1.67665015707197,1.10041947193411,1.42772727032814,1.5138832291691,1.62139883714481,1.83711704634625,1.85990235955156,1.14840754828907,1.28015411579641,1.62076477583392,1.614131168635,2.15357853280607,2.06267158973227,1.5479840778289,1.68831531545533,0.961103023463884,1.44244534415624,1.37690690667654,1.31223356130942,2.01162673948008,2.12652338640258,1.07691169769882,1.32459702329368,1.15278047314445,1.69420284416606,1.50732631190569,2.08829694198091,1.62528396213011,1.28828930400006,1.11462741405948,2.43868107016942,1.55497759195756,1.49204563260901,1.74415955595555,1.8129148405794,1.80285621184004,1.15596687190553,1.00861601698127,1.54293520067974,1.88279715298753,2.27974684728426,1.35510279236993,1.60245069102897,1.33852219675597,1.98895166471629,2.02238375400589,1.20320285486337,2.23963408795389
1.90729407861289,1.06621381167166,2.54286880624014,1.7474022648529,1.1179279821758,1.02195546131209,1.32949011505489,0.9803842694861,0.929809957111498,1.61178956925305,2.0366701887987,1.69128771148861,0.90290308233122,1.53482421401889,1.10850279852248,0.767274612337811,2.20141411633936,1.46425096258516,1.44436903977797,1.8843589017803,1.71776515204869,1.04693035774207,1.20834112871524,1.22788883353994,2.19886271661489,1.58787231864546,1.47339790943823,1.55434031253401,2.00380199437327,1.70778345204256,1.37551558091463,1.75912698406372,1.20864572332443,1.75234265937013,0.849523003940416,1.66373184788337,1.06705619117879,1.86984294736201,1.43676073339075,2.08197313141604,0.486809433105118,2.00584105631718,1.34003115590345,1.18204797219531,1.60156691561792,2.19971301554277,1.39374427027066,0.985316433283546,1.15378350735694,1.29111416133759,1.76226936533898
-1.40446761950767,2.09570595109964,1.47471445214873,2.32176906911429,1.68430523005225,1.23111682264965,1.71682127125048,1.65763265256735,1.48627845503161,2.22748199624513,1.46300775270087,1.82949429344838,0.862377422171903,1.80980121194534,1.4456688156497,1.42914384488883,1.28942736163329,1.80175123545835,1.88598672039602,1.56140067669616,1.41721218978593,1.89261291803737,1.90753153155893,1.52611817182792,0.836020062689525,1.21136199462458,1.2737038463642,1.84909918790972,1.36229156552211,1.51568671075862,1.46922478722185,1.75321387182314,0.748872444736295,1.46121777462646,1.79699964378107,1.77815448370462,1.88625357833961,1.81015023738748,1.51188566679248,1.6452268269202,1.71866533068633,1.62393760445118,1.12291682924646,1.95402266010271,1.6257164522383,1.14430766331538,2.15136088281248,2.28713817895613,1.56217694104401,2.01521482570837,1.81486017012105
-1.72232428825007,1.99780678799723,1.34135388474706,1.00222159014283,1.79262915366341,2.13329078806023,1.46830818898874,2.23633043549198,1.31560855632774,1.55071353193535,1.30964864002175,1.11008068025961,1.58102513659626,1.29254074339026,1.09558771904939,0.692450805047522,2.1009579277835,0.956897003512243,0.844354996858804,1.08952569538336,1.63549685020903,1.31747838832869,1.24589807277402,1.44774692244023,1.51637811276503,1.29159181049867,2.47392572307592,1.85759288524278,1.3836703297471,0.894551070589728,1.23687529038119,2.00015437610422,1.54567412608296,1.43429743324898,1.61445537353032,2.0728989142107,2.14318967772819,1.49854954616228,1.63999583671084,0.602258994733433,1.48983023134928,1.14931217487488,2.29127576023799,2.15913229258633,1.94261454959094,1.19595009928122,1.86651802105096,1.91349136857416,1.87273351920268,0.890409482692373,2.02483196976418
-2.7868113595134,1.26746905223453,1.01286886985009,1.19227018279793,1.64929326242276,2.47885895389692,0.979015193950024,1.27888366471208,1.5577746981252,1.76992172509718,1.75465149300588,1.42649163367392,1.71212388578508,2.30094904345894,1.76849355466307,2.15077196829967,1.15082232773962,1.19086792293343,1.13912553155286,1.08434644707908,1.56234773771232,1.22396161219383,2.60000851252009,1.54343103491421,1.02982697610195,1.01527647437687,1.93571320883849,1.9289084383928,1.69863791296269,1.93456917874013,1.2681397240064,0.384366459763862,1.68048722639077,1.61984393188116,1.74538357845818,1.61676970993553,0.999375790502617,1.11650764759892,1.53306279795718,1.38254392516108,1.50693691051222,1.81538998440647,2.39520597829352,1.76521465121858,1.73558144222228,2.00606746600271,1.41201186962991,1.39323074544137,1.70373191728654,1.6413093582792,1.44693007777748
-1.37530697645826,2.60263176631114,1.03510955455702,1.93623661600382,2.03865581402976,1.13347835256273,1.61528846972439,2.1233952155681,1.18369214385139,1.34279342203096,2.00555240609209,2.38051152754446,1.26324837455511,1.25807706461991,1.38354064788287,1.02276616447227,1.75278167971867,1.59873963266604,1.39341673434096,2.17574396980392,2.13861452560307,0.601682872020007,1.1618797065897,2.07446260375085,2.08760593250866,1.59334999728077,1.5433046239825,1.82613742308904,1.8963059430005,1.34693591479741,1.50724709477543,1.75176299135113,1.72654185423372,1.6296934109328,2.10166071445771,2.51996335284001,1.1814951891467,1.84387667561087,2.23460623882418,0.771953738319873,1.60955050932905,1.41274926339867,1.45351955728407,1.96266828957487,1.53820769086593,1.5502862142503,1.39778817735369,2.36634779032218,1.11946281065757,1.48804043629087,1.58915351084978
4.76726582088516,2.23160769838257,1.8452258032477,1.95527649475178,1.5847392256994,0.733131180050742,1.63556734253068,1.21342276490092,1.13103967577115,1.98972039174422,1.56693996253623,1.39047745109746,1.76934123825882,1.53026538026877,1.24011614788789,1.23867370946077,2.38265649962384,1.15841797155341,2.16178355215659,0.57964835720039,2.22027327000125,2.13366670991292,1.68536785288733,1.54957435814495,0.265974916417637,1.95838647275205,2.79945087916473,1.50125104039143,1.92183278455147,1.02977083935349,1.57686847547826,1.99696658038256,1.9929267525076,1.21759299867547,1.11829565560994,1.3054194923061,1.51897118418321,1.20469253076811,1.50843035062907,1.45530974021117,1.44617205977939,1.59790355362742,1.72453735247061,1.2585127858664,2.19642646357463,2.21736657256235,1.49534145611971,0.923839108785995,2.2973954716037,0.750644849194593,2.82286970677213
8.58443509623275,1.99896449861676,2.46728682690062,1.3606849374895,1.47173803605348,1.53430720465689,1.50352933123837,1.88311147209795,1.61458165895224,1.62615503638859,1.52597640106802,1.70599959502537,2.2197806029364,2.03632887577049,2.03156803019243,1.37642426551278,1.31521831696724,2.18949258725135,2.08161813651192,1.72009819575029,2.63432565437639,1.29150625444224,1.40563011943264,1.51541988256966,2.00444546955853,0.165168204707109,1.58448259771973,1.60687187720758,1.54654070575446,2.32650901283828,1.14863118906703,1.42124435153259,1.62676030687652,1.78896280981039,2.22567841688838,1.73207284833228,1.67614069058921,2.28459334996684,0.791182446941645,1.52599332591793,1.56745469427962,1.3594376344393,1.30880095008401,1.38255566321544,1.71290627318322,0.800036227826639,2.53657356350203,1.69187330280981,2.29400888943808,1.32808967393094,2.15356982092762
1.9846563552246,1.40117653017175,1.72842634735225,1.01539511390906,1.31885019551433,1.4056650419759,2.43137849945051,1.49541654951861,1.84863106755538,1.79242116762466,1.39848230915748,0.764832150559408,1.43406413818993,1.74076415974005,1.55199690082311,1.75024366270991,1.85355969633903,2.40027715386286,1.93732791098645,1.66166176321001,1.87821745482369,1.43730789405855,1.07693946228634,1.4116643709504,2.02662992237751,1.15390095808284,1.30645701993271,1.94936828226776,1.89621976441767,1.52341732618344,1.15118179502637,1.44471864283134,2.11637774656827,0.765820612700633,1.07195016344746,2.18799482909447,1.34294944526985,1.44485647002544,1.45224305545073,1.49133766859723,2.06190443263265,1.07489230944115,2.10468188036452,1.04970547947763,1.50020888223738,1.94210073025566,2.03006473297395,2.38581247449575,1.78193586220437,1.85781090845608,1.90199927945599
8.31367662986281,1.72791747296907,2.20505051770554,1.33426953974998,2.01546595404146,1.72004595458869,1.04539876295022,2.12923147808375,1.88892985749976,1.55008200175522,0.567234074575498,0.844692068102857,1.55106961399742,2.31437626519873,1.63370949146207,2.23010756173546,1.75159592072729,1.07655929318429,2.10884375361999,1.81357097502651,2.31674724631343,1.53226370365302,1.71604040695083,1.08816290606346,1.43592471407963,1.99137954779776,1.43062241574215,1.5759955298314,1.30941920952131,1.52418864561711,1.48356019831238,1.46999606031926,2.07522682066522,1.85555810675177,1.38798892459094,1.5189407764303,1.82175965594467,1.40783495269645,1.28621936870389,1.76341471931067,1.66764664149215,1.2235583935294,1.52311325873428,1.89247486335532,1.49793881713849,0.675014981331245,2.15741454055525,1.96929479310119,1.2834137517583,1.24058550615747,0.568557854569431
-2.49530054102383,1.49827486688577,1.20401783659755,1.42742783724145,2.12913709439052,1.1358842281373,1.63170195269404,1.63474338707445,1.46655937876925,1.13632113357896,1.79093461571238,1.40175524786622,1.42606176008578,3.14630990152662,1.45806307575008,2.38847100367788,2.03961158102654,0.499332904113458,0.904713074379268,1.6074720297824,1.03051826674324,2.13417535443412,0.97912830983756,1.3212913356527,1.3470363635585,0.569811642012736,1.51907516939123,1.48840874701082,1.88902309054563,1.65554043285098,0.818238291382852,1.61441957367348,1.979785171501,0.637560460981886,1.41630676625687,1.19414898586675,1.66349463286716,0.804477984490955,1.53799127887902,0.921902371135374,1.66194362781155,0.69098515064506,1.25574366109294,1.00198172828559,1.20248755336368,1.3784107605233,1.33456055828552,0.90314660303954,2.13532830772953,1.65023463739728,2.53940288706918
4.0615292796174,1.70700941496271,1.05220103718454,1.95270924272338,1.69919089953999,1.4235903401867,1.43652836514081,1.51800678867808,1.32102014899388,0.696866449104427,1.78588838927535,1.4341160484113,1.19631317803508,1.03347073999553,1.86500015650932,1.83414300044841,1.76308066479027,1.48093590321919,1.63317267790296,1.69206146481598,1.74685863043117,1.58126935117486,1.76426076967744,1.17799722815722,1.31792895312156,1.8225990776174,1.27352530546342,2.40316348955544,2.24016265608254,1.73895605065727,1.59783913494986,1.48831174113245,1.52169973409582,1.70963383284523,1.4483111944917,1.58461281848491,2.29670107519255,1.51256189951468,1.02552244289282,1.95549412615298,1.7857602664197,1.47422512417776,1.32607740995565,1.97652327811618,1.64109556854056,1.23242092702814,1.64071951502696,1.33209612245007,1.41827366566289,1.93268701078522,1.37957770863681
1.89471201672519,1.34249816388932,1.66318312276262,1.32273111709411,1.40213192623576,2.20413285389268,1.10529046253159,1.45627559103939,1.64761454940414,1.81612863803438,1.04724800924672,1.99543171977186,1.33688436439732,1.85770516901389,1.57860541150795,1.20821287783246,1.70958224705281,1.18766724638844,0.417454439123723,1.25205354410982,1.79541264860188,2.55496209615268,1.33338764710543,1.15331590893543,0.871312904214274,1.71075430056106,0.413309395330697,2.24275144083732,1.22190301585467,1.0007927147216,1.53843142501844,2.36817968602808,1.29045400664066,1.33374573359314,1.39251250858886,1.75899678665261,1.01482883475561,1.48546382427702,1.64174219456064,0.349714423229586,1.32960602741277,2.32471979323194,2.04395748393489,1.11384403360313,1.66026242719592,0.985490171775388,1.28090138057707,1.08220927148139,1.31311149183052,1.5999557091115,2.28637471469969
3.90098431734206,1.67382792192638,0.978266959743076,1.62105485791675,1.20271219460669,2.16069647058932,1.76438587011179,1.36220038010891,2.0256466655612,1.3007846459804,1.47504453668994,1.3821348401923,1.21876668798962,1.66080040083182,1.58628917750324,2.11406401258965,1.50879919444916,1.13171214401073,1.61794864571314,1.35723205186608,2.39950750093363,1.74080613514153,1.18249259423348,1.68894032774615,2.5828718804051,0.997155309983632,0.727879986904767,1.35183669768563,0.598551728793031,1.39309410778758,1.49859366468973,1.82048178468216,1.66529089152931,2.528780374003,1.66045916091567,1.49745139477271,1.81402981742231,0.899615174546552,1.4880760098159,1.67080619500531,1.65230763746786,1.90928113740218,1.29104436474539,1.65796120966564,1.7375629396328,1.74365818485727,1.21588538245333,1.33265436258979,1.59742928882423,1.93840234394187,1.98178839949913
4.37742411001889,1.94443011517205,1.68956473293332,2.37693100700964,1.2813295152534,0.561044510203215,1.24830307870314,1.35791088837452,1.02129832710508,0.980445407331275,1.21841826328068,1.26675006518423,0.89511561486796,1.52993175702555,1.75379809747181,2.05561892015714,1.33250319257556,1.63825688630994,1.30408823542969,1.04484762461125,1.66155911631291,0.71612897480588,1.79454038922745,1.60623057842487,1.98184102279402,1.16166331847933,1.34866615558318,1.32322500357559,1.39444577181996,0.806916283493631,1.42614552320878,1.18949809721707,1.58019480169601,1.78999381902032,1.42185826878949,1.49295521750865,1.69907719561428,1.30482509868145,1.17296276993608,1.70377364367318,1.14471752619953,1.76934254538838,1.5021978799199,1.54475135205071,1.5702008148159,1.65971641532809,1.26828753353002,1.84830245701098,1.80489411735408,1.30161288102189,1.63245154689865
4.79079971694188,2.21397451143977,1.77010443503825,1.78690876210757,0.926574607626734,1.47051175400789,1.89798586855955,1.25688213449313,1.24305529998226,1.65589202030095,0.24488979233802,1.44608459970035,2.21450942247065,1.95849560878074,0.935568026137056,1.42797745729462,1.44919366277114,1.80828186973964,2.02373769205423,1.78301080081987,1.95435843857377,1.81512334395381,1.23357084033351,1.45011234524907,1.45332133016734,2.61889971863247,1.09010336252156,1.88723067627404,1.69888370389582,1.31673845885848,1.47070103162475,1.1954998386534,1.20400108635048,1.06227072875575,0.54311171825826,1.39473666939042,1.85672095572866,1.4220593177238,1.38227103046824,1.89189044937433,2.17075766582647,1.07213076599532,2.59272557952734,0.792403452603577,0.69298819613314,1.97750941066759,0.919841119558046,1.52825284695916,1.00535601484078,1.88745786872116,2.13899044036732
4.8709600716204,2.54561456832266,1.33968938161603,2.39633192077158,0.678236249443781,1.80059765613329,1.50438000623686,1.2272446953603,1.25661924431184,1.04597174394548,2.09537511615264,0.873703675042481,1.36341295342078,1.42267080367543,1.00994172763289,2.37881824846312,1.5048686230604,1.85558072510808,1.78455427759776,1.61328522689797,1.41589249953259,1.13761363154191,2.15527236550945,0.887137368296891,1.62180638439598,1.6547077392088,1.26166069180118,1.08913534222353,2.14812983117829,1.82247643196518,1.52077686480288,1.43137614726889,1.73276388288165,1.78991416176573,1.96627111800517,1.16759815255168,0.992234998806066,1.2610232910358,1.00376957993987,1.7442842693072,1.90471812214882,0.877580767517607,1.41245732901045,1.2440093934947,1.51553710201124,1.96885361199703,1.65797927009231,1.65992392472159,1.37104955403349,1.56204694783855,1.90296419689769
2.18974169650375,1.69186956985222,2.21913044999767,1.62434484086893,2.25723645556227,1.68771380839314,1.49882499643745,1.81350538745305,1.08887000960195,1.46083914185334,1.48864741930395,0.571267275686371,2.15352814636762,1.50057909597225,1.73051992502622,1.35842879807837,1.48533989390015,1.31093273855962,1.18860983948107,1.01627110813282,1.50187347726226,1.41834359682999,2.01409536594864,1.83371950353279,1.78114333873903,1.72596972487876,2.0883632452254,1.51849313205062,1.12347884937832,1.83163953083322,0.65150720837415,2.03895999776192,1.13855361443742,1.27529442970212,1.57498683493287,1.77903921942686,2.23824828642929,1.3469224787944,1.26219882079681,2.18200665041486,2.05191446803951,1.12464573038709,1.35345322854729,1.03776313401005,1.60106521729319,1.75556918021795,1.87192574076624,1.88212550301184,1.83316767592576,1.17354844253564,1.17900970377039
4.07711957836756,1.73003797024265,1.29967484420376,1.45370280400046,2.44764432320503,1.46206273490781,1.70688376359625,1.71703507693125,1.25244763316695,1.38850539870031,0.879027341401672,1.4020990305078,1.65087747980106,1.26120197410479,1.98195734797487,1.5360340981188,1.50019989502359,1.50749278247828,2.11948188847552,1.48435678854215,1.09208502460428,1.03030578546424,1.25586935923521,1.6275293758874,0.932642960873321,0.837371920403782,1.23105665488017,1.28458190692353,1.17713010184638,0.779442745838104,1.40560870003253,1.85858652757991,1.51944685960346,0.897799358427995,1.84108646187568,1.50370988721662,2.05248298598212,1.59678353698963,0.895358767786417,2.21431472780207,1.87977722514162,2.43131147227936,1.19733993966003,1.33005966977689,1.7647461952645,1.83042132948038,1.4199461239441,0.71948465014409,1.46302230351535,1.80324445848392,1.64451281513592
2.56283971564658,1.61586736507369,1.69215418231191,1.46364626605113,0.900548563504069,1.61029782553856,1.86043790290577,1.81191856567087,0.86413873779595,1.99300656520026,1.65187051193116,0.724611702244589,1.00207345914211,1.76081404185031,1.54566537005606,1.96005285240882,2.48733365840446,1.77310992705234,1.32654789053706,0.792995982418591,1.56364967707402,1.52215935215443,1.88298013983281,1.18903219398037,1.42297601893687,1.51015751891695,1.43583691982788,0.265650746811864,0.947210562292395,1.68267247456501,2.44376721095129,1.80268203207962,1.51475402833265,2.01140531601284,1.48672205270762,1.34716569628021,0.961503157627839,2.07769960991583,2.26455869625024,1.66143402150196,1.76469627104399,1.95357178268518,1.20111133850553,1.41325932838975,0.372444150744175,1.51892271091333,1.81421228985416,1.90028959421607,1.18083233603535,1.66974938005708,1.4255316620431
1.95648547449156,1.41254898879078,2.23068275580674,1.4997778200661,1.1867205526858,1.72226076001042,1.53064148592074,1.5234853298295,1.51477904721308,1.17151028591693,2.16367436426305,1.81597723955181,0.892576699799666,1.34046064815032,2.02530492416726,1.60150545747865,1.35875507398394,0.967418249070538,1.20950905368925,1.58867211309616,1.72127654381304,2.43102638723892,1.29097859173877,2.20157009534092,1.04123450305486,1.40442738309352,1.27303159731658,1.27065425353503,3.30986393742193,2.36354242635033,1.60899596668713,1.60618267826401,2.23343598506264,1.30924882158408,1.8383585617025,2.26077682505069,0.913299204146414,1.91716744820126,1.81241120499248,2.16085847828323,1.19643444045038,1.91196284397399,0.846231115058234,2.24199718361247,2.01278353824082,1.96539861973202,1.27647816992419,2.0657073780578,1.50475963363508,2.16364594999315,1.82559191860258
8.73707671107187,1.82748494293462,1.93407236936809,1.94871770972899,1.48336742070551,1.45709953586482,2.23019722716318,1.38558564948742,1.8252149401394,1.23420755046282,1.07916913706678,1.56385884746371,1.50127728288951,2.20400499616854,1.83355297885932,2.29793413978282,0.491574836400295,1.50326560357495,0.805631648096043,1.38637841195545,1.30318338052075,1.40335737977806,1.90215643921994,1.12612408045689,0.90468227324241,0.911018027532784,1.41441905988476,1.60851128760064,1.58006428779893,1.53869597381901,1.63518275576922,1.56867369721086,1.98597599540795,1.99020865982403,2.47499899689166,1.5292564763268,1.68973222121302,1.12205273502107,1.45338965614905,0.80212822542925,0.964206125573316,2.10451178749721,2.39169348648707,1.64403410295989,1.91397291128423,2.00760247280503,1.74831630715836,1.9848040453623,1.36280046726834,1.47262916217724,2.26379245984528
-1.99823293701147,1.74445984925594,1.55779116834757,1.60271147012837,1.5966123642481,2.09132525838689,1.3842806808061,1.62597364842598,2.16036613659464,2.07907159200891,0.684418400583681,1.69757970451933,1.91420779448321,1.32656896450892,1.42180748538493,1.49106163185739,2.31277842690451,1.90019342167241,1.97846907145289,1.24622536020273,1.74679912132111,1.75490842333437,0.963677316671746,1.20061613545196,1.57977709018761,1.15540810744793,1.87790693981606,1.60909217875472,2.17387869920224,1.33918246852028,1.85723433994944,1.22843723532315,1.28754886068255,2.27619423645413,0.956258705739579,1.71676006509553,1.9914723945838,2.12205449904141,2.2484020157106,0.918326493486676,1.48989973246154,1.95728482336777,1.26219448639988,2.28962262936258,1.38242513048458,1.97891880708618,1.61613591632955,0.837087634713965,1.67827885861123,2.09992834374267,0.890579149240719
1.62404396408708,1.09596905528064,1.44265627835326,1.59401157744549,1.81358122294753,1.5138389462191,1.06147597034433,2.27300814082659,1.49019415978988,1.81595427706236,1.83563806442575,1.8706576804212,1.03006164726905,1.42356019361707,1.53960358719958,2.06767295058572,1.66633350204675,1.67806165792251,1.43457252364377,1.52451191613822,1.14858896486607,1.60558758728479,1.25486811161526,2.0134351075295,1.80402580443835,1.43370414748731,0.910519353422302,1.71912941075633,1.93265374640491,1.34183099514224,1.91603909710367,1.56987355549487,1.14146821550845,1.29959739576074,1.18101691541646,1.16670187140583,1.45587818988907,1.7536796876981,2.48797207479845,1.36650414579995,1.30311765222593,1.30402735353415,1.78765638151883,2.19461069304056,2.22078887114784,1.349473891907,1.07109292094324,1.58000514721146,1.17699355232078,1.55451415973654,0.705987579158338
2.60745806507878,1.75560644549071,1.86163701218416,1.52989136738037,0.773169055133528,1.55913383094127,1.2625431606854,1.68180058890712,0.731354490305328,2.18225410672053,1.00475614932261,1.06530962711035,2.51424492747661,1.79476356564619,1.99583367451145,1.07552283453619,1.43744057333858,1.41278919287904,1.17678439465157,1.72772932769509,1.31053974785508,1.81357342427323,1.20614095317789,1.07306589398772,1.88045465545785,1.23234608412262,1.75895267118612,1.9570910639942,2.57976142309665,1.6246597865609,2.43940042037217,0.468499529963223,0.943518335541881,1.86481322317698,1.52687190309024,1.72107254383672,2.24374051970871,0.933093529408387,1.18782826050393,1.63191918697287,1.57146039902162,0.916139329076174,1.38416601510112,1.7280383048924,1.36934667114853,1.86478927207033,1.89917705412475,1.36144334699478,1.37276841922692,2.01758845333433,2.25587341311296
1.58700638949624,1.08145264191598,1.95132412337403,1.7179695310262,1.13239914070622,1.69212343248074,1.57222277243138,1.28875619931211,1.56770686652002,1.37662915230106,1.80237023488816,1.13783279700747,1.92216613572826,1.36127714729974,2.05757084347954,1.84237662257495,1.57922322079824,0.871699030197348,1.3256686286011,1.60961589808446,1.5032076100582,1.2957399737253,1.72481769292502,2.34729757423994,0.631095515031526,1.4256476679907,1.53330009035238,1.42496167478737,1.6513739444876,1.86999299893079,1.44641269574762,2.06819863107731,0.999808216224523,1.11323470681205,1.45235968193113,2.13248841063812,2.25059019416391,0.879373258114091,1.89135505366128,1.78337389344889,1.19845629427788,2.0491659640608,1.77944793968911,2.30022188038837,6.11070806334022,2.07008429138979,1.67957021396303,1.26550183566167,1.55609811844076,1.46136676448128,2.11699152660329
2.55952542317024,1.6258248349149,1.71555673827404,1.73225516575722,1.69360482826966,1.32898471284788,0.977404672556346,1.40151962768918,1.39024392078966,2.22601738752849,1.31341993871579,1.66588000390472,1.64168801725051,1.1412665070517,1.71247484425289,1.94031537229704,1.36982559910198,1.78021945366292,1.78482444154154,1.49974755597187,0.624178225287575,0.939877875785274,1.63194595627653,1.13490472137563,1.85593685914715,1.38980864718765,0.771744119093632,2.04819089871912,0.987664615035215,1.29839557754947,1.87817233826888,0.912050876230762,1.92081052926449,1.8712308023411,1.58231707927419,2.26684820554186,1.42197691413164,1.29834220011707,0.888847692440932,2.06199696174372,1.36283366327883,1.85604647916241,1.62944120993384,2.51079581733992,2.23090324763821,1.67478193193373,1.66363755862592,1.48334772969644,1.81578669937787,1.01684953378774,1.30357448101628
3.84266703756858,2.11601464620471,2.12498753847844,1.12021501897748,1.27424820297439,1.60896795547578,1.8014300061316,2.0621212849868,1.34672097063248,1.85097549383967,2.11348409985087,2.19766210889456,1.38155477536331,0.729055073676816,0.997063353098515,1.36950954841988,1.25748113002132,0.90255014805281,0.817052160499194,1.28145760742743,1.68430806004194,2.17401177601803,1.0461710252987,1.91359864197791,2.02799920764512,2.35541882497658,1.40063320369411,1.406541684857,1.26021313639184,1.51967832496685,1.91874107260004,1.23276560407463,1.92974869327443,1.47317336252546,1.91131041492012,0.702212829048492,1.31239767945802,1.8210688182301,1.44191015325522,1.51640511566126,1.6475904800705,1.04431434975756,1.64221666332237,1.03819088327224,1.98451249812687,0.899664732337883,1.16469242222595,0.938711422874421,1.19238898421907,0.939658893963477,1.21650195829172
-2.87274409711107,1.50838437745171,0.00729068866547244,2.19019882235999,1.7700163168398,1.83906358377128,1.35860316692335,0.817256118675601,1.13528155705467,0.454477859154157,0.947300378368111,1.52627487489709,1.93349922175088,1.44964327911786,2.10164414696547,1.34799891542948,1.93080780371574,1.05036323468744,1.19263847705253,1.25529557671635,2.14457362432989,1.06760721927464,2.38477614750298,2.14004976717565,0.962608457771535,2.47977677020467,1.86396212576891,2.1044576604995,1.76449436638187,1.8268569839353,1.67266770138683,1.85085894531177,1.44550087309382,1.62164854292829,1.57649964029536,1.66806822653776,2.08590535443934,1.69397734783948,1.82628094512448,1.03346096458333,2.02018021787089,1.76692129017299,0.663421801088463,1.31928709191579,1.89482891073667,1.88463077242645,1.55762095392315,1.35596563480055,1.74065671219018,1.1435978240169,1.17125076681372
4.85274044850423,2.4112768757631,1.73660820682186,1.90308822489782,1.3343270634438,1.13741452196168,1.70303358382113,1.38056376947864,2.06213018737607,1.15778730195656,1.21468569640289,1.9460814400107,1.2208469341907,1.18516739223104,1.26985227095554,1.53574002459983,1.88181637256667,2.08461809767259,1.57989460458129,1.41195437771333,1.67680720918783,1.47883870139241,1.74908289029353,1.45127920463428,2.20266005441642,1.732388644569,0.970494248821432,2.61707116744586,1.89294656557907,1.30434476712772,1.65305741643518,1.34920263814435,0.688435395490682,2.06503289910049,2.07608161480698,2.17354173025054,1.3958675193141,1.47369630450154,1.93013593333592,1.66090701891757,1.60231008022095,1.56403158538371,2.03768876878942,1.58198917496865,1.26077662590832,1.45289332743958,1.33122367284008,1.28440269739136,0.682964712991779,1.6699502791505,2.04487227502689
-2.33725721423219,1.80439207670829,1.71593709636897,1.43590530700313,0.843258342917323,1.09574783230152,1.58321850803237,1.3429795322172,1.57441963148198,1.65929317626036,1.99158326567847,1.75919065421515,1.33098967649411,1.02282278263954,1.62871027236858,1.92632797117543,1.76229130250458,1.79168379204865,1.83427015478488,1.27917783564341,1.99423145327961,1.8736598684477,2.4896988713124,1.64515508379747,1.15373094910436,2.33695186779902,1.75552225394132,1.51944607330294,1.35757837536736,0.951083098008544,0.927843716213495,2.3338896099493,2.58950938973397,1.35309882977074,1.97456921174472,1.88442382133109,1.71448402422181,1.77505878952726,2.19168171709963,1.7545548271581,1.20670823824089,2.25289758714495,1.91818668827998,1.37889820983715,1.63430243384013,1.75259158362704,1.63564917041196,1.4752457417523,1.6528276088781,1.40069054822633,1.8787218031807
-2.02992772679619,1.72612304742969,1.34919456509513,0.632038731187957,1.43420116481286,1.86414409110592,1.18855885369087,1.35671707820012,1.36770157252209,1.21180780118829,2.38161534847828,1.95863234947815,1.76808295352915,1.11623098133382,0.857149185694017,1.64070892148914,1.7653580115336,1.03264090327135,2.2867306287484,1.39416413980151,1.16367875843106,0.753169308185707,1.39316363415134,1.70810224600329,2.31917673391443,1.65163023606828,1.48382754017713,0.568398892668423,0.864184793480901,1.23823504090842,1.61763074046661,1.83154837323035,1.00855830681117,1.62199139285892,1.30831002118364,1.75651172089825,1.75153728256728,1.67784627307034,1.64126675494526,1.20340468110136,1.60113169521028,1.64111442529289,1.61090729522839,1.0342962464794,1.61960250186328,1.92291960016664,0.864886258050168,1.65461720072343,0.783717651057172,1.57700925503813,1.17856923390468
1.97735897534951,1.56630512674727,2.09372668325997,1.18585047697596,1.38639231254662,1.38678868372216,1.48643122281285,1.9367550323558,1.44511494691043,1.82918860182843,2.45960878872841,1.52638236066295,1.42397900667078,1.90056700245629,2.33579925850199,1.24408317131197,2.06187163587746,1.2418064989845,1.88300161425291,1.34358767462077,1.53396207178312,1.34158125907456,1.84880360470368,1.80844049809492,1.19383977986983,1.48941391150485,1.99230392602507,1.08156767322311,1.80226428622467,0.947680598105701,1.40427604106505,2.23357575662475,1.98739018383507,1.02516785971691,1.53640147017658,0.942311326080635,1.36531518467158,1.32150332863025,1.17203670934677,1.34311516384399,2.517373617441,1.55372023661953,1.58931231022893,1.77733695861543,1.37732086806165,1.49458323367115,1.62184541183837,1.13668909807247,1.54222883563021,1.88305833930845,2.32338525220373
-2.05181182550627,1.81145648528559,1.61731493093001,1.0853351386514,1.90700721386557,1.50173993851976,0.993558233632702,1.67313645918306,0.876190308473925,2.16179234292593,2.00854654761988,1.30059928761748,2.1360245081573,1.81180765887495,2.13223129165679,0.814734831125598,2.30492085481396,1.30624172021273,1.55886867180677,1.70761776679191,1.59120061413371,1.11303865641601,1.5870977300452,1.9220456580649,1.49633983925089,1.97219966788167,1.22401639300393,1.5924660109961,1.49857176373842,0.596065280537365,1.99151772967321,1.08013688758178,2.34396698492952,2.07689511741977,1.94124724832551,1.80111925176956,1.6794713624627,0.457200817898382,1.03391663581917,1.41412352938665,1.16424225127616,1.50855297613369,1.86279058946395,1.53457310279408,1.69572644224661,1.74280261647261,2.42502498211045,1.75248168165466,1.52283583828873,2.38504068162908,1.53040068737035
-1.85316906893365,1.81291409715799,1.49704991195307,0.806238679553953,1.32858923583712,2.13814001000226,1.39132597798278,2.23503730011423,1.84177380463496,1.02375609347405,2.14071988075647,1.98661480970104,1.19535542911863,1.43760627810359,1.31695260432738,0.72477462870942,1.41096970850555,0.481915073316725,1.78475160301555,1.49178530596629,1.63907345981558,1.52951032947426,1.71505732644029,2.02305149966151,1.3225368288994,1.10889893518487,1.95191895476068,1.30219221571891,1.35870476712943,1.23016921949294,1.42071154096027,1.69148776699333,1.8365427488926,1.22322863689796,1.28262963983801,2.22589239907945,1.17731531248264,0.7465824341813,1.61924974011544,1.86985331243186,1.55434576666454,1.47448553433676,1.07300882267484,1.34204817271564,2.07765056159131,1.1221218191175,1.34583553538771,1.89935176167874,1.81977536654429,1.89783791883519,1.31147383427543
2.93573214646374,1.59372416271968,1.60510553634101,1.72907245392352,1.78297923615014,1.07962367216734,1.89683312766326,1.6697138802351,1.60563321485664,0.703641618978053,1.64900758761508,0.509932738694244,1.75458394488163,1.42839497929949,2.01893210413116,1.95334403880173,1.27174696262925,1.26535832884079,1.78860827899664,1.01913511911761,1.32723475096762,0.998026413013561,2.20884355534364,1.49645251553991,1.08168850570883,1.2125620764344,1.35223141542986,1.20222365899588,2.25012557216617,1.21164833987943,1.583951728068,1.26767048022386,0.803831755098202,0.711430134662908,0.665090264373491,1.64856537921025,1.12436514900284,0.891729803852164,1.27677161035754,1.28141785646391,1.55273918206242,1.233869126861,2.05527757705427,1.56203948558482,1.58399663576551,2.42112680118091,2.15528017135696,1.87143854796972,1.70496289820148,2.14480754641987,1.99595898173705
2.70191303923454,1.35814182339985,1.35806524956948,1.08646719217695,2.04676184971159,1.18355665452416,1.70128779982924,1.67677896230945,1.34637784771992,1.75717450131926,0.822214365809076,1.81507516451018,2.24496933484407,1.22300849627708,1.90176145976455,1.30038479197747,1.47120490661321,1.5917656434906,1.74895847056962,1.27600132098958,1.47563530796796,1.16896225375179,1.34302660750249,1.3798133572873,2.27282280075666,1.68580660273563,1.85897339408944,1.93604970352831,1.42929904746943,1.53544852193814,0.971620540200599,2.16022374513717,1.33157999828068,0.847053751400959,1.33397447816594,1.66849181116736,1.70665108872057,1.23103328832248,1.89228267419456,1.79884115829798,0.978754353094823,1.95789983295827,2.40977211368142,0.362397746856294,1.41645458692069,1.90643630307147,1.699744214268,1.31125529657244,1.6425629187975,1.34253996856607,2.03972806080227
7.95723541549303,1.23681781709908,2.30625602301408,1.64862652538734,1.23140965205474,1.72932472560147,1.69160170881869,1.39845192790264,1.60536562567965,0.921883093523813,1.69048929619222,0.294963675500989,1.71549974078891,1.72655278210855,1.8737711767734,2.64967686125005,1.6537669157941,1.72618513136536,1.42877061149203,1.0926224312611,1.43176173082192,1.45294075938468,1.28936085911301,1.22926209482909,0.889270760836168,2.0367317462449,1.40802931687945,1.28412104311571,1.30849121448069,1.90298780210404,1.04941716020473,2.41148541736381,1.87975081686471,2.78701748669402,1.79256875935663,1.34171934378127,1.6867303804532,1.4396017466137,2.01077984725005,1.57618367178032,2.22274436227338,1.50160776713366,1.59451959669598,2.73472093337596,1.67665051055882,1.11330163060629,1.77107393667576,1.63753001130786,1.62902324223918,1.3126515869167,1.57095787284703
8.71731789255007,1.96676921193433,2.19667640114968,1.5490751428703,1.38117953572103,1.53258812228292,1.49123183538842,0.439019977230723,2.6219485491637,1.63753215108101,1.8927672355678,1.32455060714876,0.904383417449939,1.22168321854195,1.98561947516179,1.46987382554245,1.58872863043381,1.27268357764285,1.53969264355884,1.2542845486931,0.973000492744205,1.52136232279145,1.2140114116023,1.36376531107769,1.8952535783552,1.89787958431017,1.85485488043629,1.00178453016486,0.690412742157971,1.1505901481672,1.24452595934668,1.04776980797479,2.01886593396667,0.267961068864236,1.21274789353785,2.03488274732959,1.89639450036638,1.13733007977429,1.43409658285638,1.20827151257448,1.55168396560586,1.65826491338077,1.05725601390615,1.36834346446852,1.64131894511288,2.26008601880099,2.00234541673681,1.42709337205499,1.1904772318266,2.40033406967514,1.99103799361671
3.43350532407906,1.4631117951587,1.31766429425622,1.27951439424574,1.68737990259676,1.75258867420565,1.95940419670765,1.78057171232764,1.67407692377187,1.67153193259884,1.68494765528786,1.61681132707014,2.22166589422538,1.58526700705368,2.44771917898772,0.964632188651488,1.61936933566002,1.32938877043575,2.21633451229835,1.07012000158552,1.39428008740761,1.8195289108099,1.79942239663068,2.38966738769366,1.34884062703474,1.31442389715953,1.87337401970082,1.63766299084443,2.22086709635322,0.727949190207115,2.25753759257193,1.52318515826565,1.96515865446651,1.29665433584082,2.05576584964004,1.98138096692791,1.33462898355479,1.13865348944237,1.57444828383631,1.16588259847414,1.19334986136647,1.69551656938323,1.70519373613891,1.03198880169326,1.77168131319531,0.946177396543133,1.45542986979612,1.98542258592637,1.85973923946097,1.50833706967264,1.68350981608124
8.10417670556409,1.50536099221855,1.73272435053596,0.801927925580324,1.89913175320607,1.67858925152311,0.834855219283872,1.24427050188508,1.06695127746393,1.54413144852475,0.999710049588516,1.5644519886526,1.86947790689193,1.57862753288193,1.22455239382095,1.11513035681735,1.88677314122556,1.70536095824285,1.34115471764043,2.09119684104888,1.38438080697635,1.95282585066144,1.28214903400068,1.70507822537185,1.58521315106416,1.63137017458474,1.1850946670358,0.939603525433018,1.40360530278065,2.58904587447747,1.38907960192494,1.63353391108946,1.25235728214617,1.92617590138452,1.52877286413224,2.13092756647279,1.2636493827431,2.0662710251346,1.16608318483884,1.62568368334411,2.12727218580154,2.48844889965306,1.68213309718731,2.24457367996387,2.27437430766124,1.89197580374069,1.99948814408948,1.15455308418698,1.06783966957193,2.07049179297797,1.29352379313336
7.87033375073964,1.30663578946015,1.68952937178113,1.10458177729016,1.31349164656392,1.93432148905297,1.1543030409173,1.02959906889181,0.851552605716242,2.28419130705146,1.57536104985868,1.8592640744254,1.45333782102038,1.2143930120025,2.24394455955414,1.55926721134868,1.21962076351219,2.08694448250847,1.46358905862657,1.44177451445366,1.06661749095963,1.63715583943333,1.4280595153304,1.20254137294754,1.35670721472879,1.38862089367347,1.21795949986195,2.30238731015577,1.67216953624719,1.57810560201889,1.70315926543258,1.66156982582551,1.09083043863224,1.71548695391858,1.44170698962813,1.56244499524599,1.35084978414432,1.22375663382478,1.28984767312509,0.719331920737546,1.76442030624867,0.927192898184698,1.01891336109056,0.950129946692753,2.10122940666533,1.97034303520067,1.66248318214222,1.64297062579951,1.68992054357113,1.39190192630393,1.14071917268299
2.45354772331839,2.00387322177084,2.29808764772306,1.13752681905358,1.32807741093755,1.33976758638404,2.20518079872581,1.94052634806004,1.45580408786683,0.756832349112831,1.90018132647201,1.8402601886272,1.60139469833981,1.75592198899739,1.59736127735555,1.63961645758965,1.9744976720586,1.26066971433892,1.81826545837161,1.85912484729673,1.70021738928054,1.34957680437251,1.19592664721259,1.06154985358994,1.77236046856134,1.52955424620364,1.61610746513377,1.72791352460906,1.70007546772475,1.59472937178861,1.93268063304522,1.99417076886445,1.79907191734742,1.44750238482446,1.7390484769008,2.13360144470087,1.90715754391642,1.1179516757737,1.80808423878655,2.03482860323061,1.74853094528001,1.69216705226413,2.18065571040052,1.493122928969,1.33016312411266,1.88155187222867,1.54941661207748,1.02483955342776,1.30760304183802,1.28453404542178,0.63604953607275
2.28881292775361,1.48389009557938,1.65149553610994,2.65392016639803,1.86993723637987,1.67246080234964,1.811783847135,2.13989532311317,2.03175386241831,1.66348163549395,1.43247497403882,2.30524847779191,1.71720526073511,1.59079744499722,1.82545238566544,1.83632713572635,1.71214959716248,1.47215677592382,1.6869633347469,1.31644461711367,0.416151054977072,2.03593394764827,2.36062129548489,1.63141984442669,1.61856712388685,1.4696577263333,2.0408892161386,1.97317973095705,1.90979489026397,1.70492020655492,1.29924799670737,1.11204452064254,1.38451129227827,1.46911581642736,1.58141687231777,0.916905661324624,2.40352334019672,1.87496271635024,1.82198646283479,1.81262900514359,1.88475632751331,1.64168847697145,1.94624989533938,1.66563922377047,1.97564820967771,0.787445101474533,2.52612436882114,1.79302222374446,0.916333339871663,1.64937735084517,2.2099069138465
-2.04599581295074,1.72127428219631,1.25165921436621,0.817073087915134,0.980636191784166,1.4442437602209,1.41688625643684,1.96943839129369,1.63535883261154,1.78560774288453,2.29813768186987,1.39384509637689,1.673578415011,1.66763572908158,1.33780913125557,1.89429188812114,1.38957103199778,1.84060680479078,2.47591549690341,1.73089572343523,1.20548477073973,1.13863034806757,1.6585090827216,1.67103998777044,1.48484069417742,2.04177580411744,1.56493621139216,1.53442938881127,1.8628109797235,1.15505999663272,0.955356088872868,1.21468034853819,1.3880295961026,1.64469917595018,2.18516385270695,2.41790754698268,1.5758538925271,2.26268359783613,2.24272832027579,1.89749473988295,0.783598352501987,0.647929813975789,1.53613956050268,0.739487153940368,1.47547325835848,0.3859110973867,1.96721391185349,2.20623041449801,1.49756675403223,1.75139943541049,1.28407083861385
-1.71971531041778,1.96427326742265,1.51264748099328,2.77224598762748,0.825696415231712,1.53024384749623,1.76679594781581,0.827398777050835,1.9641702295208,1.40132445242139,1.13546053434705,1.77674710957929,1.23591686955026,1.52197022368614,2.11303096215308,1.76862942178211,1.72338521991227,0.738256596437327,1.85800886224576,1.85078044967551,0.973283539031019,1.33442923648729,0.853492893456903,1.0991150616589,1.56103566009031,1.97764592985564,2.04168824956498,1.27834631857726,1.47376373626961,1.390737250945,2.44093674444681,1.69277323209328,1.89316441382059,2.01782435906545,1.94479016495962,1.50450143399343,0.886537765126847,1.41658403361096,1.19565586624857,2.08326995902041,1.7177328537517,1.3230387468139,1.85543165742072,1.20676506674514,1.42186037792356,1.32196354720596,1.91892369935855,1.56533520584453,1.43647274442058,1.35259905933342,0.503288460072141
8.11156046721961,1.42755711487448,1.75721417858454,1.10673173919123,1.76611604664548,1.14693497366965,1.91115077874141,2.44843935947698,1.86577495114515,0.948304308776312,1.88191003099992,1.56771176329886,2.0606957199516,1.86737068068468,1.85522146511216,1.25988625732499,1.08111560142739,0.773464955245931,0.90430499417715,1.34320437242832,1.61339825862137,2.26475036976767,1.34646493550109,1.88878836760077,1.04168467426656,2.56369664966902,1.82501252286528,1.72970263502777,1.39370803008673,1.78033089181368,2.08275508568499,2.3596596034972,1.39423795900484,1.2407027496315,1.799514475399,0.962511023114939,1.607018775965,1.00934654214175,1.25705237998305,1.67843178803511,2.31863662113636,1.96396308510738,2.16723477236233,0.60472486007851,1.1113753113356,1.07424379732348,1.29299537155655,1.75410145440936,1.83236130288383,1.69119728102944,2.39462572659076
2.55945258198952,0.977445531834651,0.948865314481198,1.69192075419501,1.21852179366538,1.56762310107917,1.51307943153353,1.4646523394022,1.38607388417056,1.65336370988482,1.57805102110713,1.75154601594115,2.16919125067984,1.16552040762958,1.4986005194712,1.78828593235927,1.76404265466186,1.53924603284259,1.53407912843087,2.15774086519442,0.817477578735515,1.1727572364272,2.80446441941654,1.46130995137055,1.31339104963536,1.72430898394005,1.47199782327898,1.41052483964441,1.53995439494311,1.4398242778497,0.660807340296283,1.86685592959406,0.782818244882024,2.51648298646703,1.52486917660482,1.13559283363817,1.32325700765225,2.27801423751628,1.75308276572197,1.90678220541047,1.3546041169715,1.68022830667475,1.5407304880023,1.64438881767883,2.51618083828182,1.81734222011556,1.52890863808141,1.61180774441654,1.39365659676373,1.78364693171747,1.24264043737908
4.42496606338454,2.12006789527608,1.44213494536571,1.43340219887269,2.20460055737854,1.94862119731501,1.68230251822021,1.20758334376043,1.91657768744298,1.18785513611455,1.80630293268626,1.61608000407594,2.27181028704921,1.98406796110044,0.560846487447822,1.54986163092337,0.551518057243276,1.13143748795422,1.71333982176663,1.1200732411359,1.51035384227891,0.944658604655163,1.9692112791357,1.86964767876287,1.78977782776351,1.12611150606419,1.22427683099652,1.48041451858515,2.06185860558337,1.59815261778912,2.2604622657651,1.53242906647651,1.98803750791605,2.4602775816849,1.92630487890985,1.11940393545821,1.37968877934676,1.82866686358391,2.01823363205571,1.31471433369409,1.36303946776721,1.97666369059568,3.30584840129585,1.37565027013784,1.13750358724587,1.28633039512832,2.08420469414403,1.53543991213546,1.08289836796253,1.38120016974272,1.54532083086786
