"y","V1","V2","V3","V4","V5","V6","V7","V8","V9","V10","V11","V12","V13","V14","V15","V16","V17","V18","V19","V20","V21","V22","V23","V24","V25","V26","V27","V28","V29","V30","V31","V32","V33","V34","V35","V36","V37","V38","V39","V40","V41","V42","V43","V44","V45","V46","V47","V48","V49","V50"
-1.86314555205815,2.8019266666009,3.94458868280899,2.32395815551104,3.83435695119205,2.94995473738708,5.80971025722613,0.739526876308504,1.84128601754767,0.666491685985385,2.57773210248884,4.11472784457657,0.871023086270605,0.484239884363448,2.43768392505726,5.63645098085325,2.17270979095242,2.31400687764037,0.708313792844005,2.35282042032308,4.62735033509806,3.9055118295012,4.2380560386966,3.96768894047887,2.98137557862552,5.57836723754648,4.8480578159934,1.87542555744796,1.44814761423515,3.2625323091776,4.87549254925159,4.77124754801171,3.29322485274238,4.18637861407872,5.60064523285155,1.11901317157307,6.24581300359313,3.37130960764013,5.62331894895998,3.46469305656704,2.52776279418658,3.13016094651045,3.24730092693511,2.5513574245405,0.227609848772377,3.80189704605528,3.85217096316001,6.00231159422204,5.58773844499203,1.51433589444269,6.2649341153099
-2.66894726974974,2.47966103540096,0.431005116155959,2.77854233949839,3.19125858779245,3.48523808496708,1.41997296773374,2.41844433160525,5.93243892118475,4.49346698076467,1.36893422389091,5.52947911055405,5.74473253148875,4.05405943808821,2.94413236000455,3.62265348384145,3.58821607187644,3.79681470041233,2.31609960389654,2.55499487086617,3.68384913917184,3.23772016817805,2.37145383757684,2.85714194208161,0.213548047590487,5.89158248655025,4.47113271724152,0.227232904522565,0.537260811983619,2.03940676159189,2.91799053033813,6.0664170828501,1.90849955024395,3.30212295686985,4.29784395282892,0.772974139967004,5.8364559575319,1.53495275650918,3.53972086273632,5.68172712653502,5.12923796493809,5.60936844512264,0.300452573204234,3.69877501145433,6.0316321415291,2.46783146726911,1.14924479207569,5.89438966249754,4.09227858984072,0.702536473338315,0.800926667227677
9.32791622961046,3.03935815822127,2.16939501022707,5.99501836389258,2.41997636817501,4.91985877890599,3.6784292251821,4.87785549549493,4.33642117279926,3.39634848777571,3.92538733003557,6.13157702234884,5.99803151724251,5.39890169653206,1.43640643268781,5.22393785727158,6.06043197484918,0.913032218428151,2.24802799367502,3.44902369566955,5.58627380359527,0.396684897095363,0.690438521181477,1.47560114891649,4.05518904930105,4.65942685621963,0.722303485330851,4.10903364076155,3.49814261408109,2.52110001425505,5.73195515336252,4.68728634335338,1.79753121011574,2.10589592454955,3.95529387843764,4.39727599016096,5.24910567315499,3.66806241859728,5.82635785535113,6.07590494045745,4.35010049551225,0.37030608932928,2.06995508630366,3.92106745875845,1.58729535534852,3.31332804477245,0.0338810993294969,3.6739659469715,3.13532176746793,4.93779625677109,0.187411121625466
6.23220950240133,5.77346791448994,4.71813573221711,5.35794669632905,1.94462970618139,5.97838350193238,4.41481102803995,3.40572701858916,6.13810788510549,5.9352395154636,0.676742278357988,3.76269264238308,5.83343662774184,0.0571154290525903,1.06751880335737,3.22360343003353,2.02347022065099,3.79842819518658,4.37163486907677,3.68672028121215,3.83281879962472,3.88446096352813,5.87210883205723,0.68775305416671,2.31388045225996,3.00026914513841,2.37180144739333,4.41039392537561,1.94533672863743,0.991718460871703,2.87242131242586,4.51880773697174,4.30330806449967,3.22773198234716,2.77838025110104,0.569291821723744,2.21581574447698,1.80752892832083,2.05345480110341,4.28829583470004,1.59036926368628,3.43972706047309,0.836033308623063,4.27700530067827,0.603516169910934,2.10175164879241,4.63305095088302,5.2743482324489,5.43789234154036,0.140933032209341,5.40919735994776
0.743388296751335,5.30226346407606,2.1751765487885,4.6798977585606,3.93455059391658,4.87608810320166,5.40504207719499,5.37446366611,2.366399919358,6.12958563681678,2.63504356110114,1.5316109878711,1.24072496848938,1.76477184564814,0.0868985715371643,6.18288501772708,2.75669929607081,5.79957328238615,4.33930328233641,4.68077428640864,4.8272169431331,5.82649333326861,2.89975219605544,5.21788372148109,1.85687791546994,5.93643725769723,2.57203415945522,6.20879432241647,5.62232566854587,1.69503267412601,0.563940404484308,2.26771081765793,0.623852613988315,5.94552878153854,3.30600286284922,5.65148910430288,0.754689973923811,4.55057645135193,2.61287330971261,2.80643903595349,2.58676486968842,4.34551660116893,1.79412507600801,1.44280788278533,1.17714820917645,4.39224468719271,0.8354453047932,4.38872424798085,2.52023961507883,0.32478837783675,0.159219157099841
-1.87802836983184,3.25060350984952,5.66034008783902,0.986481838813946,1.19029191954474,6.18488749217818,2.4369452947932,1.69625288531842,0.553483625511777,1.51073735296042,3.26250887176705,3.76443755694006,5.21331389748387,3.51372314951865,3.67514127876307,3.42712334681497,1.42321839882755,2.450774161381,0.106039864208835,1.96761192976897,3.96625171416691,5.7547950042997,3.83827013270605,0.756116455102478,4.08833921185267,5.81216147448345,4.22883098554468,2.3575380546372,5.28714388827362,5.45280442874579,3.18263068902298,6.22938848584604,5.90017441216415,1.92664126171334,1.44394544788377,2.43958671919627,0.929267008866624,3.98490428394417,5.83828033341019,0.929293808062918,0.647097776619786,4.26739015018009,4.28190213514251,5.28959490072241,5.05427902417447,0.0612162795494739,5.93229893016499,2.65926721258202,2.11899857665904,3.28505104667055,4.4059599947646
3.43766823469755,2.74653740481011,0.773389433151346,5.98934019804847,5.69525406877503,0.850403560230295,0.124992004498693,5.34972339388693,5.76612434222353,1.2837555041982,1.04010541992562,0.11581145624058,1.52870300809064,4.48284629206179,2.70558458142921,4.18762171847615,3.66933688503249,1.75764071103062,1.36330016941564,1.37146890062466,5.13115599390598,1.67014828984295,3.75482863262122,0.756183548914347,2.9704621541633,0.453888301652486,0.0961527001859106,0.243796490188107,1.16758030361763,6.20848276475313,4.5786001042267,4.19801693931882,1.97056457097547,2.27473668946798,4.83947842758743,2.43225024061963,5.45511458851607,5.51565010498903,4.32384529993511,1.5301482365645,0.68674468082677,0.881200578089705,1.44105067825356,0.927432513983977,2.64988039141182,0.101152064726654,1.87565291686125,0.218258914445572,4.72932617192099,4.31871675533921,6.07606898770211
8.82300478846079,2.15637798710152,3.70630421924749,2.62087567934056,3.22654290644024,2.69058595676771,1.21651628851211,3.10845721091989,3.27890044313608,3.80031927135178,6.27595386465812,4.57701145419019,6.26387912462245,0.175619817578895,1.27767957531708,5.61028468973362,0.968983681099727,4.30885107426828,4.81315662681306,4.19040675608415,2.10452479287642,0.382065175530992,3.62338080867459,5.22241289683657,6.2310628555674,0.349121967611294,4.80570746404553,2.27883994353927,0.607634999671012,1.36747066797936,0.373573260848659,0.302798104870757,4.89549665637723,0.805135944823842,0.813114761470724,3.74084987690994,0.899048828192392,1.64801599825274,5.68931262010128,1.09968435621032,0.603215480266003,1.27643930312905,6.08294664104112,5.74389612855778,3.26499380928611,2.99333058905684,3.60429871590883,4.45913972067936,6.16102631376146,0.649893367718805,6.1909871144805
1.75424291835209,0.0974959354741949,0.200717035961636,3.69540323690353,4.29547453902475,3.67120306086906,4.0883891646534,2.3122362479094,3.78242328769508,0.110606191831853,3.10691753206608,4.32271254783715,0.443765079705372,0.0689202343701151,5.34712605890893,3.56829554126067,2.22840859011669,1.9088970587332,5.83663593888028,4.53894244903475,5.4250979847869,4.95057922324438,1.64993184893561,5.71188264165041,0.604125678636562,2.60581142085945,3.90742077082198,1.9982785357962,0.520236189148314,5.69832914452143,3.18768044816572,2.80484266609827,4.37800657658682,3.99363864072519,0.489551069892787,0.767453811280299,2.4089156600464,5.14277923499777,0.555254487846729,3.05664757800643,0.627423847178798,3.19295574099998,5.73829597428317,5.29659536457125,2.88349020704404,5.12678953746554,0.76862698819354,6.09740124011604,2.73824398031569,4.01109913853929,6.03316951921276
1.33302156601145,0.74136033544515,3.18847709483496,5.4808164821431,0.933319827374211,4.84964388836825,4.68081312834657,3.77000612535043,2.13566159686643,5.36808535059898,1.04223827987637,4.87460915592899,5.29101918898687,4.85406000941456,2.30779954214279,6.1475809233527,2.20421317149181,1.40116958426878,2.41445541335936,6.06218793004891,0.492017162101141,4.62472411187675,0.889194386721064,3.6043150259825,4.46072420725102,0.0159350750969825,2.68246301196874,1.87683827549334,2.82357549741303,0.0499042976857383,2.01671663300553,4.30643608032552,0.916971963608638,3.21908028628929,3.75011280501093,0.191781217806085,4.67475352709414,1.78320435889916,0.852717574789718,1.81310342154942,5.3374148239513,2.29638814768098,1.74178648263837,1.37382685685443,4.55326645780149,4.03996031786612,1.41924932213957,1.69149266984776,1.20671912759818,5.09275532912987,1.04714919346421
6.11695983194021,4.34159244776934,3.12772916997148,4.55691103731572,5.30347916948079,1.92270006678103,2.28285088455392,2.14725208761117,4.96081187877841,4.77626412817241,3.89694908032547,0.469743853985597,4.62583291746867,3.83038732737271,4.91087771562008,5.45795894160051,6.23052878513837,5.91688257509763,0.0352039137443126,6.00092584214562,0.480894909008941,6.09804911094247,3.34978510730973,3.52858922209881,5.02396800525601,1.29248568581102,5.83661485969367,1.12136357036804,1.15902922560234,1.85805291225327,1.81361339625477,5.41528164355403,5.29985534145952,1.81419309070994,6.20997139654348,5.63964538243861,3.97342917354833,2.58461464051132,3.64594557834782,0.715288847268734,3.82020463634276,1.8906185805155,0.382831879192991,2.88853015585814,4.3032814452423,2.18963176667777,2.62581552505925,0.882574894535501,4.72466517740614,5.70311853496733,6.12539645678919
1.9359396609797,1.63667982703856,3.04030756864803,0.364754312292625,5.16768441466133,1.79278918164265,2.71983922008355,3.60145863015643,5.41211735613733,1.37354521440289,0.942371979701261,4.54664673593779,1.85192871877889,0.988499868472981,6.09613098103323,0.70070904581291,2.81282662490221,2.38342755580455,4.53027697667733,4.52317295139473,5.54595705553231,3.12426456156521,4.76023807420008,3.92039609639352,4.68660777904274,1.99874752831448,2.23622911463864,2.32191150093395,4.92623569586732,2.00756236899655,2.09434151667923,4.60358126200362,3.57498348484608,4.32206192818766,5.03698413600153,2.03932429251101,4.84156395043497,2.91406439468453,4.05482487632607,1.21091467863401,2.41739886597741,1.72803127251294,1.5757587658204,4.58543787841887,2.93251115236889,0.271435268334156,2.99041986045331,5.18866306514632,2.7019390159082,0.936225245585113,0.874651346933654
-2.83080004235919,1.41403842549624,5.83154160901242,1.41611818737238,3.67178471417154,5.43471711881101,4.34796110363227,3.3138065667391,1.51483325294253,3.17109897686374,2.8974157417956,4.90821577086512,2.00839166214565,3.10334506709858,0.30543196452444,0.534846953265286,4.63610638110252,1.87981372066686,4.11749085210121,2.49598658527707,5.82815307234626,0.0913640031631725,3.94620510488231,0.56590965313999,0.352279370535513,5.56294292713062,2.63302056776106,0.591160925573986,1.18757583658041,1.4333191210946,6.04462975758341,3.7178767351178,3.67963486717335,1.75453033360806,5.44238653706164,4.71406543476431,3.77204719158046,1.80800785405287,5.1010329350911,0.208829558932209,3.20494011951173,5.90801839604042,3.55324125402918,2.5800240942795,5.97780154288002,4.12738351815903,2.05647976312808,0.149789810363987,4.88136237784494,3.19936812787306,6.27787641989455
-2.5395243495942,2.1512760866326,6.06018608465258,2.10504195782413,5.46408547720674,3.94140242382566,1.6697416381157,0.327916351237969,5.84481138634619,0.226336431249426,0.311892692062532,1.07055510007131,1.63560661716935,4.7228788768967,3.12121968044797,2.07483592961038,1.33005034703279,2.13508625605546,0.432591621554563,2.17291222224164,3.64043876556125,1.83768645933733,4.05388910468457,1.75242296061608,2.97590760777688,0.88869642549898,5.78293611340414,2.29853241546691,1.65252096377692,3.59611438999309,4.84288638449109,5.64891707195598,0.207117864318972,2.37886448756302,0.946856594572043,6.19341302032922,0.790912467787503,4.29631078103473,4.83974763669822,2.47411328870362,3.58622190680003,4.91030742772816,1.71722643607099,4.48239332434815,1.95736717882826,5.57274505904018,0.745396008552848,1.64278315344946,0.9654164577677,3.73083182999521,1.79447188853414
4.82572845625564,4.91274684655118,0.630384434956305,4.50017246181202,1.15331244896136,5.72510216628525,0.73471186138952,1.20232239606809,5.0700033951805,1.80183873436427,1.96283303868612,4.06921105325951,0.0405724061635705,3.54501996748816,0.25324319590989,0.631806587360376,5.365976495671,3.53648185970456,1.88741295542263,4.26756445833215,0.278899329459405,0.734202675197014,4.17951518469219,2.92461822364244,2.36464642039773,2.04662714006392,3.89350824726382,0.315496005583575,3.84842505169919,3.52825846070984,5.80790753546125,5.87748215210615,4.6562924810889,2.29832239748453,0.961056236284116,1.01813128002021,2.36513522521556,0.957083809513739,0.172013976135411,2.33881914883963,5.24306035876052,5.05427164228984,0.642787357256375,2.04811854554695,5.31319821056929,4.10050026698086,4.07236360222154,2.84524453551259,1.74165798576596,4.98539982173064,3.66660284474874
-0.118387232383367,5.29827518366246,4.41228045479142,0.601233014145475,1.473659540635,4.18472272247562,6.05978237339068,1.10769497669625,6.08997673336982,0.271692406907867,3.31208831386411,2.91221662820907,5.32481803428445,4.98783028018042,1.99504883399759,3.34034401480461,0.703870407393452,3.36006098914717,6.25201676225601,1.66685861279184,0.586497400210864,4.71894584797311,5.31233853553752,3.1884380802727,2.37648064938659,0.684101797894374,1.07599137387394,1.47183563142757,2.09595962988585,6.04315446760594,4.97630245206868,5.89591997721272,2.6583589993913,1.86827853700302,3.7941771468905,1.72266208667051,2.94719635707233,1.7216875067382,4.25581188504173,0.943382829761509,5.8529036830114,1.20285192267357,5.31556503939721,5.7584386431576,4.29745396666443,6.22389448822185,5.0499921870505,2.77673625741068,0.160584744313458,4.27347437673254,5.19089211049787
-0.0971078423825759,4.86789073537124,3.96200718024504,4.30052764532405,5.49034313341208,1.89805197887781,4.69194941082315,3.42941426189793,1.01997263598865,4.63108690728986,0.47818757136889,4.21743332788363,5.84481145071459,4.30476192126436,2.18940277611082,2.94564773247447,3.27557265121733,2.57525990113459,6.1101461239059,2.73851877631062,1.40800555760879,4.90562087749739,6.23346442723679,1.61630000451429,2.40432357336184,6.12800671225966,3.22388415523543,4.85838744251523,5.50931427554487,5.12970146712482,2.7756274225604,0.0997757440830886,1.60593800361536,0.698458220537002,1.85309542520547,0.556173396431532,2.51295646864369,1.94199424902117,5.50522716038584,6.20584160074948,2.09702577239783,0.873378843734502,1.58521387015488,1.3343287636003,0.607882475670809,2.22554886615199,3.76663102119808,1.8188875129029,3.4318410381829,0.188974413439988,2.27343213080788
-2.23705660610953,2.4328052717389,4.184787074779,1.85025423202408,6.06187749444373,6.2186305578723,1.78776038319015,5.28259734661762,0.702723014411357,5.32978875050044,3.77092421616402,3.76328744878201,6.21757072785184,0.670628337013504,2.306258237987,4.18607027922391,1.53550713955574,2.12990446124148,4.47052592222893,4.42186813168808,0.747493950111964,2.10367951003271,2.57785003270397,0.83190614315577,5.41905313121163,4.34285379036646,1.04152002659824,4.81014243625421,5.25621679212735,0.547109154549474,2.69955932949328,0.194072261625827,1.89101336944004,3.85248392522471,3.17429051844425,5.97106004040081,5.12736422435213,2.11523506629372,3.24021351893898,3.20228122494096,4.85785089829173,0.588091989694774,6.16080836383726,1.12713562483156,4.64137015053108,0.162258152897643,2.86401951349721,5.25734838413127,3.18964045849373,2.48730059110484,6.06956081041611
1.41968734837862,0.853037092190329,2.92525393323087,2.32769250260444,1.46084782928437,3.74436156640876,3.23235927854405,2.39352162033143,1.29335336593052,2.26592367011892,5.59953480488349,6.00707018877946,5.8163312064781,2.45229104065654,0.831126492668769,2.58246747614759,1.24273294351245,4.44707959226946,0.977385386401619,3.16959854078741,2.7867519417127,5.41734097577919,1.37503337220778,4.20267845609542,1.8119984678208,3.70735591836926,3.16124438471185,5.04719678027916,0.573638533158866,3.76686650126963,1.38716080655267,3.24653575641126,4.87580860246219,2.10769575412539,1.34081170847526,5.80675086611561,2.95636953222332,0.0507791987688802,6.24933681775699,4.11242420649508,3.74977544293559,3.99647549196572,0.625550517672819,4.5469250502507,4.72083008645921,5.75205695269458,4.25679588324063,5.31094376310822,0.995256468266769,1.81457747828694,0.622461564685528
-0.259456392394918,5.65711349474132,5.34894390870967,2.9004298796894,0.989742705156404,5.56826958155572,5.49672301278252,1.65948745720505,3.7269622697725,0.625991015472749,6.25584938818598,0.847178352516019,1.92441930712572,4.98091414917009,2.30976722693905,5.68446103223031,2.54372017439552,4.64239331543572,5.64745200631297,2.08953630038554,3.21305425315511,0.239946376535419,1.08263416595575,5.13158769371658,0.491196478224934,3.78296703093845,5.90228770997435,5.90326986635939,0.390511119475601,0.556762282400996,3.3574627749554,5.19222522385596,1.97262299911726,5.43765028565204,0.170342763391264,1.2756153467051,6.24070084514264,6.10676996791545,0.682534924856394,5.75399359436919,1.19803517565958,4.27271234270505,1.85565141226687,4.04607547928428,1.78530580561,6.00919009605354,4.76969249827765,4.21948860782572,4.67627051608853,0.715196389383206,0.271475134314734
-1.75266108674744,3.55912701233749,5.35410113966618,4.72040064539412,2.0370441752264,0.920857781239968,5.7117613379462,0.297124686195811,2.91213047550046,3.88480935161704,4.51238543590284,1.55124377274111,0.969974936835221,3.07308206700315,3.18745252114021,5.6793503206058,5.76518928594897,3.62867202683507,4.8785217069253,1.78949602284651,0.0290502834323386,6.02694749455475,0.466687777156302,0.866573686763827,0.742842972197208,4.52224914203436,5.06682459707937,3.56741533709949,1.7667904356048,0.896831195064785,1.88799812558018,6.10447463335698,2.26321246598639,1.27503943096733,5.70838706180548,0.890320893621741,4.62215126322156,6.16399115424182,5.95914733902327,0.226021460598206,4.29537755779652,6.195465912789,3.51651745763851,3.09779821131834,4.47606948498057,3.99992849065411,1.3860367924644,5.0218554667003,5.58514528810807,3.0441022450201,5.63467415273837
0.357272201746969,0.268506648242517,4.97975603738723,3.5727358823787,0.114135139375254,4.37457661885817,3.15297108265561,0.867081948392107,4.84695352496667,3.85565889194339,5.09946203025089,4.13325717228316,2.73814555518732,1.91504459306554,4.66020487409006,3.77033794881792,3.87645640830057,5.67590884824895,2.47332969711531,0.656690838517891,1.59603083126187,4.49155541643177,5.16193303269318,1.41367228343352,0.0944085039217066,3.24801546147548,5.29797275753377,0.0219538389912289,0.0872597791771981,4.27581060716592,4.98924818865914,2.11098203281781,3.14095757305614,0.657445802262304,5.85220125558105,3.67022259561732,3.64355715538613,4.74577082088377,0.183669679379379,4.33307552450244,4.94723132351663,5.0004465003252,2.15575150413742,3.4331422467606,5.08591232939432,3.08721031977588,0.819196271384308,5.60037480659293,4.15074470189753,4.60986518272557,6.25395101059665
4.19806007873624,3.06820035764893,5.56988599631446,0.375459904372078,3.72465252108219,0.618247038139295,4.86674746928105,4.80990163262378,0.729662250001508,3.30385214505748,2.74032504418893,1.80963340619792,4.68918092320738,0.768991210907735,5.42023908964013,3.31666946962478,2.87655218931632,1.31412117334734,4.45133455533432,1.71356994401485,1.60643946121166,3.48037788489739,3.80224534344327,3.44082970279114,6.134743426608,3.34026892614544,3.4791194505814,5.95387417180897,3.75082490818145,4.31161581242501,5.14512143706274,3.97796527143216,2.64743726116563,0.348237096741442,3.2513136029706,1.72149241344607,3.98853174877978,6.20017399863681,0.294560670639985,6.03890022137094,0.754017232027125,6.1598641482326,3.29331862140251,3.68311272815451,3.52763280722029,6.18269633201613,3.25762344221216,1.89081286773977,2.36495457092487,2.73078647306344,5.65642333241615
3.22031586709947,2.2068005849594,0.650167742393326,3.92073365888863,5.99070395661449,3.30354028457009,3.23729876438489,5.70978331178204,2.32619466174479,0.88395092259545,0.856882103184756,3.97355749487058,4.77388703258541,5.48047956186902,1.36108422303258,1.22549002550428,2.3135433798424,3.83398520176434,0.938239432158354,2.31388555784406,6.28004426991992,3.29275632543205,5.08296757039043,5.98927917827246,0.963097586320253,2.95551735172087,6.11356882263504,3.23693078635999,2.88672808362888,5.60115923350746,2.97381905083724,1.63316267939239,2.41720270914383,1.26513570817467,5.69430590182865,2.42832791733055,6.20005459526318,4.2544077967501,0.235438166258937,1.585610291696,3.40797678032363,2.4373434469664,2.98597765850348,1.03991815031938,2.29259887825413,5.0406096712482,4.15049402795881,3.79988442041563,0.913230066395028,0.319083756582091,3.49046804343299
0.439700675846399,6.09256422876082,4.304576260868,0.0777434268514974,4.40009518836902,2.28430453358424,1.3270892018835,5.61233388247358,1.06023339817671,5.92268369920631,1.7779356287154,2.02733012854022,2.51733142171233,5.4715533916582,0.48175794582646,0.731723397708012,0.319585740828893,1.74077596612344,3.98276109432886,0.704258455191486,1.24230815306394,1.00804186172115,2.02042289207181,5.86639258352968,0.82104417537407,0.891473485814689,5.0639178710197,2.38525511938134,1.61682844709748,6.14602637539953,4.3470211026946,3.23892612177086,2.88949068007354,3.80308516521379,5.01748102126423,5.46408090851357,1.75878970737093,3.51731980676243,4.98113874951988,5.80626746385425,2.90548089986752,0.121183800523141,0.0201232954503142,5.60765564746918,3.09078974823344,3.697633158543,1.81942130245166,0.119794843193207,1.22734323110916,0.210756938872463,2.58922261156038
-0.419638366972406,4.96107049343646,4.73293486751764,3.1322717003061,2.28070701614462,3.01351182191476,0.74480660032163,6.04938787961829,1.51933864417587,0.611379081021314,3.20768548424434,0.247024402837911,4.22137539032635,0.323849956850606,5.78791756597592,1.39133325811202,2.6245510488916,3.03947936390998,3.93323540423079,1.63687464822793,2.73718056468302,3.0977312008928,1.35751818173836,5.07639467507153,2.24443098240507,2.94202140286328,4.15149763950041,6.1070483670776,2.47701988310066,2.04918353674239,1.60693101192672,4.84884276516968,5.69801182003502,0.686471625704357,1.43543933997023,2.25055122600063,6.22085330828735,4.4417580800014,3.20914535213941,4.52720531830757,3.06396683803728,1.70872346611673,1.77375685149827,6.01026240622813,1.28318963870763,0.326268195545669,4.57926021821452,4.05723182275648,1.97089773155009,0.56664839604874,0.150673285609991
-0.496912806177601,3.7487384944168,3.18472421842117,5.1586146488006,6.01431718650886,6.01986693155231,2.39285346322,3.76521760241494,1.00129858911107,1.99203110317699,5.76775807354357,4.51473688214716,5.08156396339885,4.42940223001637,0.202030085398272,6.02936867371515,2.16346472361825,2.2510796027525,4.52750236821232,2.6436571203476,6.11154637203757,5.38544426338166,1.89651221517475,6.08870619194382,0.725573107238013,2.15429284900143,2.83244102235488,4.36143523599254,0.667587603269024,0.534897643376733,1.96925879663044,2.43513251985527,6.18621262092939,3.80627756552721,4.90239687961637,3.16414078403279,4.39803664026794,3.10981715712139,0.43974815389286,1.5852574621878,4.98938848104003,4.2449298313948,1.78497015661172,4.19583560557752,4.4480770010384,6.04841907382364,1.12596214509428,4.73624084147616,2.98923979465883,4.20140475184053,0.0940060844164618
-2.52076751617468,2.24102705730364,4.1769553955067,5.6997294175227,6.21623234652575,5.60899235229115,1.60817004941189,1.86110459740249,2.83883621555177,4.73971653002397,5.29872999465288,4.84528039433692,3.13257139662966,4.67833364751195,2.89036778723715,2.58502986640143,2.48047384438915,2.23566539963765,0.987918188837976,3.43494258982069,2.35080912301304,3.91056630655474,5.84362635248192,5.31456449705775,0.314705054054412,1.01054804519947,3.66768684217587,3.74858762952696,2.7387527861495,5.67256629841262,4.60716227187562,5.35816340569872,5.22399801538883,3.15182226332838,4.43443642078491,4.05023815708795,2.74682832947686,3.71417613754448,4.10125945270685,2.94593994158329,0.69366373035867,3.7848948716979,4.52744665882894,2.01856374409369,3.57631716581639,2.48226677338041,6.02621774127759,4.1566276323852,2.65627339462035,4.97258704391273,6.08708482959614
6.17038616941772,4.76710510529092,3.62902677422886,0.552404176296955,2.22998471611152,2.56700034026787,0.393353860424315,1.12233027833816,4.81610474467686,3.06718311317376,3.96752858856529,3.702308115148,0.679277927932256,5.81744304762503,2.27474884192847,2.38419755395807,4.72982643285029,4.22765425520342,6.0851300521261,4.92206388214025,0.215216271592998,6.05921002132134,4.95917241720826,0.573706424261088,0.981185516532293,0.151462436286999,1.87218347351073,4.35323225640837,0.33658601924444,6.05706236834298,1.56228782847322,3.54818376775314,5.50069742912149,3.5676325350838,5.56048603082531,0.989593740597146,3.95016102847384,2.8052438377344,1.46197737759173,5.90278216604471,3.88107062747274,1.27867742442436,5.19451423275666,5.51338944890363,5.32601965910266,0.968179725691757,4.06508822973308,0.661797860663005,2.36458249234059,5.22723859252045,2.93609367050944
-2.69812144230663,1.64023033506861,4.9176271324861,2.9009417035232,4.70735500320219,0.625108482345988,2.71969043107446,5.55799859464218,2.90311972814381,0.994649920487334,2.97615804911162,0.159242664730457,2.28918850607272,2.91626427822708,6.10045833513632,6.13299810974855,0.044860005467863,0.945973046180134,3.14220277235226,2.33503936204777,1.42196806615189,2.66912425219586,0.970567948233669,4.96528281829099,2.56502273542412,2.8854033381622,0.658638289694192,5.99799296642529,1.54850090959842,4.86960671340861,2.80950171493207,0.0472825963442113,3.13890668625704,3.87058270004847,5.13836233714196,3.63228216340603,1.90420107414374,4.45958275810508,4.26545900029994,5.64122690660116,3.59637685651445,5.87663921139429,5.87053542562711,3.83246871455084,1.92483745300032,2.16101815112583,5.49595449363919,0.72383632065388,0.0206607671638827,5.73031404015786,4.34708596409348
-2.78224260544791,3.10377994144141,1.86744762147776,0.856767988259983,3.45436632223425,5.79846926785094,6.15167294221314,2.16201009443282,1.7356922292454,2.84039196602359,1.76525189636418,5.78037005561468,3.62827332606758,2.9229482733966,1.65511070182133,3.00455946985908,1.28341917933177,2.05511327914568,4.93987790581155,2.76066985615772,1.31084460843098,4.58264130862765,3.97427878370372,2.95602975925898,2.54735090300137,1.89409891529113,1.03196888022894,5.23532477418809,3.62618569222925,2.34230850689397,5.0327250489706,5.31118973083948,3.92113724433959,3.28539154670517,4.51785862351736,3.61938618651111,4.90965212966665,0.151650178415783,0.349452617818488,0.0667116801121082,3.15059045412144,3.2606006443503,1.21348050674533,1.76397929661244,0.90553476912358,3.84184572831825,1.57229932151495,4.83658580990973,1.83246907026356,5.98290957004986,5.51755457709508
5.62787431267779,4.98192627343199,4.79119226066334,4.79109058346807,5.35573865116654,0.851886650486957,2.8041077648124,2.73794239243906,4.15910592679325,0.0354588725700854,5.56860299521517,0.479523990921843,0.10672416901002,3.80871826001479,5.20986154686818,5.22372059784471,3.24065699962887,5.52849576189077,3.38359630256172,1.75438777955582,5.42753308800158,2.45831302882223,2.07561431028449,0.112723130845145,5.83957435028262,0.71634757571188,1.81790790345823,2.91556013333091,5.33630721648929,4.80809298896651,4.19357834931373,2.27403585222958,6.04096808533435,6.09852844775448,1.34165917399275,0.378244590879734,1.28042095359792,3.26140311050766,0.731310569540633,2.26222756370411,0.180638715001832,2.87554300113101,0.953579866166148,1.67206266151564,3.89969603671294,0.212425898722768,4.32437475924636,3.10655075509692,3.69293754699765,5.54253048153318,4.81304389142004
-2.37162604548106,2.78344455896408,0.252845508944631,0.393411796369008,2.77306022954651,0.310700734206989,2.11522668084729,6.15948668318395,3.60582555911941,5.19443674783767,5.31368983443025,2.55185896991188,0.748925743146177,4.89076539790704,3.33152219892914,5.61601143030964,2.02168832498789,2.08198766357738,3.56822975237172,2.60785806080736,5.68670313558863,5.36608161803834,2.02518633766558,6.16228615101588,0.709753653871425,5.41645041415801,5.75453223349139,4.34255313436865,3.20589158826423,0.0296732685593126,3.96276046309658,6.2195357589147,5.42480933642068,0.0473883697100966,4.7742058931358,0.0886822417199012,2.68222435882788,3.32336207553011,1.7431351512044,1.81463762762669,5.20979481147124,6.06378142234426,1.56431337167951,4.44304031453162,4.4968523516761,6.0311763211252,3.84812251585164,0.32216341857666,1.97968495965341,1.05795373878546,0.178826591062454
8.73969022608017,2.09396924206393,3.7534865676674,2.8098587386264,2.95273463137511,5.55383771476483,3.17634725398983,5.25383754312494,0.0218766729883837,0.191604762090282,3.21903685664028,5.75271607189811,3.60990564788291,2.99559370430753,1.4727460536246,5.5698875206751,0.811711223236294,4.04436376565311,5.72313297322045,6.25509732687104,3.40904659329706,6.09099771413777,4.76877299135935,3.59375422914578,2.28554071691623,4.26158182119987,1.84176234221136,0.992437271521623,0.689080409479244,6.13721031610671,5.35921548664212,0.853060414030348,0.340453130542291,1.83258892567888,5.40408840089911,3.50933902687948,1.52265641364286,4.31941496956549,0.383064531443891,4.69462084991645,3.73662985418048,0.221125961778173,1.12262582582605,6.0292740858209,2.16829961520518,2.43055955643585,1.89407813307689,5.63215193421499,4.07500649978312,5.4914810042604,5.91025081341814
4.87113616598813,3.93181922053249,4.90850400229968,5.74095779176426,1.80883666736484,3.19482387568386,2.78518135725156,4.85218529013641,0.815152781905313,4.74932796324731,5.28742548244886,2.18056796367114,1.78021369352595,1.04472751105999,2.42148631175593,4.99285631664359,4.36504942484658,5.41286519108194,1.11248981212325,6.08552411836911,5.58221406109641,3.47329422636029,3.7743132970357,3.69231659386389,5.56372272098359,5.68826318411377,0.522007957029558,4.25403804859432,3.46342137845369,3.92596986547766,1.37691893317182,6.05431360525167,4.83983285460217,5.28209942928308,1.43084845434141,5.14714217458314,6.01293219661276,3.98107411132782,2.28905545367341,1.62977037424926,0.640678922185877,3.65914587877618,2.12639961234759,1.58605983910716,0.495865438328721,5.29472957787089,4.74692482332974,4.4380372458823,0.0303621054807068,5.0328926759758,3.84972660113681
9.13431231102936,0.855727043049008,6.03509679967459,1.00677311236979,0.43594863087319,5.66099537858593,3.31154568975307,0.638760302199082,6.25876911227278,2.196928983459,0.229792196315912,4.17007912608819,5.64680956291263,0.937184359547488,1.50462009518065,1.01631232571632,6.27146231848148,0.504428687822434,3.52529389233224,1.41748748308333,2.09390071459234,4.18986049515876,5.43535529487932,1.58912014523263,3.56557525386978,0.409283932341466,2.84112148669677,5.01216443317843,0.34901057225123,0.695876604613765,0.524921927459552,0.231347031001018,3.91727189732094,2.90501366870261,2.47412490866192,2.38904853910678,1.06214866222943,5.15964937953558,0.52658725927302,4.34162758559868,4.29451925205607,0.218545106572337,5.20150657741016,5.94335869178559,0.856313323561373,4.8027633487256,5.89889018513952,5.79875584618808,3.47763147856711,1.08081845055248,5.57633129006681
-2.37362467206817,3.44747556407509,0.98016942191073,3.69924075190572,0.695633517368206,3.51899284961709,2.1590422227862,4.98307670782077,2.0386494688819,4.03700645658594,3.67849325125475,3.91206704691803,1.28306723927777,1.45140685234978,4.72764806444393,3.5843800417361,2.15694780685966,3.52498486844301,2.02954774557573,6.2551601401846,2.30244584275115,4.79322084235048,0.807054945169337,1.90873269696116,3.1421859853673,0.367615752260228,1.56598556311585,1.25897463892426,2.28700303812492,5.38558627761713,5.29497609419643,5.05442779123979,4.49869468048506,0.157211383959459,2.44667270084728,6.02977211726305,1.59246664348486,0.349493987678851,0.588212231320463,6.01422294825203,0.813706615700971,5.2058915236722,3.18607755954754,5.32719746761454,2.82917998777684,2.02971420224646,5.58064553349808,0.906848925989202,2.51318059208219,0.277987023023894,5.82770885873441
-0.452794049906531,5.7920392440375,6.07965111670644,1.48083066119238,1.7101238678548,3.06025889954104,2.35194073988657,4.89782410491337,1.39423195860311,0.950712992920799,3.60316961232857,5.08341056100277,5.5150393498572,1.04049905168197,0.16992482817687,6.09890199803435,0.944565732154142,6.02615748953358,3.50283233738118,0.220517025053514,1.9247358679689,3.91312271493655,4.1614185515805,3.27518522954824,5.73779157622153,1.31778504728811,2.68344312026848,5.68135082011749,0.768146350847351,1.73376995488924,3.49268283264785,1.6030729663322,1.44132416932556,2.75271773045119,3.73222223122529,2.95525730047726,2.10700091631404,2.10324918975385,0.50988945526246,2.43883776950808,2.72252393223259,6.12725927230293,1.12327528391858,2.34141718162956,1.13543376138511,1.70471737760135,1.67926783588007,3.06453432297816,2.73836636657928,1.57611102479054,1.64994928838203
2.01362992804637,1.73437052957416,2.71714593816041,5.97513850386233,0.527394172701346,4.47343735449606,4.2736882202457,1.71052361753455,3.01479284222297,5.22084960794788,5.03339030365256,5.40627473196858,3.05539006679176,2.73780990180029,1.79222575629943,5.95222629553403,4.27919628382723,5.3922170342719,2.83613681277938,2.65098197311426,4.8009465215046,2.35093153414624,2.55269291806631,5.46464208827754,6.15539106554504,2.28580424844195,6.25825194293631,4.94220203059782,0.0113447702466462,6.03596725202385,3.55948557063288,1.53219334337426,5.98913197506657,5.47802255291902,0.49454715164536,5.21668704717766,3.38544794138134,2.25356822975095,0.292146329158686,4.4145649959403,4.30772471073357,1.12757411111913,0.93292622487623,3.1162066624928,0.0487795594530192,5.52122012022538,2.00099736173193,0.90891088561524,2.12749329868116,0.984039551208578,0.280901531807741
6.53735758069707,5.76428170766469,3.38474801115215,3.6192088237861,5.41341636448624,2.50847434365948,6.1489973338033,0.25838679539574,5.95129878206508,4.92181148488403,5.82771402429815,6.23872565557664,5.40658822068378,4.43544705872203,0.681567129938137,3.00768231865827,1.49287423668421,6.14229426657079,4.15507634820227,0.413508096592006,3.5327891399451,0.307476538832024,2.0353280494343,5.08027014840912,0.0899630586824974,5.82851672452241,0.218553152621773,2.18453272475078,3.11620419747583,0.357861008656002,3.19077360996832,5.16257404535965,1.64057064346097,2.63203689579289,1.42845794086979,4.75508314295079,3.47056033383126,2.31875498746392,5.57636340697033,6.02468842719838,5.48276887505668,1.29628222886656,5.8812356722039,2.54838331208535,0.932862506016369,1.82386761666421,1.76525069969719,3.85821580356902,3.05329020003245,1.61037230141881,4.98439075496753
2.48338649529204,2.06780752548914,3.74657099402886,1.34723644969152,0.781190085394109,3.90667725002278,3.00964179209535,3.26462099485403,3.07542602164399,5.77496645023568,4.43735676514897,4.45334270883341,0.121446991188946,0.146955642115217,5.44282756590083,1.34322375317518,2.6738713906418,5.13553099817675,3.54986176404843,5.85117217170986,5.13988871514459,1.43428640691737,0.40119294352502,4.39883316258915,4.43128083480494,0.22884446678203,5.81289476509652,3.19104745360358,0.731101204019719,3.23641746888683,0.321155321728237,0.370718974550464,2.07293826299923,3.582811402956,0.83269328817209,6.05882412693872,3.76335123786194,2.87021110507043,5.34100155090716,2.14054679089151,3.71395974709095,2.3293320373205,5.94574516175165,1.99780627365602,2.64960091993071,1.93154599008353,3.67937131077803,2.87642983084817,3.23083729953609,3.65468717218458,3.19099536201661
7.87339814602543,0.887462689628929,5.09251044980966,3.29630883034529,1.12641212699212,3.36908556693134,0.0718711712770535,1.96879347896238,2.01326654259828,5.34892350831705,2.91716908867036,0.355394000660931,2.5132629338892,4.93325025200603,5.67957829298177,1.43697035542317,5.10724668255862,0.228353805521162,1.99491214478393,1.93896823808424,5.3747187726905,0.978709396020506,3.15101841910219,2.00133905550771,5.78407738261116,5.22937349324192,1.48847894759135,5.7225879133508,5.00456542517496,3.81733168613571,3.10737481977681,2.48809540766357,0.982083047495203,0.762733919683583,4.76778943642463,4.97298762160411,3.56205910832249,0.608315974870648,0.416697500849209,4.456445781906,3.30708526715856,1.38759425162454,2.34399572249899,3.88511429396483,2.61432644086992,0.823961175507405,4.11836323111358,2.83735719805904,0.906817424974201,4.07864014105887,0.559495889660997
5.80982631870126,3.85966330249173,3.01777234260541,2.94060528353337,2.26966919390645,5.93724957807077,2.50542644746808,2.60786793111564,5.3677314941223,1.33817755331213,2.05010216737276,3.9306407961321,1.45808009068266,4.04028527147031,5.24348887233555,1.45105581345332,4.08226290992745,5.1126500758145,5.78551848419311,3.30290521866562,5.60009159296737,4.46781742010609,5.17588706801476,0.509827983444769,5.48515174917009,2.09163261371683,3.77933643692107,3.95398629738879,3.77506656525806,4.25323563217617,2.10363135808413,5.53121442983135,5.46972415742897,4.50129643347566,4.23141002088042,3.20649096628216,4.18014937284582,1.33303208421697,4.78228244880248,2.59505054510578,1.82574865428555,1.29506984867463,3.27928714358657,2.40198483256105,5.18092232525058,2.61015235961983,2.56234097983252,0.059616980932267,0.950883594038449,2.99780893239781,1.47350595032877
-2.27509369439081,2.39438522622408,5.43527874330207,3.07648371872989,0.867967225953185,2.99118853320304,1.66558064266782,2.00109084073428,3.091402204739,2.55710293874423,3.6847546035395,0.145437969938079,3.39820977015131,0.958847235836095,3.83988759637705,5.58918640473394,3.37617839503896,5.73549327340228,2.83582680434629,2.94087436975904,2.9571866290244,4.63809912861131,1.94521226064141,2.92970445918457,1.5099728568418,2.80731544676809,4.96203225966932,4.59605814287551,4.25474469215457,0.139681637455155,2.12777429598583,2.264044785913,2.47991976709246,0.286429947505588,0.833636242741362,4.48308077734904,2.62548860090441,5.22890220540518,5.75542770173981,0.776161209406953,2.41377029517573,0.074426201590036,1.51678019502334,2.80403187154828,0.867978772765585,4.22095100071739,4.06840434756555,0.165966496622187,0.163626181721534,5.11057084058886,0.203366048520784
0.585520000830371,4.80890321151553,1.96344523186642,4.38987142445107,4.17144877875115,3.93384229872181,5.21872800807759,5.96891413268371,3.60897173268445,3.69422818891807,4.5620817066377,0.543946555340237,6.24172471078504,5.59543439765078,2.04189385837803,3.54191987730554,6.12441765048655,3.97758361804905,3.01688707967351,4.37592067045474,4.72022514203799,3.37251076578748,6.24547809775725,1.02451560227286,0.133104954641346,3.93474050994163,6.05950143752857,0.509696898670276,1.59543036922164,5.78694944775277,2.02467671259766,3.15130090273162,3.18929737348286,4.38137484891174,3.10512411299727,2.38397106351812,1.23412251198485,4.20701182132891,6.12537155353473,1.86714258989197,1.72339737270384,5.87885201689223,1.89970405372764,1.63098406521579,1.08106031479853,2.23465315102771,5.63547812277552,5.28090162414397,0.407083348061155,1.95699871804039,5.62027204462704
6.89380215791376,5.27211431265432,1.26259493985004,1.81874887508236,1.39938629737058,2.5598592490299,6.23416359235982,5.14081909300713,2.4215538020186,3.5416844791574,1.12222311666302,3.44369530476068,2.79584895588557,5.61755342349985,4.0289446954098,2.11833797698241,6.09501029215775,3.30428314120448,1.64001976849196,3.60498164702994,3.72500324545127,0.692359919249704,3.962473517567,0.752485189605695,2.05549355153412,6.22637144991153,2.75558010814929,3.24577800727082,1.52795077268845,1.81406357418363,5.03774481975563,1.19158725743219,3.50806070126638,0.297956690132114,0.477194309972709,4.44092462631328,0.79873556997111,0.100032838769257,4.86147234321944,2.56548083066562,4.74503483411268,1.07704857503061,4.26682494300265,2.67316372742765,4.82196313910251,2.8468193083082,1.21905217800495,0.815016819761944,4.42394939890692,2.00472259191986,2.10660418756012
4.26729535450186,4.25427549043901,1.16450158813106,0.377528116509986,5.45474588049504,2.99702076187592,5.64682762995091,2.15668079944058,4.40155206605954,1.81026987504083,1.75580132853867,3.06500973331805,4.44903030429016,0.790543493515386,1.57701153864342,0.0512139414490864,2.12820193181,4.09587609850282,1.47134048193404,1.6565152143592,5.6695822761504,1.51201748527736,2.07886198695754,1.49317100278286,1.98251566517509,6.2418601214083,2.19436197916154,1.3117712865737,4.36111542893415,4.23719356802838,0.511422406156018,0.130092662950163,0.63134436376405,4.95580023450331,0.341789756366693,2.84238279125803,4.18134504651328,3.19599418527766,3.73302737305982,4.50327315325398,4.79744236457097,3.37012430021018,0.286983446949633,0.952682123080117,1.66915913778365,4.77450202579092,0.540385565502146,1.53157514491524,5.4511290452222,5.17586524712869,0.117002957665683
8.68824019723974,0.893422480369564,0.657821201670625,4.93201668144572,0.943601639881543,0.234458103309667,6.10373940584037,2.55272877857718,1.21143841354681,2.34686441415151,0.562973642386214,1.57903043581287,3.28696164255168,6.15004137747477,3.70756017684316,2.96154309812311,1.52790795307627,0.748924347522329,5.84281134180202,4.73134038190092,5.64805857018451,3.83602193921977,5.72045875019404,2.9938272702256,0.594826616459011,1.34452313603112,1.06312159199015,4.69535273320233,2.12160090018768,4.64653814856465,4.62465605253895,1.79813153610458,4.45442240089263,3.20302435075228,3.55980738188904,1.69026159648862,2.71579902509607,3.43380327360931,5.08595938854309,3.63181711198906,2.27434801407809,4.603101560925,1.58869787246613,3.5790564140885,2.90176210505622,0.145588886030055,1.79343455965666,0.702044229200086,3.96928344072478,0.418840567579398,5.76245759218582
-0.966264386311022,3.60294635640049,3.65863698077853,5.0421041825063,2.52863861690811,1.89574946578032,3.63112997205264,3.90860047381277,2.4245510607636,3.2426421604445,3.57210812813878,3.4421355605225,5.83990350685045,1.8998561738012,5.0402091008714,1.16738269849516,4.1881249037787,3.41635708605986,4.57090452607498,2.6280100674879,0.85700014750749,5.46437796427,2.96992537733582,5.69863810843101,4.28775625345861,2.05392854956837,5.04655933566989,0.960552546274834,5.22105098008441,4.22918215171501,5.90076682522911,6.21962211204309,1.20552131075573,0.422195536127304,3.9586147449022,2.52069158069358,0.503314693260089,5.81658829677551,2.15687915796587,5.57373409699187,5.60669398802934,3.64089246327101,4.15994096921041,2.8157062869774,0.651684317381904,2.44309530292001,3.23737694126413,0.164356703030679,5.04465153103645,2.00056056657766,3.24051889138468
-0.268563833955262,5.83706054938986,5.55596719098606,3.26034208674605,4.7170682511351,4.50314632264526,0.693329115643481,2.34719971497528,1.29874081630517,0.379410421018382,2.61610998231587,5.07841101798602,5.95566216345172,0.79686665116314,1.14143073511457,2.28495548531613,0.102777154589598,1.19644973087658,0.621693231332789,2.13660790298102,3.6226873196737,0.95831877130914,4.33868707490889,0.970939251471368,4.83436593851746,0.0860828923037073,2.48972500916587,0.559978017720708,3.75082214034045,5.90296787471737,3.28757336613528,0.0926518596875661,4.66163254462112,4.41441106184833,4.03308740438168,4.13160363451524,1.23439507264095,2.99586477863886,1.19657585343295,5.65752180541767,5.87465219998729,4.34728641459162,0.702395189098974,1.03333410463888,3.17851739494491,6.04980251887825,0.541082986826829,3.78748772136907,5.43820023605683,3.66593693321657,2.5698463274318
-2.12122006444306,3.72235890545247,1.3243500764965,3.60245760571063,1.28503050752434,2.97335511708968,2.0612586030088,3.27124259656746,0.942202183188555,5.11474449759271,4.07031316161246,1.17719177195101,6.12779264784588,3.56367631890866,2.48268895398307,2.2898875453848,5.14337463826728,1.68783901438978,0.547132287673062,5.5806296915582,3.40026696651608,0.0545467701947814,5.2806354988645,2.06161920792658,2.00870393810177,4.07428883167222,4.00772180782563,1.28837881686915,0.726202700365951,0.292122591849932,3.04628606718506,2.49924932708051,4.27322849238762,2.37106996055825,4.83033631018726,0.453538081990145,0.818365850325367,5.23244524377552,2.76118771306568,1.75717699233202,0.234835528859528,2.21455131219687,2.67622091461176,1.26111854683234,0.510866075965489,5.81151054615825,4.68914613940421,0.579940673062575,5.45635687953105,0.433838921601045,1.32926330880949
4.36979798556881,3.80572880740066,6.04103098788592,3.50441213237455,0.594574127038956,3.03024091189137,4.7566489100227,0.167576059072638,2.54111967073696,0.740128126861574,5.50180260375073,3.86830277586905,2.82171734568213,3.75983559555847,0.757657800219975,5.30169485853993,3.49091164554508,0.501895375991256,4.01106319756792,4.31424201955422,3.95577474546197,6.14287869356595,1.88779231933895,1.76694635926536,4.85198795272794,4.23097794802571,4.67958395239217,5.12599359738573,1.8100141262393,0.888939256733876,4.66745887334539,1.59753131122574,1.25276777887505,3.58796820674043,1.34301490699018,4.66740545050297,5.10112666717827,5.52097602064051,1.55994483204373,2.52056825231075,0.62617042774599,4.66242416470385,4.83955674636973,0.140671588267722,5.00349593696934,3.83856410170533,2.0202242073158,5.11206851175002,3.78334246399389,5.16790620181965,1.58888790113587
-1.45384637192788,4.5460265815573,6.06557828512223,1.15866105300933,5.2954246468233,1.08089669911471,4.88118747867397,4.2331561730661,4.58308466058075,1.84729260118598,0.0774049383292347,0.526955938035685,2.30650177288549,3.336159210365,4.60199645358999,1.92234712755398,0.979055875001318,4.37112312570346,6.17581115050069,5.13330018854601,2.94965911382746,5.26195290708242,3.44317899562005,4.81477022399158,4.33270434561278,0.513753416897686,2.90469842887446,3.29406763253326,4.48877446767981,2.3830695753618,0.871022787835317,2.82557106396496,4.09154891702406,0.389644612616398,0.564793268169503,4.60749619024181,4.28744077078606,2.65323061717931,0.646574103149541,1.03401010299121,3.32986657504005,1.42899796391249,0.58748425256294,2.5903824759191,4.45646567759188,4.57319434982104,4.33893407984907,1.50313601745429,3.26077798805737,5.80758112186481,5.1357642121882
-0.853300313371271,4.35206926579372,4.7269894148371,0.29331512463228,2.3324392621546,4.2114608170703,2.77303852130513,4.75327139790719,1.19492260532282,3.67696560197632,0.793073791735321,3.71650107863904,1.22991619679779,3.95451945349402,4.99025151346879,1.92337704821431,3.95896782164355,2.39687158716242,3.47519514357541,4.99434246001028,3.02771216290168,4.24397991333547,3.28189163223397,3.19950490925055,1.89588688206426,3.80579829162068,3.81038235127373,0.83928367999122,3.05159761259225,0.745904823164162,1.22475883564157,2.02899739725723,2.31765077836061,1.88124532644756,3.89525162575681,3.27444220028952,5.88469549686806,3.84386504095644,1.04465896018171,5.09099140102661,4.61497186401077,1.48560220696356,5.32249728737602,6.26618408079312,0.735602992085833,1.19874702574528,4.19562684716761,5.2088401345394,1.14476750788741,2.38305256162454,0.522905833241135
6.01263070308909,6.14063742845969,5.68260759109562,3.83121967363185,4.40514243275558,0.572726349608474,3.29577421717364,4.12907058308349,4.43145753629098,4.51565714685702,5.53065501873534,5.67921111517305,1.13896180777098,0.240516902882989,5.2210768561794,5.58740557700103,1.26382208527414,1.59745468503966,0.883199095347399,4.53673454431237,3.62699002360717,2.12924191442088,0.0472638622152882,5.24151735761976,0.753251616776177,2.82527071664286,3.84105155251764,2.25265507482295,3.20014713760194,3.30963316282007,2.82830161957785,0.340097423474235,0.423332009888855,6.11213601287276,4.81395446429763,0.665491292863567,1.4820367932612,0.682313620461035,5.10898488817329,3.59701449569182,2.28921180158022,3.16930645017495,2.68572746538633,0.626376288115187,5.77424075363036,4.58572303333671,5.00634935575711,1.13882621574588,0.992648809475885,4.39385102683463,4.74806187055518
2.9267812562934,1.87682914688453,1.03184754872929,2.22831903612355,1.80325133098745,0.789806665566402,3.24856721565826,6.13529446103508,5.11254722389601,4.45201412174385,5.68781123166528,4.71996302515406,6.06161103854478,1.43002716189129,2.04992677227256,3.06959340090906,1.19248767326955,0.129916343285741,2.49682734038933,0.781756735008768,0.28529363905378,1.97282829187425,4.08708335373542,0.826669889753369,3.51278038659164,2.35769087691143,1.85654038954777,2.25028480374879,1.51601567403511,3.3476663206309,3.24400166630766,1.67690514272156,0.744973810395172,2.00380791701998,6.0646524876562,5.14733546263437,6.14557664951236,5.6237079344885,2.90096780344465,2.08948218558287,0.909236083526753,3.09681445742676,4.58400192777147,3.4833646091693,1.17750791732545,6.13124677151828,4.00879140282427,0.846893477015525,1.90086724037332,3.96498725555428,2.4439701922998
7.85532081158852,0.207912830095345,6.20031880265705,4.22302988191685,5.40958851352088,1.72933614862627,2.4194566065477,4.27743220796924,3.68606471982538,2.48509887891469,2.24920523896344,0.356817298529858,2.6377075685706,4.36631458127114,1.53651897415986,0.350317345769306,0.224296374432871,5.7395318050519,5.53663981659763,0.0170440942749399,2.12164038434664,6.10507527387321,5.51257486100706,2.05199125250645,5.59036209494044,5.57619137950755,5.71051263788711,1.37996068071853,5.88164392436353,3.6796392076513,5.08893980763808,2.39672455365503,0.26197937987559,4.02622165334417,1.45261816607443,4.61246974744471,5.63486421066647,2.65072086856963,0.815937529198902,2.26708658905059,0.0112788028816978,1.18227648898417,5.3446751166802,5.69663281054802,1.67769431387942,4.55585459248769,5.38234167160912,5.18407236091935,3.96228366298451,4.70288757761884,0.741608692121631
7.19148704568302,0.243802374044622,3.4062189803842,2.90713624287634,0.169947086475446,2.69999099565676,5.41091889561092,5.24474700236457,4.87700123618588,1.45980818021881,4.97936746879036,6.05251916945479,5.97086196129288,3.13674496439551,2.04851178085249,6.15301852694786,3.3771576548462,1.84065134955691,3.33856491477796,2.57487829602778,1.32529280723931,5.91652058479643,2.23841659556171,5.48476986318301,6.25293563280494,3.43182531035063,6.08531492547253,0.418524618235982,3.99038763737642,2.97036289517163,5.39042391949004,2.38533132863576,5.04055263207229,5.99543928053402,5.61191094846811,0.609967147100027,0.296584721669835,3.38512323793614,5.86659620709713,4.00029312005954,0.108569701609575,1.94444555990525,2.01526513739063,5.33153978736958,2.22082459018979,0.105151672514943,5.68384868105486,1.27194237048804,5.09131998120472,6.07613543783002,3.1721241913166
-3.04911002762519,1.22042214226946,5.11938938245367,0.802860893624542,2.4824241804399,3.68429562176963,4.92924245919108,4.13383722076451,2.27137148927103,4.62906240568125,4.75543413649679,5.30459655069849,1.76149068278025,2.67408032752772,4.9979357700975,5.54022479536638,5.509564513534,2.69036535311012,0.262767683523029,1.21658220613785,3.57162482974461,3.56206996610047,0.883639430763422,4.0081606261956,4.08143137851368,6.02879418285958,5.68297559545305,1.287161369129,3.55486248617715,2.10796228755901,1.73345320386672,1.62583411666548,3.77432416505411,5.75054148367207,5.75455709578415,3.05019319368113,6.05816690513994,2.37574269060193,1.44133374558731,4.53205235504039,5.03995098653133,1.29900927640189,4.22448929045565,4.11440059419099,0.211482209768621,0.0304563788475709,3.72220062503088,1.57370709197138,1.9124191042291,4.27918689628191,4.62676861742719
7.52914241094619,0.29245572170327,2.21753005332482,5.90040369677764,3.35221937373527,0.612913149584284,4.6412632448666,2.11229748436593,2.81146956942683,1.08243587911345,0.951510132593437,2.83862355846518,4.7686583922087,2.22179878683756,6.14708799895756,1.25128096841772,3.92823118719078,5.83791247973333,4.24494617072682,5.8356900145873,1.50885839268276,2.75829094801522,0.166091719483936,1.41753434620108,3.96118581757484,1.72294771118506,0.56246194143753,2.7006878464434,3.6350491383645,5.61345046201218,1.80724327015916,4.20697770022763,1.36251689528056,1.25248989612298,1.91969821008451,1.15150002512377,5.92905564078325,4.40894618214558,1.00212307657428,5.23579844950714,2.20909932372824,2.35908416740471,3.42029095030966,3.21851292277061,0.13150490115841,1.30627800139061,0.507238932971853,2.94798962440081,3.73832184328719,1.98334621058206,3.51715095090605
-0.329346695956703,5.92678059250979,6.03865009748942,3.84276368308046,0.00889255527919269,1.84709498436016,1.18182626716777,5.48623490688224,1.5458492857305,0.0550826092917734,3.05384938583907,0.403485061126633,5.54500870718408,1.69784281248241,2.02298397008814,4.07247329913372,1.71874736762961,0.341803594108805,1.30268647167469,2.79813708410958,3.40470865644458,0.458831686170008,3.12087507985397,6.23601908011691,4.19414273433121,6.25463043510312,3.9422167747295,2.45913532190832,2.62380646308804,0.749268064513807,2.27014705902288,1.10610621255213,6.11870492027698,5.42079072386362,2.94313141682553,4.12796076222642,1.83170588638246,0.156665841326847,1.77288032218731,4.17719576465047,2.28485836364777,0.0076658896922187,2.36305242339565,3.31086985232173,4.38762754803604,5.88424120228772,0.206819012099149,4.79138359425601,1.28867083287279,3.2239192462514,5.07396255767265
6.64813734246495,5.32300490532035,3.09166766439074,5.32993230518864,5.92053176134089,2.97914926015328,4.81886181860577,5.40331076338739,0.0634127281603749,2.84144396065482,4.5702498702345,1.13355427591986,2.28975030318811,1.7823871011771,1.42752601816575,2.94261461468151,1.72934714538147,3.8355684755769,2.42535937566745,3.14826895673605,5.83421689996902,3.64631832694858,3.35769085705022,3.59367208922146,6.26794746176502,0.665987222092439,0.770602319662596,4.46348898636945,0.534418871251095,0.250302408728585,2.27381124602812,1.87104574602838,1.20404293987279,5.90385898054407,0.812645432481288,2.05608331379152,4.17490648657285,3.09904268793293,3.78881637282702,2.82824633444072,5.19789516517463,4.14435252670063,3.40498817620198,4.9158766325079,4.50426128273353,5.23988552955614,3.12629736669684,4.54923844599578,0.299898133103864,2.72391401015777,6.02139689077839
-2.30117213801244,3.52906691605382,1.12902348257699,3.78402657130114,3.5129775616162,2.7040569511687,6.27822417161409,6.08617441032495,5.33924275472052,3.88247201229176,2.51562432066186,5.92062859188855,2.43377763535032,3.76820954784148,1.95183050495785,2.35219420361007,4.09367107572906,5.65132262861422,3.13358468830018,0.013086416644638,2.26833993826333,5.01520584864273,0.196512076899641,0.997333823642673,0.0578758421668487,0.53171796459892,0.867383956126227,3.58575927358664,0.665854408148776,0.515332841772786,4.98897857432005,4.35333024705008,3.92093423373481,4.23471829600908,4.15801631761237,5.22039327259683,4.76729192139256,0.511769423490683,0.18450240892305,4.69039132407115,5.5061502894893,1.90345685992137,0.249773242000953,4.96576493172152,2.13778197227429,0.409391493393244,1.26426018535134,3.1842937518505,5.48178137902065,1.67876673816163,1.26760242943779
0.0551428556985744,5.5971479516329,4.66048933851057,5.22172117504072,3.29569056312912,2.63393879755187,1.51239615869634,4.3721392671384,2.19815845492285,3.88717046189819,1.88562124357922,5.36605891208683,0.140735454882309,0.314156398332128,6.15244013741561,3.81458340873321,4.73008495241867,4.35606339056504,5.93234092469137,4.02178043886404,5.28058354040308,2.51254858075066,1.9818054667239,0.439606123565298,6.00735861331922,0.459478693874761,2.2827829773596,3.51400490754071,2.62951793957682,1.92302039610118,2.36238028568413,4.92200940745973,0.0233847732925291,2.96890362853589,2.52709640281728,1.20889379628472,1.7267880701,0.108583249693907,0.979918254968619,0.7698817388818,5.8466892172511,3.35388008857928,5.20480992689364,3.4866044972665,4.47057578579166,1.92979131347421,4.77618651305372,3.52679750440372,0.76127865998046,0.0824910743929313,0.400378822299317
-2.05076960571794,2.46081383900244,4.50553863696904,3.78443884502256,5.97408289436053,6.19210006598225,1.96852558794079,1.98641799915153,0.452480414162606,3.27204064910098,3.83125755443259,2.89047249267283,3.33098871366734,2.42500009907928,1.84587964468496,4.99039051116718,6.15375499648191,3.55774119442976,2.73907758761021,5.23592490122007,2.85722271125169,0.523027818665175,0.249005536240069,0.777856251623693,1.55035595848008,2.88004145666974,1.77307902449834,4.65941289412948,5.63428306353365,1.0021925373876,2.4432801411564,2.36584439523534,4.88147465680752,0.572729380774734,4.69134176439223,4.60762276922862,0.115082905482088,3.93770996592853,2.97219683121957,3.65882615071536,2.33600518934121,2.13881828734954,3.03651681143349,4.05444264655324,3.54076592167294,1.0248134684859,4.27155988071181,3.24461918304686,3.08687401977906,0.0747463933958813,4.29915582169067
1.1062496665533,5.9823770269073,0.4342845030413,5.16622094359902,4.11258274877901,4.88305912436124,6.07282255450942,5.75373507626373,3.36922737928411,3.30841969714293,1.32362886519801,0.272788653348074,5.82669796186079,1.96265707304787,4.28854351111962,4.13597252671428,2.691558179939,2.41004574378178,2.96532372024119,1.58902275877609,3.28344028609019,4.44581252819973,0.37639878325158,3.21909337209151,5.96954860610636,0.9795922392859,3.19392075637389,0.640256036456703,4.4915770310464,3.3693067659966,2.04278579660512,5.01569926018959,1.88327771757338,2.11209671495165,1.33276560344841,1.57148788766975,5.04770392716386,4.60453144192528,6.28144710302784,5.00638567708718,0.242449934075783,5.52383938141955,6.0947404057159,5.54690194846804,0.0155567396120767,0.117242178418759,4.93887971291853,5.72563859932698,6.01488408774543,3.47525395580803,3.85682992568164
-0.221695169605222,4.92951579080501,4.1504888726355,0.0618922720501321,1.88858689159036,5.85016934575528,5.57841114264388,0.952821976585577,4.19027944124954,0.670394473466434,5.02301379645796,4.73390273997056,4.6023045456004,3.20780601991656,2.46949557462015,2.72151800050292,3.02255811086615,5.96941300237792,5.62729516322527,0.10826067479451,0.744916731720473,0.579119159711817,0.157636281200992,1.75391753624259,5.10186145874529,4.86912421376771,3.50755544593475,0.0409498287875949,1.1517155173456,3.72774262831185,5.87806967317305,4.91127173651264,3.59331230646364,0.789495757438687,4.6516826623743,5.27337216619183,6.01305108650214,5.63992176277382,5.09205150607567,3.99097091744381,1.02679693816823,5.2994493070837,2.04567375488875,1.15410667888994,0.101514814282343,5.2984509708247,1.62523260425007,3.66688507675626,0.979521419421683,1.9498516698,5.50107088284877
0.0861058973667615,5.74357707197637,4.62245989504875,2.71772914508189,6.24945723200702,5.91041766361383,4.93788457167261,6.0464453296207,2.905297742524,1.17009630473918,5.17964636225017,2.906842292895,2.2030894207288,3.48642314077513,2.95373031828947,1.37783889505764,3.22319873569067,3.23606665820558,1.8782718606022,3.88612046415014,2.46614695221087,5.81918077340257,5.84092303786658,2.86407181428146,0.395941072009205,2.11567857477906,2.25480348559289,2.46858729998686,0.795836721725302,2.50474570048367,5.6987579857901,0.207163966719322,1.52701527022387,5.6527168334313,0.907415024083746,3.93348690471823,5.76943073018786,5.82095654236476,1.1760266732714,0.174386282128621,5.30451007907374,4.30222423969688,3.88499087341815,4.26842340775655,0.36019732101279,3.55867173760204,3.68964170520975,2.39147456784062,0.193651031919919,2.41702620515173,2.04245556040374
-2.44541661714153,2.58724223009812,0.076153768864433,4.27630884634244,5.04111281412612,3.04283038843074,0.345509961431024,4.87673962108285,5.43432975858448,4.60953391516694,4.54534360069698,5.21981305441698,0.528978867007368,2.382786366125,3.60331412230227,5.06439158730046,0.701059994008453,2.5761080322798,2.87298608072787,1.56504079160233,5.67143395739464,5.93845497575471,2.16858087729802,5.69057387053456,2.53011697316187,2.80326429891295,5.24853618401634,2.05017922219383,5.69116574670858,1.50399502100666,0.220241446397414,4.24225165410082,2.87952503488442,5.51633823093224,0.853802615277438,1.54364064077157,3.21160113808989,3.26716972437885,0.041927439886164,2.93085832411625,0.424463315160832,1.02657037458237,1.31927671170764,4.61913737256092,0.937678934114218,4.70317052060455,1.3893282732935,3.80676078931257,0.282116521845524,5.98628656136653,4.15573774516925
9.06930228081532,2.73572288092464,2.30479986812004,2.73825647656192,5.69225109587202,4.58696904601528,1.85837376968684,2.49070385204146,1.19865095591501,5.1561007308744,5.12317966275691,3.07138704673018,2.41298603357094,2.2857322202074,4.2024522918862,2.98906262650192,0.954491470400981,3.92784227919692,2.30722611629159,5.9921299155314,5.75385969640323,1.71130762605451,1.34871808288178,6.08026427248684,3.78579047892354,4.81933337854528,4.4404140181644,2.7531555320931,6.07270332814888,5.43159291534968,3.76395802117118,3.2702017332799,6.23861546858691,4.61471379063241,5.25554119754041,3.99681232007596,5.59688408802477,4.1568947305052,5.27232096007344,2.55941757504383,4.74293343128939,0.118410880265596,0.600863599535016,2.48290765438425,6.22059019954496,1.4350310556264,3.07849338634918,4.93046040871214,1.15003618101736,5.6355919553571,0.253218778344229
1.07038618690471,5.7682305009935,1.94829237321475,4.93350261707804,6.21026312435225,1.39877442895809,6.04603987309752,1.89132850978976,5.5341362780752,2.58739698342421,1.37371448865384,2.21195401525474,5.69596174515545,3.19411916024963,3.20066983530583,5.26796374634943,5.24803409736527,4.73380052588436,4.32478660872154,3.61664887514254,4.90875420810462,6.20425491541195,5.7502963000649,0.988743178082089,1.27350990330208,2.74592052151444,2.72995881545675,2.03816803424536,5.23984500672535,2.7918881329814,1.52443952791672,1.65507206469194,2.51652408550068,4.00612493911535,3.03444440803528,0.879319350289016,2.13874519118479,4.71903757001085,4.64041595928804,4.02822444378557,1.94492234538813,0.895748082703093,2.80869225602629,0.23519084971721,0.878405866204451,5.49199550816012,2.73078344774885,5.97390715840042,2.57350801577296,0.0380764338534481,4.18160616129833
3.56069934734662,1.88258438071597,4.71795093201659,3.15186712810004,0.483354334699608,0.333715298524542,5.75043121329601,1.28260309925876,4.98289596429207,6.08077158029253,6.10906030660868,5.50617834240639,4.22081581830936,3.19395169855418,0.596951109981265,5.89657057491844,3.77119970850796,1.05222357351822,2.68877350074593,3.44375773625263,4.22252633381063,4.0949527060741,5.61446449538216,4.25013618714041,2.78148547758905,4.39548324842321,0.989300623016194,0.529270663573295,0.348343243151437,2.55699204955382,5.60689142345332,3.06886731955629,2.91566717212093,2.36557420450652,1.1072440395129,2.13672325553448,4.19733477184095,5.49197672282907,4.24109212913909,2.29154011616386,5.05362090999566,0.435149570389113,5.19416692283838,2.76528273968569,1.38137883204165,4.18156469049662,2.65763977180973,0.134866748347125,5.26609051047021,1.92889259169598,0.229929770595005
2.07693689160153,1.96377012841681,3.43664551424004,6.03282822042487,4.85200273405221,1.30963202343052,3.49572562910682,5.49537130719856,4.68077740096123,4.49836300769813,2.69481100608369,4.87172461648492,5.91318255683988,6.19030954641707,3.49492251341383,4.07218110026532,0.282767321433939,5.49790420209809,5.25472071993565,5.66410871549177,2.39358073099934,4.97838371782461,2.58823064192086,1.62263635183145,1.97414202888238,3.11385946163674,5.43752237248394,4.10068997819737,0.565356311691097,0.702466434672352,1.80948412418544,3.57959521705752,5.59854469168701,1.46650936467575,0.24229682214377,1.11751529121462,4.42162119843089,4.84190587974056,5.52620463175886,5.22099686089299,2.95885753601866,4.2807229646539,3.19982725739765,0.384677955998071,3.97280514389785,1.27155680672491,1.48421606428801,0.114074445829981,6.05304688057894,3.79067837788415,3.42884496001279
3.96648912219731,3.11300495216871,6.15259181276207,0.87019393941331,4.55153847359544,2.57015201733073,3.36856970690656,2.46774948387703,1.85970550205027,2.83487806978768,4.45151981781696,3.15224125623255,3.47412762884628,1.16388120699827,1.94223160747953,1.45444788306663,5.25456513128333,1.77530751979269,3.58094315562743,2.77923943020359,2.17301081853142,0.491864038465784,0.955960572234969,2.55751471214767,4.40080261020169,6.11018316938042,5.03872586432293,6.197742987204,3.14967951844017,0.310137149405705,2.52339668006897,1.47311461827965,3.35592620480252,5.02173078511824,4.66166099837776,6.02785883839016,0.359043132776217,5.96917969327681,1.4256080813617,4.72888246155296,4.74316698469782,4.91247714589992,5.17931764016901,6.16830592286069,0.273019558874788,4.86261507827037,4.67607658435336,2.74044197669392,4.80856074970776,1.61375871100207,2.38222235707747
-1.51162950188589,3.48486713575556,4.89420483827068,6.2377160358305,4.29012445450368,3.59292248414597,4.03937722505225,0.577245988200991,0.419924468453934,5.03654754711871,2.6512320984587,2.57608701599867,4.57257169823939,1.08710283355655,5.10074611976123,0.498905288470681,0.724999071349971,4.1991699221109,6.2687470488996,1.65948157188561,2.20085187874905,6.16556255647418,5.64879384158866,5.28578959332465,2.36128140013971,6.13678957062668,4.95190350204019,4.98934338073856,0.488421411866567,1.24748863856624,2.74926851633187,2.94049250132697,3.0268654259174,1.84419027420161,0.675749902027244,0.356443057752656,3.9251139062578,3.5850457850327,0.593742323522429,2.02490574558923,4.04705831300039,5.94291697098615,3.87195923427807,0.482903947573462,1.31635238528056,0.442373885573696,4.16870529679412,4.93079155338565,3.14191552692448,3.08095914647513,1.29839397744651
0.617217691440771,5.76559292991665,3.34348087689608,6.07857967257935,2.29889923339778,4.21832921452662,3.90105919109379,4.69571504241967,3.01185741517351,1.82467923776291,0.702654172412383,1.77492097880028,4.37094623403807,2.1490718699267,0.0377359030975467,4.1886009621913,3.84159499001113,0.0876443569335482,5.43250564603144,1.49219749224366,1.00390827989517,5.99175097732424,3.82656802423769,3.29889557233347,3.53734768630686,0.149689974982585,0.682065750936274,3.8072465761304,1.83849117253687,1.67174436711454,6.26703824647541,0.186680158515062,5.63932215507775,4.60068954255761,0.0944011308145871,1.37664971674644,0.906235618065322,1.93196013341426,6.15462829420684,1.86636062214274,1.69205103788318,0.254941531155227,4.57104041653536,4.98092887490348,1.11612578675333,4.41973995600102,1.16160961267439,2.74584540652275,2.2842571540564,4.09321200179536,5.84920434501055
4.64273026771425,3.15038614151958,4.05086679054162,3.07194726243113,4.50215851354476,4.21719400472629,4.69400498334885,1.33317532437779,2.53274477048303,4.99295530499542,2.23731402492665,2.50630956868791,2.43083005584038,3.32910887856466,4.97018276438198,2.77587966767314,0.0553053766052119,5.74085205936008,1.11524617507397,6.2061772058602,0.548625735389725,4.81914109990753,4.90291930229165,0.229259966237822,3.83497895031224,3.55924123990696,2.1202455358456,3.98405444118481,1.50150392021374,3.24995121808466,0.82760177003278,4.42179833732943,5.21883310703824,2.1718561972711,0.467163876530609,4.45089341823919,5.5330048660102,2.07326801790056,1.56226545752995,0.665405337648902,5.48445313849301,2.7138270100623,4.33343281883661,4.17690580550965,3.00748123179076,1.83633521310965,6.0547720662227,1.66454958385723,2.01061932942836,1.75692455557701,5.95195072711835
7.10374915455303,0.427970803158929,3.94376648920132,0.995543549847726,0.404809212648573,5.51502307489357,1.27613447342596,3.51439722267078,1.61525863505707,6.06643287651368,2.68225926551617,2.88620600327642,5.11793801264972,2.714387230152,4.72661365993969,4.94952449441926,3.67779190053211,4.7300140477052,2.96120358555819,0.483283931767043,1.53764147997959,3.90840046219006,4.10530575098855,3.47028831445485,5.87017325977573,2.65151061904305,4.03532889477733,0.52108075077341,4.52810095625448,2.09602327559981,4.65426789755687,0.707181175334511,2.29777935790475,0.235390222044725,4.99156990987101,3.71806719242254,3.67947708121808,3.19592371651379,6.08407329569652,0.698753658306028,0.640414777697484,3.362041092655,6.19600429736345,2.38759776909925,5.41423723269012,2.23055550724726,2.08512468220108,0.689067579687689,2.87226645084383,0.239729779810439,3.98327533051458
8.2822527969471,1.46805346300508,4.4047385781277,5.0632323344415,5.72119292294671,2.78279375059816,2.79974766182518,4.8819912044038,2.10239626901485,2.74893626422938,1.94355338175959,1.99558500225115,4.10448653003043,6.08416706289373,5.84348005043356,0.568521469544055,0.758172924396964,2.12647663352155,0.098571545991976,2.23252216068627,1.21576081128345,0.795040607558237,1.1433715534203,5.98664272340211,5.78084988835592,4.4641010215546,3.29714064556516,2.54949340943393,2.60606236982676,5.98520692343527,5.67790630781687,3.68234651018131,4.58518061110836,3.73583462654177,3.03800839685544,4.40384423486328,2.27439613676831,5.4703012186316,1.17599344308723,5.70799828693716,6.20688095284266,0.777475445270152,3.68364903392237,4.42051217486417,2.86884734211565,0.482716658949282,1.39573327681904,1.12598749600167,4.46829188832674,5.4913208776362,5.96373276504181
2.93787316983187,1.71949514844625,1.16587839885218,0.440300425948637,4.4610163402881,1.75321713641669,1.95340903452709,4.6204591000276,2.60463978439894,1.66814533116596,6.15582410392568,5.26317535800241,2.79713635890536,3.29821289283427,0.862221571309321,4.17994018433799,2.79827441554427,0.678906503272357,0.351830080597927,5.92873638963373,2.03076982784036,1.7763585020846,3.00140605777538,1.75291525595645,5.73417831193172,3.75670818245487,3.60864282920145,4.3903555362277,3.34030695908967,0.16118296223735,5.87216457801356,3.67226548464328,1.73932248240287,0.929017394080595,4.10918134428543,2.0185822821916,4.86991220435068,1.85017768776142,5.42644201005095,3.6400542448587,4.84428837349527,2.96991754926118,1.96516057646026,3.44043463152341,1.87284442136186,1.92742781863659,3.559132806956,4.46972303328824,3.85320201173018,4.98424986132732,1.74781023947202
1.71883773108744,1.47856932631299,3.2568917300877,1.90276895195296,0.6156340865108,5.8239394089217,5.36933095073466,3.8100582841979,5.69646921241922,3.38101972346543,2.7732351711421,2.28509529493405,5.13041829552074,3.92936535831928,5.51234864266987,4.94640115554252,6.14394277482635,3.65162913650797,5.88327513214988,2.4047327661778,4.13216485670383,4.40911918683763,0.941283618389501,3.12427823984925,5.25879702851884,5.18569639016669,1.38992998905452,5.06092495567848,3.70139548394467,1.56251431598733,1.61279619136641,1.24769321010461,1.66114291871024,4.95189996031552,4.16686245303799,1.1573405192838,4.51714404362652,4.63692204424388,2.21918704065357,1.90992727051423,0.144772880565866,0.175659679170719,1.53628827197876,3.0289699447562,0.0738187848372616,5.43185634300822,4.93709755246725,0.517456785237842,1.57872680862844,1.57266579273423,0.102806494874596
-0.268817452207253,4.73952511011913,4.10809108995767,1.71764353303332,0.0645119355467746,0.205299578568643,5.49988737627097,3.00720037053748,2.12130428330669,5.40840826339873,0.161854355323567,5.95001098405741,4.70360481124307,3.43497430588465,2.7625330388639,2.91662314958695,4.27774593952885,1.53934268400728,4.54239455826895,6.09129853105657,4.19287871898275,6.14516052539055,2.54430010584342,5.11790016695901,3.87211960959835,0.660151138630423,5.40796473443254,0.817738957744203,2.13166903156577,3.06526823825725,2.66069236835691,0.758956281918378,1.18919782066827,0.691835458729533,1.69860644255352,3.11625313793726,3.47478302638621,0.471543904462068,0.807378664070672,1.96662042826324,1.73080575370408,2.68742088522692,4.55133318669013,4.20661499748532,1.86264702654229,2.8469853012339,4.3645833449982,4.71058040255874,2.49613852248587,0.920757215862445,4.10371440186819
4.09892204129955,2.66689193575949,4.78876214892514,2.7369567148102,1.8608336796034,2.0190286038684,4.31843942703309,5.85770973463131,1.57942612443204,4.56942158503596,1.095307486719,6.12077077126511,2.54018926946773,6.15776693374377,4.76207042737066,2.37036727565432,2.4631962069462,5.22925825479606,3.60028737844338,0.415533963103192,4.49255560913381,2.64105586474914,0.80830767556773,4.45269130213399,5.11204896570156,1.73022195722661,1.51887849353446,1.47679870535952,2.39974456809075,5.66196167108732,2.16459008505407,0.179921792979152,3.95633270973199,1.70484397414318,4.74256248939245,1.50639299536049,4.99086245146538,5.8678182761955,3.41574990776273,1.21708705331533,5.48244126333033,5.82306026537613,1.60884793931729,1.95369889126364,5.18022141925503,2.26414002480579,6.06475508502693,4.77552118230002,5.46986196870079,1.53375390392073,1.3402295709469
3.47409114719968,2.67455393701546,0.638931808863023,1.39233676578643,3.94717611383159,4.99516282789618,0.551465323749978,0.502742683513587,3.31730777881863,5.90594183064028,2.78809729091761,1.34114672695584,1.379897563118,3.69913573194265,1.5888450010632,5.72634416032786,4.91161516823509,3.44927004229659,5.98868118856379,3.14159061428199,4.49146277860732,1.32690570075423,0.306039609492435,3.78960073537316,5.37574754788597,1.59456273298968,6.06139094837142,0.234337651023774,5.88606806658967,3.91066854843638,1.72444563835689,6.14684795897036,3.68421077105812,5.006700833529,1.96516192819657,5.65853482498543,1.03703777872891,2.23550533591892,4.54422858062906,2.660564737532,3.22672605793209,2.25247995182552,4.75218556451787,1.65596217719727,1.42601061790039,3.05708940998765,3.60386412829794,2.88959580829255,1.57864304193922,6.08686825774076,5.51073112194507
-0.244744585355861,5.71203976051504,5.38991452117442,2.29780875670648,2.33534876922154,5.32972357603709,5.24413929302818,4.23880395849046,3.3769283278081,5.60958008986993,3.12731876732228,3.92946880857125,5.58231335373521,0.201529657696307,1.58608977772566,5.5654407573467,5.50295079109735,0.341697781244132,4.85855810068669,3.32828811569088,3.00817898373493,5.6637523032972,5.38175852320436,3.75963468424113,6.13545137509118,5.03932949211788,5.25676709948415,0.305355540221061,4.81922674205773,1.73517533054878,3.28711129029368,4.64503215339963,0.282931068780388,5.32249054039784,4.47621035667701,2.33895530408819,3.11693983314658,6.19148481091441,0.0384824111754617,3.40667194078325,3.52858421453023,0.416983995800017,3.46101891440427,2.5722494702752,0.649150917775642,1.08085041677543,2.64770386481932,3.66592044027814,0.627516755643094,2.81262252881221,4.95352962179746
1.55491983439931,0.441283745353551,2.12655019635716,1.12873602063733,2.6574039859883,2.4087975294115,2.92694618858867,4.21121426270889,4.274383612503,3.54020951979942,4.91741892998506,2.61744856552466,1.88466492964204,6.06551101283436,0.359867697774087,3.80962298707174,5.40519592204896,4.24602782309627,4.67963577187637,3.14239253915967,2.40889024330769,3.90011425865928,2.50398962492151,2.24162471346699,1.27229934736899,3.3336517980355,0.224980512461395,3.81825327478643,3.3364742117375,4.14153345284061,0.333164237764936,4.56957992397427,1.9294074189006,2.08369589838936,2.24395408281457,2.15379494190732,0.95658785541526,0.969158455922657,1.11258488716922,2.22106443414597,4.29930548552476,2.61767035707174,0.174412621968638,3.76565070077523,2.00486633678741,2.1738830761216,1.63707608326994,5.42436594058003,2.22626754806512,6.07512263769997,4.57277027473947
4.77462650326909,4.01544590117655,5.19413827012488,4.3688123529705,0.205082864810217,2.80633643711983,3.49746818543986,1.14161836167283,0.570824314723943,2.24897200300823,5.10910094731619,4.43918365285761,5.4961585751,2.36146935585453,0.58597643752782,3.4033407665979,1.44707276297185,0.829720328496387,2.63666160701353,3.30031932224409,5.72276876806127,4.57840197830538,4.42012404514273,1.3196936170277,3.03661936784252,2.27385515551427,2.21646000189574,4.8110786438453,0.384885687439491,5.37316894557398,2.48173478322088,2.47711644593431,4.79045732865618,3.40648941980909,1.86957426987835,4.1634137275333,1.30683824049824,6.25864692496604,5.16684917767607,4.30029300204165,5.44664970855984,1.14804912133406,0.176634983247477,3.18724128308415,0.505679741716708,5.49119209403184,4.83409087188268,5.51418617164462,2.76593725654895,5.90801214938023,5.73942037458181
4.03422868654386,2.46701349710594,4.84437797137596,3.86425626253838,3.40666091623261,6.00076159009243,1.49495399124577,2.85175820751889,0.757004308862294,2.96739091418812,1.08933938367784,5.65078141036745,4.51854297513192,3.1925307837788,3.15839086351981,1.88060458442094,6.24811255867026,4.21973514316919,1.72335654119733,4.7090652553782,2.33081287468332,1.92817511376443,5.77160794288894,3.05020747468742,2.15041140988391,4.30949184262743,5.5998854429404,1.43129466044769,0.389061816774898,6.10041144714896,0.00443700127605571,4.90119931439583,6.11654279611297,3.83459027345943,4.85879824454107,2.24066208411247,2.64201789723309,4.61190843601813,5.47592703395225,1.34680517266425,5.40236936536295,5.78648796000424,3.33239152336857,2.08769401253829,0.114696535651091,0.911580425840877,5.726462108098,0.464385799486835,5.26841602649157,3.70326606462758,2.07480847210095
0.702438935586392,5.02854966864925,1.71498041940681,2.73680266807354,4.89538514690955,3.17442449540779,2.31154613386052,5.63221193872584,1.16806850132445,0.220857067194777,0.739891344792936,1.3801430407717,3.62094150981086,3.12024293832274,3.29080560024509,0.323088069114924,5.97924662945082,2.01761574245705,5.38612340847078,3.28945389904988,3.76302682846327,3.20856635988492,2.72023396365763,3.10437733427951,5.00893888314132,3.02461033184654,3.07815167940714,3.63671627834472,1.06806106905348,0.108875031630653,1.15048436498888,1.5455186677075,3.74873745281913,1.88770149845875,3.6143257319743,3.36612637770352,5.84141582767326,5.42382507635944,2.24026890293489,5.83795589329025,5.38268463227195,5.97158678161027,4.25890402280167,1.62954503366292,5.60341826282795,3.26379885098558,6.21896495607562,4.68617432519336,0.313778835267968,5.65943438062696,2.12701745239168
-2.16110011013802,3.84224982725345,1.80687022751187,4.949476586778,3.25727981738452,0.210637223897282,5.44111509740393,1.52735696546256,2.05514465581264,0.708140906648316,2.0135085589878,5.10365679716263,5.79061005353455,1.78494741408726,1.80387346177026,0.902136942927623,1.70685762089965,4.27753155619892,0.894914175510368,1.16057409050073,6.13251239900246,0.914017381109846,4.57516576944715,0.838487854019017,2.39804230637329,0.022184775239222,3.23641734307587,3.25903465930359,2.10838917875788,4.32978176590989,1.49316992022348,5.46382325791854,1.00541784019155,4.3576323087625,2.65776752551975,0.0344377689170196,2.61228492844988,0.201731576964198,6.15341717358737,5.97799023590556,3.4115750306852,5.73685253788396,3.44060903183931,0.311452049433712,3.1723316784507,4.82997831950409,1.06853975632987,1.98298141294106,5.52792814236143,5.4382540275546,5.20627522806646
0.71674987518358,4.90523278581181,2.12432904198574,1.81723250782815,4.80712852072396,3.03039281252721,5.64355614428611,3.05312980423132,0.748511964082046,5.76933392597272,6.06817652272069,0.690021236965628,2.32190272196255,5.86156943917493,0.234233914039855,3.37466016402711,3.60200079637412,6.08151252781883,0.663774448778691,3.84054628109391,3.19634032339856,2.72683482704438,5.4900148224109,2.20306352122712,4.96252991806736,5.25181139427056,4.8517682926525,0.190231921728827,1.9819041449371,2.43947356687159,0.375952792194263,4.02361222295949,0.589054442036205,0.0463696242809746,3.96243489506679,4.78123786824008,5.55485705267577,0.175608032310848,3.08082017510927,3.86574852675432,2.49501417485228,2.21893701917631,1.43512583516292,4.06784920233867,3.8654368900934,2.54633700568276,1.84017806191115,1.26893253942507,3.44465934436823,4.71741111085658,2.71553464215203
2.70895925394578,2.11721055429501,1.99424126664488,3.17093691626183,1.80846321802632,3.22770039940875,4.14616588387995,6.14670015743097,1.49015580427345,5.61562855392702,3.67601451358252,3.03140482560733,4.8256545992895,1.95260637819037,1.55610372557765,1.44961162804006,5.82570438008554,0.981236079369866,4.94383969863041,5.98111031686374,3.13512679267216,3.25183171881506,6.20497841032556,0.646735822891532,6.28043960451291,5.99662881872306,2.5481246901127,2.94138612922444,5.28740272822105,4.49303729392935,0.742803846453178,0.546554025414689,1.52881363980747,5.11233222760341,3.05785688021872,4.16311176661256,2.91445978340549,3.68611844110309,0.311549753343472,2.21216704684836,2.88853626061528,4.36586927193365,5.97432314939669,5.63915738661448,1.80811776455108,2.38303482666866,0.547332552380605,2.74685851825435,3.54870926840807,4.47572278656205,5.05666700972365
3.29642864416737,3.3430572948179,1.92670206058871,0.861487410259995,3.72498873037809,2.50379535671518,4.73297831325876,0.545957589325018,5.50351187430871,5.26792652825058,2.3298372663196,2.81128286158112,0.924992256908903,3.71579865559744,0.938040536742133,6.15948164343117,5.35101808223875,1.84147470911028,6.16119792721842,3.29842710353987,4.45352429646583,1.48204774612885,5.9317525639095,4.44533471282251,0.569279293293313,6.02845940137173,1.34948433889085,2.17810355674441,5.61249003581228,2.89380987109375,4.94771046137179,3.17236713812203,5.69406165595197,2.23436558229504,0.966221930221718,1.01804184598635,2.93870363632213,0.956898333445059,0.402934901524563,3.00997231210283,1.72881073574643,1.80151956074941,0.196164440750629,5.50831694284768,4.99451281243186,1.72615243950915,1.58111441528184,5.68506836267092,4.11265242756712,1.03418259127318,5.81463395232922
6.91105565803624,0.172929531711976,3.60311053238193,1.65004842741443,2.87077709783487,4.43636581662627,2.5849587700457,3.33719634174854,2.70343023852646,4.39285807996583,1.73795689665217,6.12513144771621,4.15807892319157,2.2419584080067,4.68366290300541,3.6892923823162,5.70551198597846,4.21787809155268,0.0237061456732644,5.77479026954848,6.25652700891446,5.22315789664594,4.1193253104109,0.27822155219869,3.96308037548507,2.14782850220401,0.374622543229768,4.11972175535871,3.98390030374722,5.31467422615412,0.473900304147002,4.82626354186583,4.07291624000684,2.94249856431612,5.03396584195747,0.0516297115447226,6.23468840398033,1.36913321000805,5.04761224169908,5.30049970713422,5.00337360775955,5.67962857640199,5.51364602279096,1.75775500882015,1.87625752188548,4.15564779472531,5.7481462244942,0.190719442104579,4.55616735120678,2.66363839278494,3.6098106181874
8.64945929113656,1.57448792010743,1.54488375979818,5.89737791698176,4.23424695843312,2.52758566991721,5.19398928508476,5.59622637761135,5.549052715999,2.87756223330871,0.253602674380754,1.60010027144467,5.08764812850875,0.693402928638089,2.06303867002431,0.25419513864784,6.08935295680417,2.66933217820538,3.46217689306159,4.89521037501246,5.29790944829097,0.632686791521555,5.07451788137554,5.51087482292508,4.63004582602751,4.1126974240014,6.25897589866912,0.606965226035108,5.27236009166915,0.422660668004771,5.62914030376278,2.73667786068052,0.978783463562859,1.9195078361661,3.09037183788865,1.33492715414853,0.119421921968113,6.24539694969139,3.63297108225084,3.18999129843333,0.0508690029210122,3.99961987638195,0.654374821223617,5.61266918037152,5.3826129522119,0.462787454692216,4.86530861327835,0.486470486259828,2.99327395949799,1.33825722236781,1.75129849594905
7.82050243471254,1.2709042194506,2.93187408372957,6.11702729409997,3.83321634322401,1.57317011911287,6.22577873255961,2.97145304124344,3.05649052643603,1.85944175254976,3.11415245340674,3.36879169448466,1.92698995994087,0.794984729939281,3.85575081147506,5.15844719880849,5.90864380522266,3.51134048460252,3.86580150633256,6.20285219055997,3.25016384006122,2.93211607378657,6.1784895252886,0.870211825049747,4.47839334644159,3.02574421478017,2.97440009702872,6.1482335267191,4.8884987102104,0.252392715318245,3.7243530646772,0.868641929623016,0.0206168240306177,2.54776101306695,1.97003232480528,1.38171584301665,4.76343823236808,3.2644980877916,0.955622999499424,0.502900690369493,1.42479530748355,1.70614736393174,0.493490341087816,5.71019981333671,3.96849128667695,3.22246599074605,5.37589372119753,5.14525441924198,4.00049615260809,4.33289816324034,1.25013981624415
7.13703808917025,6.07449468157737,2.77708865535804,4.73299891114532,2.09294922828483,6.2723775302723,2.75594574989402,1.22702582762517,2.71412114583424,4.38113310462498,4.94993833638887,4.23545970142873,0.903575547308412,0.400983218126258,3.57467148538147,1.05118045148514,4.67504289814189,2.13976604029011,1.41151004955066,4.46731684757523,1.1302538815309,4.55708644411926,3.83879004940267,5.62850212184279,0.854532759153718,5.43841505094759,2.91572083927067,5.92991863225031,0.753112430361361,2.40240682152144,0.00800536861002112,4.8585334944046,0.848149383409068,1.4838012758104,4.91077325010296,1.39082994260977,4.8847722043579,1.23278951858604,0.777764961146793,0.418531352047901,1.17181369741833,1.97370618169902,3.34605208123135,4.34364963096784,4.84341688686293,0.55850950251687,2.44156986703662,1.75742352913841,5.46810275265667,4.08034865675112,5.966726073908
1.73161663209241,0.385760170128062,5.87356021210161,2.07605289019881,2.13279738905782,1.24287191487831,2.72844522189521,1.13645633673377,0.451851995757886,3.05918657473727,6.27410372825537,1.76270715767989,3.0805022464377,3.85087873251056,6.04925818022722,1.79929542787677,3.12440958502316,5.47653206322272,5.11516216801893,2.54487903372952,2.15734324970858,3.33358183251544,2.22549861345305,0.0863002819302865,3.54414574227318,1.97359044878686,1.4781111184268,3.46547508429592,4.48457696072251,4.82507861186874,1.79945473965561,3.11977694771236,0.951324150355102,5.39472311388303,5.89281201799374,4.42965739218775,3.43836050480771,5.25797909200279,0.633742578036444,3.39356733421522,4.1772451834861,2.72412346491669,5.68427635198907,1.0624642034187,2.59181007037843,2.83007029631319,5.29282762637269,5.93301746578631,4.37931308824256,0.339453388419019,4.31343484572647
9.37283251949686,2.62589335083815,1.56854014723882,0.544346307945824,3.03846399782162,2.08816231748507,5.82967018276286,1.93223303200444,6.15677580528215,0.31943252210386,3.61753468959455,1.32987268002082,2.35429101872226,0.713077664146938,1.88774051155809,6.08507800881543,0.680486599626855,3.10360672023748,5.30403488670864,1.67003389988957,4.82737014576604,4.51855633596274,1.46307048607266,5.3561620781754,4.30284752325914,4.27607837383947,1.62769743396012,0.309930383490218,3.03606844020846,2.5612637805857,0.0580095484905395,0.623046873820289,6.14767433067206,2.18117784690379,4.61650404540942,3.98031668256644,1.14995454872562,3.70597088019686,5.69943374861262,4.79536463615095,1.03282792181719,4.47281486090956,4.75014741388358,0.703640167494464,4.84235312744451,0.874202728475466,5.36833316599578,2.65573301023688,3.49919927688391,3.54200799910188,1.25806866838695
8.09835825192558,1.08712868624484,1.94599427081527,5.95139786111784,5.34660061969656,2.12036410974468,1.84442051556352,2.54302553992977,4.65013393390926,0.693456377813033,1.71026221309172,2.8035270726471,0.507999748388584,5.66715165239088,2.15963273405765,5.01147625310725,3.51740036673522,4.31377541598116,4.3995411812924,3.81022705520503,3.10923250191101,1.87935202518396,0.721932233295285,2.72623697338709,0.28540074952679,5.61818170877902,0.299899707203717,4.06936193716729,6.02879068648538,2.34241199225598,3.31719825014204,2.76413515067257,5.43990363299872,1.54939199640719,2.8805811286121,6.01289401006214,2.2805444844831,2.4662423798201,1.30160722873132,4.62976893952264,0.92575403492573,1.70238526235653,0.543804807355865,5.62547578321221,5.13769588871885,0.202747580884839,2.62111892019252,4.0071874711455,2.4725375196608,4.42112523994365,3.12261928196985
8.27741800577557,1.85190463622147,3.79817123216304,3.82644108683595,4.20036304298632,1.14222038464664,3.16257655302486,0.727867207093623,1.54549013202745,0.339353172678917,0.351208537908179,4.72991136841106,2.10443982513145,6.24451939926361,6.20039450281598,5.00317016998269,5.84671199781143,1.11668501937333,0.12936867503316,4.89542691029488,5.56463052602017,0.593851792219382,2.64214622733284,0.833421585845755,6.07481228401821,4.55486434762859,1.41780275363276,2.97084531874079,1.78065979576504,5.67057916997217,1.49379218852059,0.523158407510439,5.95508680947449,2.07475540328471,1.02753782864072,2.68847425353823,3.68044084433411,4.57779649114156,0.293747441794311,0.541841773176183,3.49931644638163,2.0533363296086,0.420025952544011,1.5814961535142,2.59983984485076,2.06627286005559,3.94631495101213,4.85053696767144,0.65985004668302,1.98247238766955,2.16985799746663
7.93553255359899,1.56175207568839,3.99738192478514,0.441335414157193,1.96646740849506,6.26840040753488,5.31337706839658,5.91718169649438,3.58370937279433,3.74673381973691,1.95090939468134,4.83576149068209,5.92143420331979,0.369097065071424,2.72876884570687,4.0628859001915,5.7441949076317,3.33117352264538,5.54780703832866,4.91503372398023,5.75737199886473,1.2733692554321,0.796524574102829,1.91471809461985,6.03045758508411,2.54508497163337,5.67411761770558,2.90470825968396,4.80936332119523,0.771401640546091,1.75654399353079,1.18911199711623,3.55144704205876,1.08407541090367,0.389005162346442,5.38548419811939,0.335654620265077,5.58278953795876,5.00423442094159,6.0895655363561,3.34239809807971,4.70249939669526,4.9649521358996,5.92397030639866,5.20074546209523,1.55080816255048,1.77816208697115,0.155839879242211,2.27185098992987,3.75368980795032,4.38178949694921
7.68356843992425,0.41911046279876,5.76338666658835,4.97902282577174,1.13038449378285,2.71048788638011,1.77177406792452,5.98452426441693,1.05419630684477,3.02844456259764,3.68671447196445,2.81674171991306,6.00814064543685,0.664642403926793,2.42838020055979,2.64389663807304,3.80410676772192,0.859167036395681,5.19461502196065,1.4533768324645,3.39253829569449,5.80618168418976,3.8201640842536,5.05711887439706,2.24113466516879,0.693100635634943,4.87410897399727,0.712969809048626,4.63315275242632,5.06681597610313,3.11843061835234,2.27697480491162,3.01846771877062,1.8859883380016,4.00850044889915,0.131101342039982,5.00307796518199,6.0133658816032,1.85835411684537,0.963531685316505,4.53970802917566,2.9371663420248,2.42620369591106,3.26959612908263,4.10859470682105,1.95577948115142,3.99846963217252,5.9067397295674,5.70621880947764,2.0037280533962,6.21813264638944
4.58046942772973,3.21191926279249,4.28543932037761,4.09069793318859,5.6062964400413,6.07280442163983,1.23180307877686,2.26258447475375,2.2928172304808,6.01408386863024,3.892961279749,0.877836302456978,5.622300951082,5.35076770088365,1.45139150926497,3.74304419697503,3.64645430664697,1.45784926707936,4.73226868827146,5.08930321550691,3.45742647475331,3.02163437611461,3.948219747886,2.9496479502996,4.62991578577652,1.68983103921703,4.37492439252148,3.3881078863273,1.587607660563,0.70293984520323,3.70970203081426,0.166473175373105,2.57783221582468,5.05004866592878,4.04434268500358,6.1787811580077,5.76004287180874,2.69303322853498,1.93109359144503,0.602815449705982,5.54794813238865,5.09479311696048,3.46552380970839,2.91107239220419,0.556921973075611,5.25806469758003,6.2732858385527,4.87530625980046,5.48670828084017,4.0992035129887,0.567677693505968
-0.706923820397306,3.80516701759986,2.42115159171064,3.44802737384875,0.879505186235543,0.80889759289444,1.93027928589165,0.641109523345,0.107177517082358,4.40153474510948,5.54197246313519,1.44129959376475,3.92863359499268,0.3969600661344,3.09127384538089,0.470363410032594,1.94970237754709,3.67751079936026,4.33692697672517,1.58277446888688,2.2830822889357,4.30738555512067,5.97379094126237,2.58101900731019,6.25012786730167,3.30453560721785,4.73244880128246,2.16617412689863,1.00783279609845,0.355135779527842,4.38311467105089,5.06476850229191,1.05178093108039,2.31667177895278,3.36942806970081,1.82734510752709,1.1089323054931,4.18841155818757,6.05874737933045,5.30175828335326,4.97231010474282,0.807141805930294,0.300097808255421,5.31747712160311,4.58962172464714,1.69780738060653,5.42637615533069,5.58950289535704,0.338582425511346,3.10068663188408,3.26773501933136
8.65715900907963,1.2963731989644,1.21016643699817,2.58217546160687,5.86681159837762,0.499797235475282,1.6474858118712,6.14359645530361,5.91767670847362,0.104058489425194,1.24654181165281,0.123054297819718,2.91805650209183,1.37781079971593,1.60445532297576,3.52210972971052,0.56798460494149,6.11029036031392,3.93307584814464,5.78129489779521,3.01061901990938,5.67405314105415,4.02775494656055,1.24516326005918,6.06719717367544,2.12460081851775,5.55809967496686,3.08313610170263,3.33027357201596,3.141541255426,1.69507030330484,6.0346432614229,0.175745684124599,0.516415291432588,2.14080386655974,1.80556243580281,6.20098099252563,4.59568899744198,5.56396276243371,1.13778867181944,2.09614614170053,4.19897971642807,4.57056365007041,4.52331555226034,3.54151568913233,2.47055234129015,0.836341149011565,0.720771277599677,2.73143353489616,5.19058876565662,3.2486091984813
3.84798216843948,3.22736966288939,0.211141943800892,5.68936636185984,3.66840115727853,1.44249573410308,2.99651446933537,5.06213591830279,4.6933220814861,3.85163824300436,5.61717683766496,6.14331304857287,1.61351934980886,4.45161747198751,1.3365572062296,3.9567862011703,4.64503449553147,3.48374995642056,5.25242245515227,2.33145359769201,2.7430695326336,1.29917699849676,0.258889819777296,0.202554747801139,1.53874418812895,3.77553617512777,5.74007629292058,1.58293163749073,2.35493587154868,2.1544694071215,1.51257589427448,5.25808296503809,2.50007017334062,4.9603395332519,2.31552926919124,1.4581576531363,1.78248764461085,3.93021394443201,0.650824191771363,2.0967993082904,1.29594609710532,4.36571054532205,5.96075491044221,3.82485091243881,5.35309655089531,5.97057293549379,0.37490250771427,2.67970529874463,2.16363370235975,5.12186223480647,2.42897693654766
5.94944008076248,5.67383170207033,5.00785262843159,4.02004468363715,0.158086981391607,5.02664256475358,3.77469102833544,5.56899025157452,4.72156367111881,6.23229387772442,3.35879085148655,5.41888226384289,4.78391398720832,3.80247150326373,4.9002734203772,4.37352156965399,2.25007292639754,3.87783352184573,2.21878709201696,0.797039829942446,1.26438367465517,5.67366486357798,0.96328388747473,0.476829563533842,2.14792238789759,1.16208516638025,3.64065345464105,1.54695252784496,4.32482918987807,2.65291198045538,0.286660004539815,4.49137224007031,1.30670940569176,4.32403053023355,2.76240534220768,0.25591178962753,3.09046624584398,1.90376844684307,0.364321313410769,3.87938156127636,0.600590649742705,0.614334011694609,4.40701167047969,5.57665182419549,2.58445690283234,2.75427100273979,1.02639353850787,0.522518069249208,0.901313024539543,3.82009462197736,2.19493551180576
2.71401153409072,1.00406390658336,0.325453063443573,1.3721188692756,3.07599366750586,1.0625377969756,0.788535796446745,2.94818064054025,4.39857858412208,0.411275115990829,1.17191825948805,3.50616696697903,5.60647790186277,2.39294601912104,3.8494943453367,1.22203645042616,3.26110158261067,4.33816354480462,1.1603168612261,3.51116822892452,0.882987393546312,5.58052685280599,5.80211476315188,2.50242185365183,3.43006698814945,0.932889793827302,3.28133416389318,4.68954577936511,0.946974413605393,4.34298095890925,4.19929144671574,3.90002412973933,1.34873852131026,3.88297077958171,3.92615348949205,3.8445326348444,4.49973909866356,1.28872651446073,0.497230204845296,6.00232528420943,2.03365966304788,5.58136262521926,4.52738616131469,1.7892051508448,3.53480452903701,5.38262569422837,2.30321861752318,1.12948237657176,2.46270133979585,4.85742554461975,3.22922637803474
0.0955812115079122,5.36685690464071,4.06091693973068,2.95893343806029,4.57402337086738,1.26549944227422,0.43570937501008,4.30360067298513,3.91600614402581,0.743072366529546,1.8836479060675,5.39470078097563,4.52658397311176,4.54145139889115,1.28555557222968,3.43770005581164,2.34012193736886,4.47543080274261,4.17032809865318,5.29912668975968,1.60993372150448,0.480104981522434,1.61461897997859,0.0729209554390633,5.59593995288061,0.296169525038086,5.36673247175472,0.971449035997368,5.59213930780278,3.284632435588,3.47890363066592,2.78374005086107,5.15428862595296,2.83040426880734,1.46939756434086,4.67912280842939,2.78319173307287,3.15965288929967,0.232332038613396,1.78794314700871,5.96000734760036,0.973127949542285,5.65698435272204,4.89911293281537,2.60689252902337,3.18846241591495,0.0136783045220011,3.27808239982701,4.79169095041862,4.71447159641401,4.77932589575304
7.75092201884139,1.38582442942434,3.10072772817876,1.3273962171862,1.0542310145762,4.13779818557173,0.48003412069651,4.65699385082948,0.762164707036448,3.49665183033825,5.64843134365488,4.97273749625968,4.62200425458378,5.54853649463345,3.09948624615748,1.12605324685475,1.57206207277544,1.79927270290733,3.30985933141805,1.91694395958749,0.402972716493994,2.42396983170736,4.77652089809077,3.79783108322875,0.898853301876507,3.90157744152672,0.105189797623007,0.682034140202417,1.44543595074634,5.47233073073464,2.48763052594509,2.28659034015725,1.05546662298139,1.99937259078513,5.11831137713899,0.796732608368291,4.93289738446196,1.86866832274773,4.63172113640519,1.45320728757371,5.58471308797948,0.769628474115163,5.64169654280339,3.06838632672101,2.37484059533461,1.60353325302499,2.96762711255244,6.1323470161136,0.0145832115178668,2.07191319044942,5.27212241722048
-1.83088573305886,3.68810274172289,5.82645412560117,4.70735821138154,3.82380902803443,4.38772442686001,1.7181794759975,1.720261678021,0.73712330044135,0.404390206578145,1.20299825251737,6.05130092149845,3.48094315936905,5.74564128595917,0.540616727039523,4.06726987653885,0.492489857265077,0.285075434581831,4.0826902122063,1.70674942786726,0.348234238199515,3.93778129342533,5.79490569157369,5.78677924454884,2.95573377289568,1.93646998801067,2.30642468880606,3.34522659166925,3.93142378353523,5.97522473556851,1.43914275951252,3.89957254009453,3.14435482578821,1.68679205804841,0.0624082622746246,0.706556288414034,0.116936036478147,0.728839750643966,2.05480128845859,5.64971218841292,2.63020862270083,3.1599203297425,5.26979759315937,0.671334016510745,0.207414782561094,5.47810226732516,1.02888527274432,0.72278742009439,0.809305976716694,0.891557210079284,1.90775986375304
3.62596662539476,1.7693748076657,5.29141749330356,1.79672847185561,3.5403179381212,3.87441651679375,5.60812555284834,0.463742348135932,1.96578201967158,6.23079511376346,0.139664227267093,3.14272946821126,4.09795514501202,2.69745482967241,1.90221424852733,4.97357923445288,4.15240781446427,3.74275461234124,5.19389197177413,4.73130241625092,5.73477765922836,3.043250254697,3.03545821757881,5.61394645560944,5.44346088800695,0.128409011013588,2.90517898576016,5.89783037413699,4.63518855068835,0.236406620953248,1.98682801120161,4.05285501470771,3.15351815696345,1.10973700845221,1.59990687221167,5.48589256210792,0.993682791196802,5.83812202080441,1.73496592991783,4.85171744893466,0.58264835741421,1.40779660024202,3.11357429501555,2.08781290096475,0.407549675142693,3.65569376515321,2.13261370506378,4.33719214086746,0.677018213966099,3.45537541825572,3.34195790164091
2.56953593415802,0.72542507602049,0.424204178241025,0.363150149472805,4.87852017671299,3.74879237954134,4.185918397606,5.89625686237677,3.9140909618965,3.19306966281957,4.68071294917942,3.89824411977763,4.9116724824396,4.06660226509587,2.58957163455573,5.8847612374807,3.01253628523403,2.08001481906905,0.316176613590773,6.13622686065041,3.40154080535944,5.87100424405814,4.53131200438467,1.06332285148198,3.4951251919362,3.21556517209925,1.14629471536459,1.63231537040714,4.12406375766054,1.34194362963575,4.20553600470094,3.92903840198023,3.71297334239181,4.68689460315012,3.7245325866693,6.06882521131832,3.25954451404966,5.16142781100867,0.0370065960104077,3.1309479964371,0.731369383236174,5.44758775796479,0.406565597946213,5.50094353582996,4.22842287675102,0.0372502128323119,1.84939232604224,4.36264151581608,0.301473480826277,1.06004472563203,1.99482625832642
3.17202277301794,1.10218491184279,5.42687657718098,5.05416972078726,3.64029779731221,4.85264497995862,0.412577490514241,0.343465779185485,5.270442656646,3.22712741974756,5.73775582104076,6.24811106356798,3.5151433825742,5.4703609188555,3.10718524314875,0.841889349213516,4.59168009134638,3.07234621628344,5.86142364475915,4.01227008303955,1.86330053838082,2.36243249430454,4.54079289265029,2.84787980249347,3.56558702304573,1.33099141443774,3.84898208994207,2.66658088280289,5.77385833367818,3.70754874413837,0.196676764902414,5.67433284513924,4.20470664864636,0.507592531974957,1.1425817883177,1.11964196009606,6.22460783487274,5.97068016885192,3.07481506024071,0.285514002792814,4.98839798017026,0.284448369376333,4.63897417306043,0.611197420242985,4.98464904924653,0.20983736758577,3.75860804783189,4.81937654779488,3.37534085688356,3.2095236378851,4.53336967034615
3.49697448470447,1.79348548968667,5.98738563416446,5.4787186707837,1.89777539665991,5.7115011740579,0.652490919208679,3.88266659356257,2.70515319760891,0.633399514969347,1.26772745626852,4.96389469336144,3.85562719050861,3.03838727215711,4.08710147490167,4.88359418957457,3.9081885116929,5.12522983418907,1.20507933687146,2.10867460577849,1.83453112205344,0.517960713702771,4.51632575893597,3.81211533427086,5.77605493296964,4.39333687988692,4.8507670671303,6.27273507330254,2.01466815416959,3.72244569453044,1.63467170572368,4.20786545597193,4.70345076304349,2.09762914857087,2.75356443525128,0.0176266428832849,4.91961147845636,1.02964779392353,1.72944495315841,0.041486277921426,4.60118994685289,2.9418811426666,0.13688103147296,5.21102176086432,2.8711340088845,3.65054591881618,3.85248691396634,2.01791107343306,0.514801515778068,2.92816143024836,1.14009250008028
1.48963611883817,0.0926171782886609,1.59380677446097,4.32725765290759,2.42709399274407,4.0259556012106,0.852491406191745,3.08354236283075,1.30450094798634,3.69876882477378,6.19063264650406,2.4832336890849,5.88478955957472,2.71911328502259,4.53380658692262,1.73432342507492,2.57561771480468,4.59928650171533,5.94585036165365,1.79024970800052,1.46264778174533,6.08351646811384,5.8983343655074,0.695618757987704,0.760706822858292,3.80142719626701,3.42033668844341,3.29367273535278,6.13874034994161,3.29203115694016,5.05710112334909,4.57879887529488,1.60169462832461,2.43734534144532,5.78491728484217,0.047493186327558,5.03456170750909,4.15598405522334,2.34947504705485,2.88315833383733,5.63225507871708,1.97626961501345,1.76473337968017,6.15794946495836,4.18463246335596,3.08252592881219,4.86797686467316,6.08205711955469,5.38363849435842,0.673582525987333,3.186334006161
-0.354266229184005,5.76706924978844,5.63126650743626,1.58048671224406,5.53948371325162,2.59990387531218,3.13854395571929,5.28668689460942,5.36121225132395,1.73401629127585,3.58394571745047,2.07377272171207,4.76913985756652,4.47415563995839,1.44777664600569,4.65752813338163,6.09495431944912,2.61235901208433,0.356399592993603,1.37719586649006,2.10963770180388,0.084639700211821,2.3930834939217,5.65192900523224,4.02024388772909,3.77496906615683,0.957311215740407,1.44917466172437,6.10270196139236,1.4102811676428,2.24237285855023,5.91338544455954,3.12979199857086,1.14264193326869,3.08955964771481,0.604641256318156,6.22172735795217,2.6574969032301,3.4244510036383,4.63438739530558,2.20137924316161,5.4873824344528,1.45424938263829,0.0609998100983667,3.43531455137152,3.54430443962641,4.14428879760035,4.43078242300409,4.15010457283359,5.5526272041822,5.59192454703999
3.70241657373604,1.90749619178718,5.23706676876058,2.90603883487918,0.728137978600915,3.74628085202328,0.761077577501711,5.81927363651641,2.22719542580067,5.13891016046386,1.95206708368088,3.06902272534385,5.27408065010303,2.94682066654331,4.11705592070457,1.86050566557458,4.03640242941435,4.96639117476705,6.27151838335395,1.59108545571284,1.35467575677995,4.9294181717445,1.18996273371854,3.39560599248209,0.925799732097772,0.0427642553600303,4.44918326407869,1.34326374350379,5.53331464183932,2.57888257345058,5.81888589300533,5.04342034942137,0.704967862203993,0.61844176423899,2.33352451476544,0.809341075047252,0.138919833105803,2.93000659419256,1.91018964779758,3.24644077645496,1.87689601248117,1.3441026904493,1.50247393291581,5.97456275197138,0.538846657606169,0.723383357328997,0.939978563800168,0.93052458006094,4.76804435575161,1.45958840603576,2.37046412668284
-0.785158557251311,4.49396203809437,4.59186873316978,2.08982369064221,2.06540908592736,3.43270242629174,5.68053785313416,0.174036587653871,1.78876922173804,0.35805519201309,1.421089714045,3.91506358590734,3.86272044725122,3.17125503511276,3.9168395874735,4.69560624081337,1.77973906877306,1.79420509616403,5.34416083660695,4.55108727601268,5.80935423270485,2.89122298135084,1.39744661867803,4.560026991382,0.55045196771106,3.03723869713721,3.22652414890462,0.0140805265333052,5.72081157092473,1.38919882991309,4.93389775417709,0.60843955780123,3.97755213312615,3.15315237916733,1.75423897445464,2.87142519980234,1.10395731755631,5.12289360229278,5.75714769695023,6.25278700471684,0.128170795285232,5.25599393557591,4.61781520621881,0.551090288608259,3.61262469471927,4.7555011439965,5.62951268663402,3.30183746840668,5.15666007175034,0.358699793217603,1.15421364745989
-2.19029797285407,3.3646837254284,0.287373228305591,1.87712744758423,1.69313919877516,4.67935155907777,5.95176071454071,0.779339968009293,1.69960806891528,3.87531935522345,2.19074403207095,1.00297705500305,4.27911378987674,3.08860604163901,3.30533890723852,3.81544390299911,3.58629176113832,3.44200543249643,1.06254246514719,0.145295108673049,3.3665385914453,4.02299420151356,1.60976146143773,0.947046598372178,5.45064556250034,3.8111372389464,0.9897457392485,1.66688345021499,5.71546880538281,4.68506214611235,2.06800764244195,6.22924405048116,6.17549427513013,3.15723894719501,5.68290063699359,4.92438908217131,1.47338149111026,3.16854830897247,0.357545133921409,0.0756977217082384,3.41095537369685,1.4283112877211,6.09775946779195,1.39277232916368,5.73263697266589,4.09285421153196,4.47408758354642,3.29573593553335,5.43920294497796,3.11281450364148,3.60626152772497
2.38262097261815,0.734887903099506,0.527776392233753,0.242177095465245,4.54198984344524,3.61777221189974,0.949393948445873,0.148820081468029,0.000239737163157985,0.024385302465728,6.11747328954604,1.26460481374078,2.3529216410879,1.4654231801861,0.544399288986982,1.45433127386653,4.75126700118174,0.324314990712562,4.38358957229529,5.98873300512216,4.1986191612495,1.67353471405539,3.49050929187115,2.52187472300478,3.31200054755686,5.67164509304643,5.05817862103119,2.14082340529361,0.332274056502456,0.803675013387326,5.49853555072772,5.61897194347833,5.64292158016254,0.407272172749319,2.09685739930441,1.85640130261139,4.38321602786709,5.86782730240005,5.30397121466216,0.719196061539891,3.12834979541159,3.0823807078603,4.66169284903019,5.96179012686599,2.19765685103475,0.00845503890630818,0.894390935063875,2.3803739015676,5.27910918230443,2.78654790413943,4.90431622667345
-2.07493528009065,3.86923765659344,2.02328372053966,5.41165872693072,5.07227201978067,1.60672506524535,3.06687221967523,3.85707826041435,5.82437344354955,2.46750410716468,1.11280037353938,3.22286224990326,5.68592122050444,1.39007476966807,3.83815991645796,2.87228427211187,2.96708349950878,4.23544095120771,4.92426810616074,0.31937766852756,3.14105691104539,3.06326337047217,2.34871459590472,0.370880215918243,0.354786996451055,0.166413059680473,3.27320912419552,6.04989216796106,4.40232666216458,1.27436926234355,2.05686262049277,1.8087178052709,5.38474516408994,4.95179835334033,2.18445934185409,3.94910046260558,5.89485468319323,3.7115778575214,1.54866349977667,1.74587360950075,0.978778429661748,5.84155193171968,0.463713875361355,3.303511963939,0.680979070517387,2.7475646117574,5.50093235182125,0.309274460762689,0.30223523836225,1.81469813684428,1.24082508182521
8.339846097571,2.03607343545405,3.27420863078898,4.9580014317463,2.34999703963222,3.38363286381036,0.803024241594355,4.34822990020016,5.55932991446271,1.72028869958084,3.62193515888033,5.58047890859177,4.85717938524623,2.74335998624073,1.37425607701888,1.89283601614917,5.61957231774347,4.29359813007622,0.468812877789559,3.62216107585639,0.548526164796496,2.97068762641227,5.98780485674677,3.35553188547468,2.41472630775177,1.54690676484161,4.36219066787074,4.85060613590115,1.90693082954043,0.472618113504329,0.229884880953742,4.44297932986565,2.47700923159412,4.13474501263482,5.54679843969934,4.80764397405752,2.74156640625092,6.26720819366868,5.74203956116716,4.09700135314562,0.0570504359910827,3.94704683137217,0.0204662005222583,3.75936483876098,2.38572755414586,0.55505009185853,2.87131186607583,2.37263368832236,4.98008501255322,5.26762452636813,2.12209183647715
0.0498460741843142,4.74752201574806,1.41172371897656,2.35054656286493,3.9453927874346,3.87827243823122,2.37771681662649,1.43323595273888,2.26598698960215,0.385675673442722,2.8233609838834,4.55701355276304,2.91196325811233,4.44019028678795,5.48076517760606,0.755716232900188,2.70333094296183,1.39858903481282,2.07065559731133,5.7410995777845,0.713182723608801,0.21553806529414,0.618973049272002,1.52410891720832,2.7513985104261,0.268863250616437,4.94988648910922,1.25954786142985,4.34201965788435,4.05859720662448,3.73600272899534,1.64824937903684,0.381944203909181,1.6520964234874,5.11798087176069,4.33811158341736,5.91521563407428,0.779930294953066,2.10266328521144,0.531275842959922,6.21290139762978,0.102898192042722,2.14301977344401,2.15160908189747,5.68467776208084,1.60794368185706,1.0128112687061,4.09475905375628,1.99680392168689,5.22101065913631,1.84919597171472
9.33921054628386,2.94206918761942,2.97015351941029,4.22854638068403,4.21316554673056,3.67014921710938,0.468883010082279,3.46060581559705,0.807315015430879,2.06896627510428,2.99341160546007,4.91524884169503,1.48453319713215,5.02593088144054,5.10297920715543,5.40743373613147,3.69584163249018,4.91819212900333,0.791988533272807,2.67063004108944,2.98222108383278,3.29979703415726,5.18465666795523,4.96213571431005,2.45623061321269,1.580077057146,2.89262865983442,2.61155530098368,0.216308534507276,1.9325510235815,5.95084887477607,5.91751583429828,1.92692219026085,2.66237965710783,0.600222838490461,4.23039297975086,3.37823861379248,4.99023067420075,3.07651687869399,2.00331681980953,3.77681688529735,0.612264051369595,4.40378692358461,1.59213795943956,2.33040972957071,0.176454953622806,1.62956043380154,6.07605648999296,4.66410278566515,2.43122204620263,1.52723373802108
7.44157999017173,0.336266156595163,2.25481750034809,1.23381570002775,1.45413961843189,2.76955074027648,2.29095886955261,1.2712485611081,2.62612062686511,4.10428282015081,2.36977541703532,1.04626551779843,4.22831112297603,1.47439318527424,6.06589001540991,3.98947238901265,5.65476519962254,4.61559119330546,3.59288292391527,4.24012482429839,1.84871142984018,0.623562110641971,6.11778029607124,4.2150187172254,3.10576224810387,1.93629545164338,3.63114910848403,2.16244462791574,1.20447857347011,3.31661629986719,2.39965950233028,0.739338326648939,4.33847665608696,4.03909143522795,1.89883561289074,3.67204275536571,0.601145844708804,6.18015517894405,3.10048817241745,3.32566885742255,5.31559746058768,4.52657105261929,6.22039614492466,2.70825747320016,0.464033746788141,2.10822051893253,2.10480641192127,1.00805151112881,2.26917008429367,1.53575934955845,3.86949771515164
6.0111485097152,5.95050681819661,5.3901671100729,3.60951471667334,1.45521418003741,3.89907883742697,6.11862057866095,1.73221878042517,5.14623739632407,2.99412355795003,4.39462679327413,6.1852739205259,1.66195130968582,0.757961351332668,0.582212862794112,0.46386149403598,1.55861604892315,4.00989228525187,2.42918675118443,1.85724220694129,2.39561649707717,1.37138682945749,2.51769561077941,0.320687394214321,4.19794717421854,0.0113667769233126,0.27564501845286,2.25906491914441,2.27098025816325,4.66807742290474,0.780285087697322,5.67045017863345,1.33339862419341,0.404035495757302,3.91703567847576,1.10844451301459,1.75158020715773,2.80169270211249,1.7831403811028,5.02746174767583,5.29651430720632,0.673205205767574,2.13171117969855,6.0256478849465,3.19868393132781,1.36458935719549,4.86214055884759,2.69518045873002,6.20398927435836,5.84811803324702,1.47736233258543
-0.820506189634899,3.60983313834831,2.81918437471086,5.99729194047046,3.73945743929789,2.37715596016742,5.70041475806989,1.62195104493138,5.46172403923194,0.456708194746638,2.86318172079407,0.21290526186731,3.52841076949983,5.14048838574613,6.25060377795954,4.11435222426762,3.85920238381833,3.1992030039207,1.87884546785524,0.739988050992566,2.98195330253004,4.3416311478042,4.01609086079599,5.38349126335709,1.59182655684553,3.22541522042759,3.1971699427784,3.17082191334579,4.08111567347759,3.02358905849497,5.52375725612442,4.35376039031584,2.4167280639101,1.41728327288573,0.852096181317614,1.22461787763296,5.91018139502944,3.36108741928496,2.76962544857695,3.64936868376819,1.85102009304527,2.75081687906739,3.4408035633709,4.6947216683788,4.47818456169915,3.38775946898003,2.77462321268531,4.95724035446723,2.2807264583259,4.96063927200007,2.048691813403
7.15218262980225,5.59610827769773,1.74298437994131,2.5678235988799,4.01410174132404,4.75130871775369,4.18816146502733,0.862137228230379,0.0759140243866846,0.868935110109445,0.744282998534371,0.0235804971023542,5.03939456125113,5.86452921649582,3.10811237040733,3.41965820313035,0.700032079008811,0.71930233522376,2.38795783566318,0.269473411803528,0.449803399888502,4.20626294771246,5.38538975212819,2.63276420599685,4.99527495471528,1.6893968934074,1.69067117551494,5.05621684642397,1.10587112161679,0.0761646529749427,2.89310788692758,5.45583851499051,4.46184508045417,1.04192101683252,5.17829862410004,1.11118260265558,1.93990104731663,0.0503075583688787,2.98902940948402,5.04676195567554,0.251906750024411,0.985525137203484,4.92963117554268,0.213897954188358,4.64250208485783,3.31094840955966,4.33704792494029,3.65732964842575,2.97649958781808,2.74163762841761,6.08375082759014
3.99815421434253,3.33540217366567,0.17713193213025,2.40900218287328,0.344713801913498,0.475173734836216,5.33551069124224,4.10949179890854,4.33365705053105,1.66514664753875,1.97852752227578,3.78818596631663,0.693617393891428,1.33434879094881,2.86971828454247,1.25948251873092,1.57508203308319,4.94664331090926,0.488721552917218,3.92348819172884,5.13814482901901,2.47352201086309,5.90850220791885,3.20568127184656,4.79209612167278,5.43527749689587,5.12673939594838,0.956766875626456,3.35446516218423,1.92940139460395,2.6872394351088,4.04058561294074,3.57848603549566,4.20342992639146,1.03581775040126,3.60463114063566,5.67286941064989,2.74605874532916,1.31940853232992,5.3555528795884,5.35941446544467,3.20528474497534,1.47887207282074,4.4405173572346,0.64924172987833,2.33409771386434,2.62707808041546,2.73877204400309,5.33503183573027,2.96245139616308,2.3568309868307
2.76178077959027,1.84565012893042,1.29552407742365,2.67639736740173,4.26606065315548,0.137483566468104,1.43497088287997,6.03303276124196,2.06651772913537,5.88872688947746,5.64848180262527,2.27114390164252,6.01611041978708,1.19310244850027,4.03483375698714,1.36725005261842,4.98623199243961,1.67737122403286,4.69032473496602,4.11414018453246,3.94040008355987,1.67558133352245,3.14032991975757,1.66020988272554,5.36776661147079,1.15408319466601,4.64354347918465,0.282570700855331,3.02784869997185,5.43706363648432,4.17064144692826,5.63147020853838,1.21688876647303,4.1724247294377,5.1841347763192,5.90438373511078,4.7873698005511,0.683693004455058,4.09786865290642,0.131961552499771,0.908163994252788,2.3960541465756,1.9765466214776,4.36559247466679,1.51240004128092,2.44356764259485,6.02967453184965,0.497527415671034,1.94695148005831,4.77368073334079,3.19203683095226
3.52393750217144,2.70809005539225,0.5715432497219,3.22713566329094,3.58399212121194,5.3652749298994,3.10995957073349,4.7945682718249,5.14819659473255,5.15096661256062,6.05489894803355,3.06839160639236,1.27760521080236,4.6630420018221,1.08930049053778,4.01266276389914,3.91453384132706,3.0525819867611,1.98857769633444,5.0481887762512,2.53013252690689,2.37329955889283,3.93719805431965,1.41477276794741,2.0601351287373,6.24755812588448,5.32916724145781,0.150149737950701,2.36484478770053,2.85493197025599,2.08005697159059,5.01012024215538,2.60947571173187,2.24210365090237,5.05096149170021,3.94366910713354,0.0190117190915543,4.78160630123251,5.26538190952556,1.71091278739075,1.36148807619754,2.78804584740335,4.86617234351904,0.262592753630783,0.354839940919262,2.59995306885843,6.06734669853232,1.51482505036086,2.98564461057356,4.65744774310734,1.9789529681116
6.78702798682822,5.76998362105799,3.36923254338493,3.18384604040153,1.38713243325652,4.10657274922697,2.81246486427914,2.61926639338163,1.92123312128829,3.24441939525061,2.67594251691252,0.928268084514558,0.742527248143177,3.88565290968033,3.64429258917419,1.02383430230541,4.27081505060093,0.0669768749756816,4.70903284589107,6.25566668873581,2.78808252568544,4.64828793756467,1.17429011197665,3.41345285573843,3.01086710009434,2.17233307491782,3.11285895587023,2.123649336599,1.90963106763905,2.73154228676325,1.42733815315185,1.09558595756414,6.20378341837792,1.53262364463518,5.80475851798346,0.480577708870568,3.33859375620789,0.10045708062349,2.62289540159582,0.405797029063663,6.26277378322054,3.45424447286159,1.61620849898843,0.0756034176200946,5.15871125405888,4.30733988428115,3.46316390048298,0.876891901061726,2.26032118395289,5.34167179852852,1.64675386567985
2.33733160014263,0.507983278856847,0.151703163845696,5.29673659029387,3.50439467537311,0.159676196114493,4.86013512637614,3.48856555796969,3.54581497568916,3.81018970544355,0.909822605420601,6.21135263698054,5.96440837572085,1.28603457988513,4.84883731141108,4.26288634474994,3.18297179909444,2.45231800369966,1.57763779485522,6.1427795984211,1.03294825560672,1.14717955990191,5.39229121738478,3.68323804903177,1.70732440733746,2.83619859619862,5.41110860097577,2.8200525917213,1.90697911315164,4.36301639296265,1.44819707549541,0.224362682657732,5.6285959373163,3.32760385038849,0.367837368257138,0.290502843100895,4.78326641335427,1.05227638486088,4.25793134173703,5.23698622634281,4.92521223837907,2.06765443550089,3.08497344634969,6.23900843032677,2.32186220937218,5.06116758356776,4.1527142972648,2.83693389832405,2.88217963140187,6.17538286075213,5.6331662206698
8.03365160756211,1.70769435298718,3.04757816324605,4.32666349311845,2.74197157019049,3.00129308538963,5.6890472145775,4.66295214061616,4.58411990479997,1.26067581223067,1.47543627658604,3.19707943057392,3.62872238778994,3.42870154722764,5.02415280838237,2.6522544104821,5.75012357917896,3.19705440004558,4.81436879488187,1.48194269105575,4.51124606702641,4.74630711494828,5.1928446453145,3.41557876975414,4.42452984237615,0.938803534832638,4.38743772417483,2.36128476338837,2.14456066798274,3.45235280275165,6.24850766943678,4.97201390333055,6.28262233241514,1.12410711961931,6.08543081784277,4.9693739125872,5.32726321554177,4.35856662626343,4.4988510313177,3.70224823498518,4.46992160393665,2.00614262309272,3.58418151936399,4.61148015943583,1.42746736685412,0.611340538981598,2.70142242881313,2.7805314150828,3.43902248694192,1.07469439312948,3.7338418161275
8.84367894312074,2.2368011375514,1.78272204797469,2.22417627009786,5.44843169199803,4.60506802857341,6.12414846917121,2.47729474931565,5.10300710792903,1.88848769696708,3.31248652162821,1.15800081467347,4.55998402986676,5.48401818368968,3.22544930056716,4.4446817203199,5.21911694240398,5.26177642210826,2.19911447188765,0.210024334367973,1.62985794452549,5.32072857114189,1.33338575197723,2.06372948188511,4.91682296788085,0.493975615884316,5.61260706048112,4.43454016069466,2.75630563944486,1.2866611169772,3.03993193517281,5.0226499248441,4.93676924585482,5.09214189539504,3.86754921213723,4.21131140339519,0.32330060185348,5.74735157324521,5.52251437262762,0.00380174958098706,2.74887267556922,4.79465869040262,3.39618420939,5.92414263229673,1.85766790732484,3.45481679274673,4.67017516989575,4.35462005803302,5.17758819597071,5.2818134141694,0.327303177902552
3.55287266956324,3.44323208491715,2.53090593804828,0.939773124751378,5.35672892089525,0.805459542302976,4.22793979633164,0.193689467166616,2.41775799188501,3.38918964256393,1.64196854946079,0.89229888028711,2.08782437170541,3.26178967490676,3.13429059454972,2.26817989502546,3.04735963985796,0.611966629883654,0.25200837748046,6.00281680859196,0.616895731931968,1.94179988572516,0.239180420424558,4.56069726533588,4.06187317028152,1.37892681603106,0.0467451670552671,1.24038657359387,4.7513468794347,3.24348798164206,3.31588432588039,3.55238710590191,5.37444134783178,5.021297560947,0.759894157236078,4.52654413492663,5.5511212997181,6.26984197139895,0.508928825716955,5.46466512484853,3.20246455637174,3.8422682483179,3.18008704752724,4.4822002528088,4.00455581464645,2.38933525056947,0.876342777205656,3.84888988367845,1.62932420325302,5.48111370028343,0.654305367724886
-0.032875620059862,4.23539830129402,2.07771861114849,5.30379148932445,4.80887856573465,6.00494912872594,2.17610234918037,1.44385387506368,4.0795513166587,6.17814810361559,0.561934571173299,2.09888758288685,0.945189382908842,3.2217692760108,5.3931084794956,4.16806832178155,4.72075274929495,2.91099571335307,2.11820453837273,4.86839271376637,1.95567255354317,4.21153430822292,4.32665229594347,0.920773771706348,2.87008342011755,0.747247482062723,1.61460064230046,6.0750933398396,4.4033921127163,2.09510426461074,5.59454455285946,5.36679191450504,4.95428209272947,3.72415148334339,2.78466789641242,5.46842149763653,6.11115957796033,6.1149730030905,3.43625150943959,2.01643146199559,3.38072312413945,5.37007664543012,2.58719315212239,4.52478815632021,0.387646180207952,1.96843815371594,4.80496813450663,3.187250357565,0.921809304120429,6.1214961986935,5.99308579205606
6.97727998367882,5.16971486156902,1.93801311935114,3.19058164000629,2.95431149468065,1.36465318284837,3.97785978772406,5.85365748373594,2.34069970954968,4.70375154485226,0.798830759124692,0.974466731707936,2.09279504403387,3.51009915472472,5.56113655099637,0.846232432611801,0.214740347768861,3.51712253079652,0.484568230474668,0.643470203528234,5.04908533437359,2.76720031807481,2.51538872940854,0.898555672656198,2.15041068720238,3.39740381932308,4.22689506947743,1.69068859301759,2.78283059711582,3.68760821396954,3.38802475015577,3.40468143446496,2.88306111854221,3.50475717623273,5.89200625003027,2.04808795007824,1.44788152845446,3.05885906687811,0.0285624426775273,2.88496419941317,3.93071224212525,1.29909295677894,6.15141206149498,4.99361178655765,4.47366040415268,6.07251195505742,5.43161555400696,4.74810647785325,6.16015263421492,1.51920797925887,1.54518790778145
1.29863370490539,5.95661675992306,0.876505224017933,2.02221624823515,5.29560189982946,5.44884034792305,0.845745019029069,3.3728178878832,0.662072481107763,6.18863377083143,2.75158622622236,1.33705564582589,1.71215139477801,2.06911376504211,0.920912889364014,2.96912137218864,2.13380269319563,3.9559636403702,3.34328456499319,2.17628620872457,1.93567811484311,4.26895054834265,5.8959268456131,1.26632940836564,5.17640267056596,3.79405067030795,2.77691661911775,5.84342650763186,1.05120795873379,3.64855426557011,3.63787802109025,1.75049248660409,5.3411702253617,0.469595689642529,2.89143724472149,5.59497493165503,4.526393409014,1.57908100450212,4.17987888368172,4.28550970136641,5.09781244382471,5.68099190340717,0.25419561117038,5.3569745887283,3.02088836835467,6.08966203921012,3.07163015884535,4.35160923511159,1.14211216381881,3.30655472821377,3.49464549963509
6.15785177840441,5.31138384251358,4.33962753959159,1.20166889885874,2.52708503155505,5.65792075341831,1.82396993608051,4.83790914366046,2.6670448692155,1.72701118119919,4.51500487996177,1.99757693930332,1.59067935257987,1.80357643234636,2.75065155615817,4.63870217270195,0.118258369592914,5.3396572330595,4.29155038269932,3.02527520324396,0.739495343109305,4.42250777213738,3.45110921998001,4.36207907355382,1.01599400790853,1.566919501721,3.19132011812686,1.63522851575133,2.24555321612203,3.55073423815047,5.38327070504995,2.95219714356944,3.26470011238959,1.30835177846889,5.12966398423779,1.79318173669128,4.72409221822581,0.732054873001003,6.14612581871889,6.23083303698882,3.04051945916555,4.65293090746586,4.38914115476384,3.098645084354,4.18332574396585,5.88331730222643,4.571702837545,5.10258561050912,2.61412465911633,4.19273344390289,3.06239421573125
-0.153229023163195,6.11214864370746,5.71932093932537,5.51470310252543,1.81215187965102,3.07309328173315,2.97837965991349,1.43084858600404,2.3465237853801,0.201484103890237,2.37297816164249,5.52506335670018,1.29196673317741,3.04543222773351,0.345287532051662,6.1405931430036,3.36612583203507,0.362610391218278,0.315584082029456,1.04510446993898,2.7938838268072,4.5478938604341,5.66756682707886,4.63229171980657,2.1316760491838,4.48349785383052,4.39443624087971,1.80283178217441,0.173889921338916,4.0287093484638,0.929806048828373,2.06017917866359,3.96032892940201,2.32971594067162,0.496688832992128,2.1089791692305,0.621595095862195,0.0530947333001878,6.23244975896035,1.5275897742457,2.66288020184324,0.376718413296883,2.12794951992461,0.463223048790744,5.77966996739034,4.70983853631989,5.58622577892056,5.35294000403165,1.34552637013985,0.554615246774059,2.03611043557811
5.34289146999356,5.34888714309944,0.0323450251058398,1.26477824121616,0.125264857738412,2.16886588592406,2.39105811748808,1.34280448085366,5.95187208503117,4.19159429007542,4.46242390008433,5.97183134494017,4.75021188468333,3.39577669161525,1.52878562346333,2.64642477117422,3.66218169126424,3.2154467869166,4.30713269119358,5.22288258862969,5.11017233146364,5.40638831731701,4.75513733236228,0.672357651012088,5.53708760411835,4.76270064662754,5.32224994011302,4.22115619253303,0.290602912549189,5.33179102599468,3.41107436452759,1.71600098909478,4.10042886048649,4.07101312695169,4.47129108982695,2.05898743293116,2.74272334769932,2.35222090332793,3.98596771566894,5.85567973245072,0.357825954212987,5.84664409354295,0.579631564324098,6.2733387259671,1.87054580401522,1.36627613392508,1.42595593255967,2.2775232177895,4.38880249215432,3.16107371337413,0.631570779595179
2.79705722707483,2.73460115191441,2.68919784646735,6.18799135376361,3.14973123113136,0.646355034093007,5.08120082178112,5.23495146382678,4.94613309189659,3.05668735182317,5.9562356931701,4.88495292886866,0.786268396308999,4.52175945800277,4.49390366473717,5.96227514565183,5.36309868418717,5.28774205353246,2.23574826516933,1.96932980667401,5.67376816753815,1.58313049340816,2.01990924836792,1.4067413535439,0.457803503456356,3.33448040507602,1.86753640012432,6.15686315319483,4.290944815075,1.80061417537933,5.37036276879974,3.90173839323672,4.13762775707842,4.93836328967028,0.190858059444262,6.07231603229074,5.22248502308663,2.11970666704527,3.98926204479955,3.49988570730506,3.07807206009068,3.85233294622725,6.20721150796018,1.92329903664482,3.93264078362246,1.45813284643443,0.590479008255107,0.0514369457552538,4.26022442193874,4.17519210962448,1.94634854861237
-1.58790767973387,3.30843124395533,4.51843696477331,0.552197765870561,1.03272255806837,4.65479661809449,1.16618041682673,1.19189130447411,4.93491434765372,1.17071650447013,2.29777934912725,5.76527407814376,5.94810091043804,1.92600812832365,0.618874451519295,3.68161829004231,5.87719038040983,5.4235528770441,2.14665128324812,2.05752286760614,4.62913555158521,0.394588373103866,1.55463224211303,2.30866586028556,3.92277509523694,5.91950748608143,4.21376284155314,0.876335174420399,5.62139017193296,2.36398463575746,3.29795333459406,3.10578730496473,5.85277962316952,5.87685806101311,5.77552100883242,3.99287688026338,2.53689752677629,5.88295546406871,1.27830520101119,1.47476960287355,5.42960420842063,4.2870972337335,0.511275123952551,3.60222001025954,4.94064491229759,6.16015653435452,4.12365383484847,4.06389484992116,2.39914530710627,0.812523473389774,4.30230746071765
9.08450929302374,2.07602105124974,1.46505599506279,0.572292986460016,4.98770894136617,2.86180562690281,1.00025670324377,0.739567836551805,6.16866321134319,1.07223875200789,5.16355189198803,1.02163432659902,5.2033764076161,4.22049473704932,2.71153746865943,5.63132862440083,0.920556351358489,0.830950723061545,0.660028309102651,1.42119745210986,3.52584574306761,0.0925447492145564,1.77773139072236,2.86848471251925,4.05876354479885,0.415961781792129,5.34748747428333,6.2228340525533,2.41648517269556,0.0294647939555086,3.03051571373797,2.40041690622205,4.76008192378722,2.05309768670816,3.18338218857738,4.77644488340445,0.641287823800502,1.39858272232131,4.77197765092629,3.88806429753003,5.7619722837422,1.47299825046104,5.30891750746082,1.36027358501483,0.295296382382475,2.02510873863899,3.95760379682644,3.04449131832371,1.56167002353916,4.0601215935956,4.40345249612294
-0.0369210551035928,5.80724572009969,4.87080073397865,4.92577861442804,4.71585551106532,2.3440258893327,2.24085340746471,4.27558475602117,1.97917431785742,3.94474798727323,2.0568910654719,3.82211854865918,3.3765540226625,1.31018710867776,2.69428723752377,5.90025616880393,4.76586365545383,0.399672219700769,0.944492400459583,0.260595950913077,3.08057656999071,1.56698998803989,1.53304948984763,1.24519367558896,2.73617965222528,0.349323189067261,6.17149865671944,3.34723810549116,3.86426250480983,0.0937640270652301,4.56354907491377,3.43188207449794,1.3260867709168,3.26188534974915,5.12281187637428,4.05330685304859,6.01986259838896,1.10730422688852,0.714364018254464,0.502771941875173,3.92132259167148,5.80870951300397,1.22382046293172,0.000116916412895031,4.67323525219475,5.67853293122111,4.5244899199889,0.521248505052478,2.16768447570787,5.58894233001868,3.33293345698228
5.70780386465711,5.54975702035324,5.24529405033988,2.07303419677812,3.29798491314372,2.56988817859221,2.55893703425024,1.47965386063106,4.41317233157595,3.59717787584583,5.77704616237261,5.74075581397965,0.431847616529481,2.48020403694487,5.21081512807438,1.75998189197877,4.21694559538476,6.0276687029274,1.95347903369426,4.73516115819444,4.44909099052084,0.492893770409681,5.3258148944591,2.32726675687042,0.308595739919813,2.01812464191761,5.77602592622997,3.48344228719347,1.01852129398014,4.70240371014953,5.40667765032889,4.69936128527175,4.37560546866247,0.814596232277073,5.74503945170178,6.05037807912693,1.33670712022269,3.32054202297789,4.37307176330633,0.799270803420017,5.51036036730165,4.26164470912226,3.661518566591,0.661019222515315,5.9497759194546,2.55713146418385,1.12604761608306,6.01438658587963,2.46698109785924,0.609318385356497,5.85381108720843
8.53253179102628,1.28013545782016,1.38385027560434,2.58684029335584,2.95407193891934,4.18431536415894,5.89694510974217,5.09520837942355,4.73871348609459,5.70960930352818,0.125222639385562,5.58335554388947,3.8611074644983,1.50543252381014,2.1907986471916,5.96641779903283,0.526374404692487,5.24714314075621,2.98141547386446,1.60188442292746,6.03073655039556,4.63135859604679,0.955254870793957,3.79397101441854,1.25929218723714,5.5011955951521,0.268381655058906,1.58757975540064,3.01857221500902,0.747685358313455,1.17404071809125,0.943522030805506,3.45222049351473,1.76567992132457,0.698183259232332,2.98231445896795,6.14841319207717,1.77303225793318,6.08508067278925,2.03916036815147,4.43096353665106,3.11840371528886,3.05090743124914,1.29085920471298,2.24880948890172,1.67664332427292,1.66880293039761,1.82560023978349,0.360989536503173,0.783687024693081,6.15824994394309
6.66523673398269,5.98494953616549,3.83917624953517,4.6536821992859,6.03897595517699,3.50722381557244,3.50409729631179,6.0354051667136,2.77127376665316,2.54357143366273,3.573293788132,5.54112367221392,5.47822290393873,5.48735775648772,4.42277603181433,4.34000327108232,4.01086939310662,4.86830818343391,2.67853113143585,5.90914252569922,5.07261846804021,5.42236225190693,2.28518347524711,4.92686092803647,2.1806924185009,1.06915608956834,3.74983629155018,2.88648677675462,2.18636444886658,0.631626234430809,5.37345680396443,2.60366999844918,2.2432042685418,3.76748279793514,6.06621667916534,2.8801634113725,1.40362153883681,1.13366372706179,2.94245364980525,5.20819655737754,0.411525930369683,4.72301829298965,3.95884725817589,0.554980591546421,0.936538092079282,1.36390145068999,1.64786739649716,3.11577736479368,0.112772675491736,4.21813496094946,1.01075149175384
6.78919855775808,0.232282951860164,4.34091747053382,0.425103141400735,5.50724201990139,0.183254427156743,2.95000262454749,4.8159331063503,0.225328490933238,2.99013243069785,6.01082113999306,3.82540656676118,5.81240537950022,0.570399533052939,5.63313879388165,5.25984792596151,5.29861851298065,5.81314853749573,0.676790357160663,5.03387653812332,4.4920664166427,1.50137293930643,4.84010626375076,0.678005193592048,2.75030412189185,3.3496889189831,6.02125288551142,0.0083046875007115,4.8822971590909,1.44353508765919,4.70547530122506,4.94524518547172,0.554836805717164,5.09982474177071,4.28158459707006,0.191781170992706,2.06232656539086,1.7065608299314,1.59060855319651,5.08365038155226,1.52807307702863,2.64572719916897,4.54999286992342,2.01218176836165,0.81754988874872,3.79673541902994,5.04260710155776,5.21838260580448,2.84051703527894,2.73564316359266,6.12707591892839
6.87838348612094,5.47537581080873,0.993531878030663,4.0428658399442,5.75896466607428,3.98148147842201,1.32260715004519,0.337900613522569,5.05169283809515,4.5934337000255,2.49647499803285,0.216072548266073,2.59364976593485,0.175253223474493,4.27546955268534,6.04565749556996,2.47706696565612,1.3423852377905,2.60668893471428,0.629096079576847,4.33368208544814,3.21955754136888,0.148757158435603,2.67054385912247,1.64891612589524,5.07891527121876,2.10240684737548,5.40324440834915,4.10794721781625,0.756942006107134,4.13061568204877,5.37388701013568,4.07525680506649,3.88155755975543,5.25971548798779,2.26454674675311,1.04902266779908,0.0616122285680541,4.50869924222093,1.06286519950466,1.83179627423891,2.62472163830591,1.33080163300116,1.62322672851444,1.29292091125419,1.14647879142066,5.95011388132635,3.89387086808271,2.68447225973055,0.987226311972813,4.63557653411798
0.0657846579739523,4.6305861884672,3.41840947966457,5.55650838728906,5.74596368677131,3.11442018350735,1.89094668378232,2.53103363616742,0.469182462098515,0.697707632380564,3.25706353811277,5.98594259567898,1.70931088039061,1.2801787031415,2.0780910159635,1.02790176462297,1.84735098185777,6.19064320584675,1.0522057054368,5.39148624232291,4.25887673499074,1.66213796925523,6.04807336726357,2.49365127648209,5.41471857223699,2.70350533596314,3.29401416141454,5.3892991066485,1.03190765125565,3.16405673500038,3.58406632480568,3.33461251974484,3.35169111109101,2.49289414761892,0.299603693044968,0.652174725557945,2.98550841582621,5.4815464738759,4.60779870414558,1.05754671693994,3.94111610881377,1.26160793974324,3.90008316287259,2.72312837487291,3.73395988531984,5.12259861656544,3.56117122676723,2.63063687587644,2.05289429135593,2.46468177684901,0.251741655330412
2.21266017159272,0.405720243419518,0.0924070227919838,3.61160959780784,0.702285683829069,5.02716061769256,2.34078796008281,4.61907246581158,0.343406958175354,4.60244010836713,1.74076343623009,0.354514728378569,5.54558326387096,2.12667939835609,6.24995124627612,4.36282619020565,2.24047695182954,3.41421573679549,1.3736263990417,3.33546637089974,5.1473556538297,3.02637907002444,0.562937280094436,2.13030160107537,2.07275397482003,2.08762936326253,2.85788939227877,2.88980831908734,2.51962532699984,2.61618864780974,0.183144838500507,4.51741912927923,1.47188197667232,3.63197523734133,2.61228842921284,3.13416152421343,1.40396091242451,2.7711231592369,3.9290060085852,4.17904020445022,2.91598604583759,4.59237860985962,3.73142165369517,4.14172905815407,2.14767789186192,4.23019979264099,2.10065967261007,1.57688980484129,4.42215927725546,6.24259361244114,0.553308275762041
2.78741165813794,0.801494572026049,5.53224360732929,2.13465066195693,4.88083808263451,6.18790453981604,4.57353342936221,1.35507959677865,0.456392164942728,2.32398236973109,2.1382924136505,4.20709084670063,1.07812992018726,4.28802439756503,3.58671739130181,1.24626579412129,2.07254082765588,1.02983832730001,1.00567516309294,2.23224100684937,4.33885896632029,1.64967082338856,3.15464521831008,3.25677245983962,6.11856132170123,5.95361424345049,1.50736777717549,6.0613394346371,0.536486799582896,1.26863757417858,2.93131860934612,2.80271828522071,1.57460929110588,2.49714234029891,0.0353278009618554,6.12827064316202,3.01892020372129,5.8713695244621,0.701863892362618,5.72264491156501,2.76331428393161,6.21862806652281,5.67488202751203,2.21502378207142,6.18501575059494,2.00299612183403,1.1662184863439,0.99452353606863,2.84082995199318,1.92977429681111,4.55228486610283
0.114322232152437,6.26335850718807,5.35434633936545,1.57573926219657,3.04165116674,1.3013130783302,3.32683806690196,3.11429710967226,3.89261279071874,1.5582799566607,2.8351065234637,3.3590731668804,0.54174603689124,5.62203996795958,3.45373869380529,3.54286620828973,4.6213526079658,3.9034659839178,5.32891490418124,1.13317642758667,3.86352741773335,1.76534617119396,3.83187355997741,1.26704233808488,3.29952665617493,4.67607313040377,4.24394367978048,3.95348442871251,1.2155699399729,4.48345934251208,0.826452201691502,3.54718783945731,2.7761480092735,2.1608802901148,3.61927891658003,1.44925375000157,1.66934478647666,2.94691533197222,2.77303756163087,2.50948881151614,1.58258897818902,1.20659305916978,1.9419163047459,0.0452396370981871,1.39867603601391,0.45201672179653,1.53397831555409,5.97218014410906,0.603466291719021,1.72964406508651,0.777129168172035
4.28290134300035,4.23932800500481,1.05970360678306,5.29417536891158,4.32634744722244,3.89883654454593,2.01808505389147,3.73081645618912,0.310508954424305,3.89228932490224,5.56361194443787,2.79744893183385,4.81027794489298,6.24904841954977,1.09612680861847,5.58137707738697,2.07624017004549,3.9883843597833,5.5477885602104,2.34899631881676,5.76232068792321,2.76851295496855,2.10483241529012,0.906902887185474,2.89545980569444,1.67986780637982,3.798530298091,3.46562544594195,5.2822751579286,0.86426484654565,2.01864267144991,3.48935547814161,3.35284281382976,4.16212173826533,4.01498642347746,1.79549155267582,2.35344073269872,2.8388978687713,4.04816714492483,3.41233302705879,1.62238950342351,2.20234040374637,5.36891713509758,3.93165215382492,4.89318186939706,6.08185842016949,0.874260205063882,1.13686125636601,5.43514030882715,4.14652582609585,1.86910214525246
4.42359824669521,4.34298017332225,0.857130178980966,4.42482099379521,5.80537231305906,2.69202108525515,4.33274894998501,5.29194384537681,1.76848859091122,2.98640474427046,4.58540762527299,5.95318483895835,0.827521960536966,2.0101874057913,2.35932897943069,1.79070376705104,5.94219233499644,1.8218312698079,5.56713024340057,6.22131658957345,1.65799301324117,4.12871558845653,5.55803553186076,0.458382485470424,3.91173795032984,4.11368749477325,4.00924846378269,2.8669774694851,3.36242923993146,3.65685182573394,3.06721182001523,2.71723738516954,3.1456950269844,3.56820462967955,2.33985726037829,2.88777256763869,4.68632233007836,5.75925446868287,5.41409631125446,3.81681639226022,4.80424289725759,6.02099000352133,1.52294059425726,1.72331203630352,2.25139307537561,3.14628957590975,1.43914861849942,2.86391911489235,1.21725890961669,3.50412040895453,1.33918426038838
-2.84504909307753,1.81689510040235,0.02051768646114,2.02146155366767,2.48138926245142,5.19566459838829,1.54290291605381,2.24107301048634,4.73679563121395,3.22760227125275,1.27444169726932,1.30830649091391,4.56761712678732,3.69324092256017,4.12538549683057,5.23724525354376,5.22627250775343,0.461073447205496,3.23089438552538,5.28720914173454,3.14701115586359,1.34041424533647,2.15848141314051,4.73040137721046,3.00362345244734,1.00596103776648,3.0184352697847,6.00604173981472,6.22218346216217,2.56673610507856,2.88108513900044,1.97763129769872,0.0294146524383417,5.67727078987071,3.6383971639032,2.77232621478899,2.32110511854488,4.92235794184044,6.07303276998574,1.88779370472237,5.92732131190149,4.4751846857937,2.47133373996426,3.75628138488275,4.84936626162684,2.92831062155992,4.38454867455432,5.44504268280934,6.25492472887021,6.12777949328651,3.80223373226247
0.865366228701125,0.426371451876671,3.98290775479215,2.86465850294797,5.50496651227165,2.32384516703319,4.35833263544249,3.03481827869421,2.53242460208388,5.65924787173812,5.80103713234424,5.05024995321606,3.12747921725138,0.050754889459157,3.8632603956851,5.2517058330278,4.29597413432633,4.29416959854303,0.848896592224743,3.88625549148886,4.79066125358476,2.12121325469212,1.70924525973725,5.4366261010935,4.24230371642942,2.98738759700451,3.70685786352042,4.85531523993995,4.25359361408184,0.536460614812195,2.00039629550654,0.304193365914694,0.386008513638281,5.25272485641135,1.52503379742472,3.90302536762151,4.81861196097534,0.498419848364438,3.48133590313412,3.76996292099079,4.96820502641269,4.72929497665586,2.83415612556724,5.57053433381175,4.94464868940241,1.60400871602993,5.99669059190188,5.96030292580953,3.02660066407758,2.14526555750422,2.55512783402747
0.487174220285276,5.91076048237361,3.95644802132375,2.32148437566818,4.00700763755185,6.14139354790939,0.547852360821285,0.840607345824358,1.34575573960258,2.13987522225512,3.30060464978627,0.732251476024593,1.56635907389693,1.60658284620136,3.26828362092568,2.14836341381094,1.47475599188374,1.53695947488563,5.54799922187674,6.20067519875953,4.96995233576656,4.59050475809189,5.86888388327946,5.1502891337352,1.02141892946686,5.37225372207982,0.148727035489433,2.1267576132712,0.786763373178201,3.52416465270059,4.99360940638994,3.52680179367953,3.33235906560514,4.46831875042851,3.81885078904673,2.24781611193501,4.05838965219615,2.3053580459761,0.359963902192816,3.29198147624219,1.83925374345529,5.57867323173237,4.16948145383274,1.23691924562289,4.56385953831439,5.5343277842922,3.65197460168656,3.88743599469584,3.2992431528916,3.16177700392615,4.75659700130049
0.424608534300061,5.16269013376091,1.13001812935659,5.16122846062493,1.46465070677519,6.24817041561738,3.66698333364906,5.94893633613973,3.6245792209247,2.16514284718741,1.47799563128486,3.08565102172771,4.26040804449022,1.54345005473004,3.61985174556066,5.96195211578491,1.43343576540473,5.53426526209933,0.843361682633542,4.13785301574134,2.97718325478698,1.84233863391908,3.99338126369583,0.457186504590163,2.7956164996657,2.23347503676595,2.95917892741734,0.291905314868045,4.08464961834915,4.63640240696462,2.73170281568993,6.18804963495697,0.807190801982605,5.74807976120002,5.67152561945273,1.3299635155302,4.49194854055554,4.07470961957687,2.89127259475458,5.07877946999638,5.51171487583665,3.66951695123011,1.23749800527341,4.07031903522855,2.88305649279524,6.04286004949082,3.42481145348677,3.6999007166759,1.79350973755383,4.85870652981793,5.71238260121859
-2.44628793547644,1.91162736711293,5.42846725335903,5.36191638890554,5.58402031434554,1.98525762716024,0.536414885455955,2.85210069419626,4.1060011461717,1.9624023731586,3.24627521655301,2.66769022089699,5.86848907533698,0.64227922143905,6.19615470435993,1.84515017667683,1.89938457582582,5.38462307040997,1.63002795755007,4.31823379780495,0.56592441398341,1.92238271888793,5.5862849320131,6.18429552091448,5.70599330504447,4.16369149032609,6.05868508974155,4.02398362567561,2.5282298161542,4.96502780241141,2.40329707154107,2.71979946528475,4.75545884664607,5.08997819420534,2.09413412756064,2.93786463963741,0.634795719595446,1.80429527225465,3.15574811663879,1.36792882320051,2.95080205076108,2.78444284987262,2.71618003333231,4.08361357245082,2.23943430670775,1.8794286323521,5.33383925320871,0.21690948516214,4.26651268313863,5.74173360794298,3.13143734546045
8.29600188869203,1.90177970480398,2.3085740548615,4.42954736758193,3.2539101289549,1.20968396515271,6.21396364585383,0.440013484807815,2.11735861915965,4.32195191967393,3.94373426404188,2.8687444272917,4.22189733316451,3.68952509454674,6.05327622224622,3.03607247639944,1.46198419332706,4.98683704072801,4.79976148325157,3.19367012778563,1.41781387912475,1.40577822972307,2.85471136806131,4.30003043457895,3.09998330768495,6.21746507444524,0.891439667537451,3.37369528616751,4.59226207819418,4.71080051028711,0.370521656159932,0.962489070916001,3.3669507817804,2.40293288247399,5.22571337168602,4.92207704840296,2.7625464786923,0.900701597928314,2.64020607465483,2.54667378990546,5.35702275823189,0.320605832142647,2.52514509977767,5.58468086282003,1.67452939740795,4.90202797995307,3.40921380044477,5.36525196208555,4.7042553606725,1.23438591916253,1.25103691710914
4.49994457995029,3.15060347409235,3.4976557139826,2.34917163784521,0.11388868156644,3.38884053618225,0.280981629498417,0.793318138553346,1.00588172273698,3.33670420294041,2.85341819968137,4.82967294998422,1.87584355117908,0.865383058700818,1.82951080121121,6.26485787387128,2.30951252558686,0.890224420026085,5.92915041007934,5.45942866078593,5.6990743623056,0.815763705272723,5.16074044578286,2.10446199419203,3.29570011598417,5.71604831697322,5.72995798198946,2.0813301594354,3.87519183704324,1.41172739236386,5.68037502157442,3.77277773337045,4.30574172381421,3.51544413073585,5.61111110239703,3.81719895850421,6.21540573051673,3.20779927001254,4.46766364108343,2.76173259884808,4.689365471786,3.44583079650106,4.19390278504493,5.61799463081505,3.12952919850418,0.019487757023302,0.155234740252886,2.34155702196875,1.68517564328968,1.13277170398545,6.13403813185821
0.406221629906559,6.17239716930038,4.41295928535315,0.159336181768674,6.23514948064889,2.16001517156485,5.30907057989405,5.45433623271157,1.40482310806414,3.96542522396885,4.63354092164655,2.37875630184522,6.17132775570358,4.94691909291097,3.66665592673125,3.77523523093509,2.10992352673821,1.20376689600874,2.10211104241402,0.905324910599272,5.5024581973217,4.87617784737415,4.09963708387153,0.950251306215409,0.959021889236825,1.24630979869711,2.43740053149278,0.308543377693002,4.3372087800977,2.3836882653613,6.01529667453133,0.244312082498882,0.128816237667641,2.15366214698159,1.51026400240919,0.0603906846572756,5.7706989923875,4.76451015194355,2.30003578761982,4.00365715431078,2.73141676839205,1.11206461644643,0.710387526034745,5.14341671617999,3.22640977650627,5.99336651140629,5.95226045028242,1.30557452651091,4.48044570201043,0.489434049612709,0.461247475940205
-2.1062197526473,3.38210269538699,0.312365747104316,2.88153155722984,1.89045035956557,5.37996339983598,0.532128670072166,5.28594627038802,4.05454792545281,3.35556814243635,6.00697462219302,2.15943984977182,1.72541331916753,3.02343978233417,6.17733223859154,4.08902533359811,3.9816728134776,3.84851097326674,1.28776286398939,2.15114929552267,0.196718807705095,0.180925310893987,2.97714263540359,4.25834867276626,1.49717972455078,1.17572742460078,0.272237017661662,4.34774617024515,3.96445759289742,2.97045687595487,5.02523867249297,3.95578358002425,1.66643821694923,3.93771332332553,0.891000116245518,4.45485512035713,6.04328437326846,2.24234692686436,0.191610798090277,2.65312487599762,3.63736721691035,1.2115544478201,1.06099605248147,3.98947202913481,3.11194681913322,0.999095084846272,5.01976205287264,2.34464315298707,0.769222959075263,5.21083169415871,2.56088622922489
7.88685281753981,1.17839402289816,2.67122586567935,1.96269906172258,1.95492024645799,0.0332630822723201,5.32957317928104,3.08405357223896,4.39989334517287,4.98621509866163,1.63015375826446,2.72481586696944,1.56771701297483,0.74767327461012,5.00308666661873,5.30686172427492,3.80411610552802,1.38668004632136,4.91367988692462,5.6239415332474,1.11670848750515,1.75454152054261,2.60372956408461,5.15857253724077,5.39956335536137,4.50822398109869,1.1562268524151,5.72295498144066,2.57774180748738,4.64699295662924,1.05034466297977,5.91265026970798,3.26901572950094,0.467186718533499,4.24098077766657,1.16564598944568,3.38002738224472,3.35442958547946,5.36824240070647,5.59094846030205,1.60312203553042,0.364357842475209,3.60490640915312,5.23574787204038,3.96196955984371,1.93441100249708,3.5891224183837,2.84338924232361,5.9454318880854,0.758852351829273,3.09959385694848
-0.592049530898018,4.23766733697418,4.11277415990633,3.88556191178705,3.07469842178225,4.40650290560759,3.73614591210235,4.88594240423285,5.66844944066611,5.11740293719596,0.263775405864424,1.93158168967342,1.52383058972915,5.59533161302653,0.987680527555572,5.88545339083738,1.07759006830598,5.57573367925392,4.43163491364518,3.0760905199973,2.31709425799073,4.76165140081938,6.11092682037932,5.81177506515367,2.03917984251694,3.56194298773703,3.57799578677769,6.1399570720744,5.56388082292917,0.208924734919528,0.398718945707366,0.645784144941754,3.94069163874432,0.302315947552683,4.41660666196674,5.57573415177646,2.88543246924991,2.27691894484768,2.40416210377885,4.80680762671744,4.80937817566541,1.42495933863611,2.57321482943486,2.34242127739703,2.39345624691122,6.06654307666968,0.564379366220254,4.49910489441784,4.14835311756987,2.30923001416198,5.54878441389742
3.00791213823142,2.72292145827686,2.25315046277214,3.15449288318756,2.05865887908558,2.4508335704842,1.12678108078338,1.01119925733078,3.55107487277356,3.57584719314299,3.51019594284776,1.37475741904465,4.80475260424893,1.41716021660565,0.96058568868392,0.587537830474675,5.67908539638207,2.35034958826015,3.22008939693995,2.98327379968262,1.32357418278313,4.15622123813153,4.58628526786461,3.35124230391639,5.7412381395333,0.936382888174417,0.354978969338925,3.181104120841,1.10450975638475,1.40968588433257,0.853088461095764,0.228036843838436,1.85592494137474,3.39415133257538,5.5496558303097,1.70654301012627,3.21505828268813,3.12841263213185,5.52831483842315,0.252466677530497,5.39798210476451,2.20931061444934,3.06048810076819,0.0487377682722488,0.815181474117601,1.91094571019347,0.15468538525576,4.44116764187586,0.23337095036824,6.26322851521338,0.455616840304487
8.97840658478904,1.56998880332973,4.49531635206127,1.0296803848125,4.83387301412232,3.34292108836721,0.654507095350508,2.69301332699743,4.92329863473836,0.716322131177727,5.64438931270521,3.02631607969778,5.79564748027788,6.17474648553597,2.73216993567306,3.15980213766504,5.74887293782758,4.62376974508354,0.377485835251659,5.89221744419878,4.17279832945678,2.97725160231964,2.72036934648544,5.59976703288814,4.72722274149324,4.63185675476281,4.03232231578124,1.96072434029036,5.91997748655026,0.279637111230977,1.38950092395938,3.01933458404475,1.74056828295832,2.39519658838629,2.7835500031734,2.75997213054608,4.36866867978594,5.83629072239777,5.65698000785534,1.47077683861603,5.94276362498725,3.0107996522563,2.48404852714046,4.44824696578668,5.64738351980309,2.69224697882452,0.518824582920677,5.74602768358561,0.217724513397052,2.56363303346888,3.34474732654022
6.21795371831891,5.14226925590366,3.78768836350948,1.67295957512712,2.2375605427151,5.31754689255506,5.92828609174559,2.28925919720015,1.16404916023419,2.7107453628879,4.39934150614084,6.12768450894146,1.35518682867386,1.4800596053491,6.05123870651837,4.67943346786103,4.92814907860739,3.11750045261292,3.2237848348012,5.83871893819413,2.14826037756478,1.88949792967589,3.14201685448232,6.01095010499926,2.16425319842711,2.96080098172526,6.26380375800884,0.122120347511225,3.35440260780716,0.085249950636915,1.36611708108275,4.49917084861652,3.26662297630174,1.79413929557174,3.5818195883858,5.20378587399773,5.49922201187015,4.22293019721601,1.13142691946692,1.62280312449249,4.46461651731278,1.62792366692649,0.373470233380009,2.63900411482838,3.86476738709734,0.174319147355045,3.54564736185023,0.169509069784579,3.05815217754762,0.507881502183154,5.09188809958914
7.55271340713084,1.00276367962368,3.52279309678121,3.95369071479087,5.96507465444546,2.11894282046228,3.42042074186457,4.66422412740523,4.03781525278983,3.6616044837698,5.22358182397279,3.59834796600193,4.69617493705042,0.376238595184819,0.840579019341589,0.469527811706569,4.60184413748541,1.84191631580212,4.47322697663583,4.22106082929219,5.83837647638636,2.46317264079886,0.555469336384605,2.42818985151098,2.34728443402417,0.217183036213782,6.06615525708686,2.35444775283944,5.90972302329642,5.82411159584254,1.58783304064813,2.74658774089538,1.48148713251419,5.98241390999791,3.31619688710554,5.7093975051745,4.87280399109092,3.53938517423927,5.33702918411642,4.29949467740537,2.62122348372516,0.993319507676014,1.35799860110976,4.45609942873614,0.203306850077789,3.01687363399345,0.873843173932861,0.358134245180257,0.801053023850938,0.392985910194854,5.71166306935006
0.938099668307008,0.512495692096971,4.02176216262848,1.0127641510406,5.35665054798499,3.70062820243003,4.30834671570544,1.48177795477668,2.67968867121775,2.28504580148959,2.26682285417926,3.70627189753544,5.61246124558448,3.67506254743788,0.932679590054328,5.75163182138615,3.81802270134212,2.62086258329792,0.128870647979763,3.73075470202824,3.05241718757655,0.78710810250899,3.78470906354682,6.14005252455324,4.15269858698755,0.381699118317525,5.06647164907481,4.59482305819499,1.52933905415023,5.66535961724256,3.3979278716891,1.87974306464947,1.00117867079028,0.43411688042486,3.86286705651237,4.28495967342697,2.3393576562992,2.45140525107413,2.49063808509629,5.42789547767942,5.2795102281296,4.50617948432576,0.76800631594005,1.70754331547301,3.62118922719214,1.81148991946058,3.70804850036094,3.46640320926462,6.14160461772986,1.10878561284562,0.360305470157636
4.60726036800394,4.72007400504538,0.173439673189987,1.85548924340903,2.73601392993943,5.88917688454156,4.83521636498113,3.88415074736067,2.30240520581275,2.91683167978164,2.45347758864102,6.03843100356328,3.58871007151637,6.2765573008108,4.83841165894652,0.759285957822131,1.85181739363889,5.72536558955503,1.01689314369258,1.61844039117856,2.97998613121803,1.12526270347973,1.31465851924996,4.33620557817317,4.48184203829916,2.58214396498062,6.20352946311395,0.235502659002462,6.10311433166638,2.36819565568906,5.87243875080539,5.73782396522781,2.44296160098507,2.20287524513324,4.64573115613875,5.65199689048279,3.99293631277327,1.76346398957069,1.08529641938643,0.915947881454362,0.382689809366641,3.97039089604331,5.94027548806636,0.185024560958492,1.7431045966974,3.46346718827042,1.71218346340522,5.70002429353119,3.78790547957038,5.32778388271537,2.60833346822141
6.36974529418007,4.97694030922085,3.3733559359865,5.96420953882135,3.45329154557977,4.65082373343075,5.08240263385284,1.30295129495707,2.42514446568701,1.28093314608708,4.81520453803679,1.44525694955307,4.34939877320841,5.58471489029456,4.22886634866341,4.67302797718377,0.444456634728558,2.43914000692034,5.08577850603718,5.32893853323405,5.77544951017421,0.539349319184041,4.56398908409906,5.72472624607809,4.87437114939792,1.24994253003781,2.97898553621352,3.8849421977449,3.49386108588683,0.445269152596045,0.742468741660433,0.584763815954407,5.95240815819505,1.18887112180281,0.967683863757117,3.36153002807568,5.09994281096305,4.51541176136716,4.35366987518552,3.07239734819615,4.01008886194293,6.19160901997393,4.68978546386321,0.887131432310732,4.61475145199544,1.83441246476803,1.6955316315953,3.95676904552999,5.9463763260536,5.43509364466625,5.9687692906276
-2.24440729661203,2.20831883352626,5.35263498268629,0.494395214436566,1.40247091426868,3.55960480577094,3.5032916395301,2.88261275316885,4.89696004112736,5.27480672267829,2.80650973293258,2.91097495600844,3.25951249662457,0.223087195105699,5.50464407634947,4.4088252617259,5.55652617052123,5.08370040457306,0.0103474156056792,4.76934003011022,5.86793481371261,2.27311274653281,5.73065969551579,2.964587199505,0.736128779472702,2.46124325080917,3.14681149241538,1.54520766595303,1.94482371983998,1.55808920823526,1.58958014519347,4.38321131434504,4.77137702796507,4.31093431496362,2.65588801957364,4.29869624012439,1.95220290245827,1.02733675493948,1.64980399282132,0.810543410843649,5.34301079135437,3.10015426282877,3.59098789933418,3.5232310827508,4.9517431091649,5.51988186617315,0.691038757932318,6.08986731733792,3.3978894686266,4.9358197257092,1.29089749951954
2.04610921082051,1.06315388298091,1.6343458714428,5.35059154506605,3.01439029690677,4.70697043714919,5.87387650230494,5.58632253778524,3.31963272137611,0.51175945516689,2.21991048729088,1.12184826877482,5.03643750056911,2.9243342990387,1.50454014378179,3.38031653970644,1.59806317703723,2.32884991364954,3.4056116016673,3.77314796721504,4.41663986874422,3.34434998482363,0.858165758208426,1.00294142563323,4.11397242440172,4.25568786323572,3.47781970345886,2.21457767251774,3.48976496061534,3.54969562483092,1.67861442498289,0.451741450353226,4.84565001375591,4.26863409136666,4.87002702147613,2.95561928492679,4.62705398154232,5.06521897280439,5.59835711925672,0.865775915110579,3.96544777338812,5.39047765247109,4.65321355494212,5.69623413026139,3.43474644907921,0.384775146423585,6.26453367805865,6.24255725453812,3.46612604773116,3.58425412252535,2.87218188979009
7.21677742861359,0.841544164915205,4.48895211128509,2.36201294695442,1.78492630125354,5.95651962947719,0.692040928499602,3.29614062548745,0.798155198184867,3.03309197684395,4.61286470314192,0.953951836494491,1.08894052198936,4.34928210256575,6.25388149419244,0.04485116505391,2.49085193153528,2.65745151327086,5.13381328072979,2.02960403281175,1.97662233626571,5.73534978893415,4.70990931229656,3.71035381640946,1.97844177772132,5.8290222197726,3.87236249934997,4.49483768965449,2.87989738410854,4.76967235535862,5.01750906247798,2.42558472795713,4.72536967193974,4.1187148083639,2.16232919782762,5.20455670601455,4.12434116935299,0.0807486848325552,4.71647009026501,4.9712865448503,0.227070633260458,3.90927601573466,3.97238794599417,0.408271669102354,0.153525302922246,2.33842299208669,5.38720994113494,5.77295218027611,3.07809638402958,2.43138900026551,1.87820081105984
3.85377649833551,2.2352711929545,5.14055845805921,3.81313625359625,2.72234119767239,3.30243796116819,4.25943046265001,1.35972420953685,2.80508697049168,2.74294197641751,5.34745995825718,4.29030613576287,3.99465693411263,3.08916807428421,4.53805843104614,0.552124429787248,3.70129536183133,2.44100592674625,2.79837718846518,4.19790146388024,6.01936848171558,1.48809168391741,5.97633200509645,3.62897704086584,4.21086403280612,3.99146189323206,4.44346514886767,5.51994280109991,3.62615090550024,2.31974479637343,1.5937298732463,1.57336728243409,0.423265928416297,1.11552035956914,0.503382522919752,6.2534313177265,5.91009525695002,1.50780434996622,3.9832981666658,0.654514269500769,0.9020214645632,0.735836928778807,1.09995472395222,1.52713267086265,1.96643095111361,1.21091965694423,5.74627550922282,3.64422286942436,1.49319174988706,4.711389495735,2.72594123571985
8.22996416901644,0.484110664809507,0.834966057219187,4.78561978333586,5.8709403730548,0.579962670961732,3.43218716167462,1.61748284253853,3.23888672538698,0.337291132592384,2.85137224437912,0.542482371836832,0.366477846301877,6.19370692203426,5.88656407627903,2.73331049682773,5.04276559117663,1.71940642831642,1.73216031929288,0.631400313065992,5.93959217951238,2.8047059915138,2.53886043807085,6.18474098093254,1.62441272936756,0.437670007078275,3.93992526862764,4.62067651891254,2.5522623344622,2.39001761261544,2.76651277144717,1.77101296870168,1.10051905484173,3.39372611349187,2.9619952773239,3.42642269975593,0.349471066678385,2.99665524740506,6.02939696508788,0.585729394551774,4.72220402547214,4.68135288660109,0.458945411958572,1.69859533022779,5.39865301069901,2.96058330682966,4.78480555092838,2.07854618975761,2.42444905587469,5.79371147350971,5.75269981595241
0.137294638221027,5.84592641665454,5.1505658944291,2.68430595812914,3.2421409690993,5.0057191657586,3.26810866470091,3.06751052886908,6.25671653287746,5.98659685653157,2.54503792418794,2.51140229519756,4.9663422562494,5.22226224699568,2.69119228803527,4.862683819328,5.49787898285332,2.30088611021632,1.71744023423368,1.28071300178576,5.74311939074068,0.0774439528914907,2.87206230647754,4.98899526767826,2.52944492468835,3.42869057241621,4.53148779008399,0.572731152368528,0.753642357806395,4.06049397646685,4.3287021250528,0.494098963285088,3.56752781355601,1.01200550805722,1.39520439828626,6.05930221880745,3.19464239777029,0.849596591211082,0.947994123097529,5.61343542906599,2.48683900826663,1.86376226897375,2.86945098161395,5.82681237814668,3.6349166769841,6.21450172760424,5.897249051454,1.60152155780124,6.14909963273875,0.138524380016451,0.201872018562726
-1.55424248291267,3.37614709444373,4.46579710975777,0.242678101019852,5.34208550152091,1.40063146740833,4.67295085067972,5.10352421874878,5.08605347465644,4.14867687304416,5.74633497099107,5.73944118459149,4.97277048213653,1.51862191525838,2.84595558245626,4.73913851207291,0.216033704865232,0.341232925858182,1.88921766529319,3.37031378174856,5.34788486720205,5.33409283689149,1.12989954229125,4.32453145386474,0.643874722320923,4.9355041333178,2.1182924202505,3.44399242195966,2.77797504327394,3.32072708504075,2.18940690739148,3.9362102174237,6.03845524119001,5.76966702510478,4.81412658538716,3.08251700062315,5.82419677571063,1.33965065622706,4.60275981887293,5.13989875368845,4.9045362685705,1.85772963661612,5.14347131813438,4.97831166618337,6.27100635910037,5.99628923301224,5.3452916386351,1.49498333884536,2.96571261799463,1.7670197860496,5.13970611663577
8.65154565978918,1.71452145665488,1.58160773173902,5.02411391816815,5.53103527210585,1.17128522703971,5.75030089216475,5.93631371426543,5.8467251523708,4.59774487279172,3.80668429625204,1.08635269305304,1.71703835015646,3.81631496392229,1.47613939597664,5.95757394283357,3.21439781467413,4.95472959059241,4.53416037464215,1.96045833935893,0.350449243926251,2.82368757888168,2.29575651963399,5.19130831508017,1.37223579007725,1.6851129426208,0.363728895957062,1.13218953866164,2.94128317929045,3.13078593729811,6.25869184240275,2.52246714192141,3.5186156157095,4.92591453414679,0.265593283460608,2.10763511763393,0.784779670891896,3.71387209489131,5.50435907211219,4.73935267450221,1.5252187073441,0.0777799720080356,6.21865539675837,4.61932214642892,4.6440072256787,4.19723224322737,4.62513847025644,1.63159869561761,1.35728697192469,1.70267054308534,2.99572850781978
4.85559950631892,3.94888701846907,5.01887505930865,2.54809834442101,1.85978053804439,0.088141564752821,2.62510934524403,2.33144871300854,5.4358572776632,2.30274394888275,2.39439067705684,5.00720324202204,1.91609478830753,5.68492421988965,4.17889857496221,1.48130438917648,2.45288636053971,3.17111237573042,1.41850923773494,2.32849830567795,2.72893747627387,5.21634745707809,3.64765646250444,5.09684696324285,5.69048073092921,2.76324739053952,5.02383327342675,5.65070458961327,2.13367137435424,5.90689545280819,4.18023293618942,1.75446717065707,3.85979063634427,5.57102874306873,1.20963867467189,5.51246152874346,5.69982571410527,0.765926630135645,3.43172698031193,4.06711234659424,4.1904052960919,1.61848003186975,3.39849830733575,0.886115203100706,6.05473061151309,3.17211005075045,4.81524979487049,0.499727944360458,0.10197585584086,3.42540351545138,1.25413633873821
-2.00414067313557,2.42328986299536,4.81433133393862,5.40450891962683,2.15715440892832,1.27965113245749,5.29080269905491,4.63965329474286,5.25188130566265,1.94250276666011,6.09253500843511,2.35737096306002,1.74484431496936,0.578968622515625,3.5732991204684,6.11847155412205,1.24473314458886,5.8551808788486,5.33579392534865,4.60203517995738,4.72775078031103,1.7276086076844,0.372960358153088,3.02901088305573,6.20395515472,5.20848014258429,4.2377259868229,1.68217967630134,0.446528643138882,1.09052396842626,2.1358446693607,4.46433084744777,5.9136905390508,1.19373653424963,4.94100830700016,2.60947425173963,2.72294405597243,0.342160041413409,5.62285941420709,5.92604797045028,1.76359063438881,0.77461241949935,5.43374413345941,4.47371222802564,2.21917759166569,4.5922295677657,2.65347666683398,0.0894947844569963,2.09303489969339,0.714744682704953,4.72131828709187
4.31218913920761,3.85405479349196,5.99824259730342,5.83066528450998,2.99651642086809,3.27104620712991,0.358661044906438,3.96477085047157,6.21883337683481,3.0779966071649,1.31367083888625,2.62227287582512,3.57543548557086,6.13518406923682,2.98395070065541,3.6334267388079,1.19813458972058,3.49015748640561,0.25640992054811,0.494304295540857,4.23473491475846,1.49018308330687,2.45624638346958,4.57667672829323,4.88800278390736,0.743590962211137,6.25295020054318,1.8410287370709,4.45390354188578,3.11513989092605,3.52543287686436,3.04897837626768,1.05661235262563,4.79228777418159,0.495088508869347,3.75933265748908,2.42755221379653,3.22334550587281,3.04734338244934,5.15668061843476,3.33050570200511,4.44872992332095,3.887291344282,6.05372913583189,1.90836259770504,1.64034543161142,0.42769461446599,2.54055321422749,4.32849485004182,1.17612934525096,1.06182257340081
7.49664919104704,0.233593773272566,1.93196246091693,0.308299465361646,0.266135808093223,1.36301232711728,2.36620929674352,1.39991072716947,5.76518362738184,2.67915368353908,3.3673047362726,2.47700375589175,5.41281111724098,2.20069177699445,1.48074496930297,1.20027285222779,0.961335050915007,0.0873005521669854,2.47089045823122,0.0672536707796236,1.22182639001915,2.78088464689347,5.24111952875145,4.99460868915693,3.14802306068777,6.18407809617787,0.444223467530494,2.70243442580115,4.47065250560449,1.01890223053339,0.864263349980456,4.96703024760415,0.970716324699859,3.0600768979028,0.0827974343083372,0.456260354560868,5.69335596914014,5.93493437415895,2.58587091117146,2.88700078911387,2.19159398016041,5.95820187847533,0.173937558340331,4.6336451223755,0.629884472462289,2.262398410592,4.73638641206547,0.44626479562286,0.82801487176584,2.00071215561195,0.29222488200787
4.6865926746024,3.91778400349793,5.1989604577312,3.73616503390456,3.04347852843409,3.22230773373115,4.72731284993233,5.36167786596439,3.4222440527385,5.12954249328006,4.62089974411934,3.83589922379961,4.57060478147512,6.09689200711016,0.788543762035686,4.10272123995044,4.47854821680113,1.93851453013405,4.47429022403292,3.92304481198029,2.430680450523,3.31739402369108,3.70857427604446,0.397846979237891,5.25029989853355,1.95054535629482,3.39438340112196,4.02967552978341,2.11176769882395,5.81210081312238,1.85622339421793,3.58306285516714,4.35304447185496,4.44554961695128,2.0323638043616,3.62580811599883,4.78049482142634,1.15781304913799,0.92703906070364,1.53303576475021,1.82817500339844,4.90980842637132,3.34007722974909,1.62052987999701,3.34260341863214,3.21414967012077,2.57429997378976,5.17100305456457,2.79240123686852,4.22182606418444,1.02279232134843
7.2355322939062,6.20797057372689,2.58879327289956,5.84613820330487,4.99350450199739,2.17709337816356,4.73335928638496,4.95505669761201,1.7868934359926,5.27089790504892,5.5944757284155,5.48849031694341,2.32831588564513,2.79258194821302,3.68113025764523,2.73234034075969,2.63093509757857,3.64058903796927,4.24803580104519,1.80163424182348,4.40005945220618,1.68481221786584,3.55329469150078,3.00310950591941,1.67252463495297,5.70626764607188,0.173131483164064,2.62278210736809,2.10698949531259,1.10556055288607,5.07288472059355,2.67774938019849,5.59264251066034,4.14655791959267,2.08203508114108,3.57507581399481,1.53058662337364,0.566488771205439,5.16203145635864,2.86752730431935,5.07077716034806,5.29113543684621,6.18982961273448,3.20819299832148,0.490711510641231,5.95878770402017,4.5781581522862,3.17057166511623,1.4870098004069,0.482868499605483,2.3889660129721
-2.07869732047176,3.63569086054623,0.417865899872004,6.12474015955463,1.53268201652946,2.53727833312983,4.31420272703753,5.6958825310673,0.0783753270012465,2.15127076161079,0.730794829475132,5.56885895467691,0.298230723946722,1.4373467188945,0.83142465292834,2.74990510220822,5.68221523792968,0.656744709013242,5.84621147355687,0.698109886576066,2.02912476036813,1.41210214808823,1.18765771464239,3.58988392868651,1.14826920711866,0.540059522023983,3.80556286860293,4.91087762345625,4.7539657383264,5.01749543393315,0.204923705174865,2.22582685277125,5.21286532876489,0.970055174966033,1.30359437765262,1.60978096506156,5.00279317306783,5.65103134992129,2.14528910902238,2.81558212473126,0.984469646198047,1.83922750016787,3.28573732933698,2.40931847015077,4.33374302768948,3.11622730134106,1.49592144969287,3.50995708343545,5.80960026919326,1.74349121376155,3.1789781673265
7.97279549609887,1.58583064226877,3.96467205229908,2.27773418081696,6.09632183186293,0.0908396772314643,2.49500147087168,2.56338001008373,3.4844255831917,3.67823595468589,3.87954549002465,3.01957736554043,0.442029478084884,5.82636006289451,5.44678537226792,0.386279705003061,3.92891717434776,1.43417869372211,1.71707518497077,1.50209840915945,1.84595598999076,1.50383976443675,3.31485217134415,1.20087447289914,0.664666457225852,0.942787884385361,4.33563398243248,5.70972718985576,0.1352649868325,5.88254480833468,2.63397871034583,0.376332015670442,4.0070014669634,3.07188403072299,0.428363048068932,3.2724023087827,1.17917286000271,0.534573763554409,0.505275705686985,2.00705725117922,4.75009517015313,6.14383170862285,5.74228703716695,4.99011137176847,0.121389832053752,5.74017359160203,4.5700643678333,1.40615507742029,5.3862489034353,4.8428882950621,2.20664582578163
-1.71482975324785,3.18678546999485,4.58650408091048,3.7592078047456,3.5675404677974,2.13395143539134,4.4611685203413,3.93071494413494,4.28817804638797,0.80732595220644,2.32443639367158,3.76661346764404,2.92536062969806,0.930571971292118,1.95604208226124,4.73148828730749,0.516324445682783,0.114388339773496,0.501837284977247,3.99853152823645,3.38169545264084,0.0220054756106728,5.5763298973688,4.85369066648709,3.13764672026583,4.10333880935468,2.74487267864473,6.11878043025656,3.85123425671385,1.80103622139352,6.12838500678286,2.08425587417174,3.6791432038136,5.5185651009246,2.18560726441253,5.18952263777383,2.20375323443644,3.80424992157056,0.665233452089178,4.45064395559664,2.08575292212979,0.290522377446007,3.2420757419709,1.9009946342055,3.28862288258328,3.58471081190258,1.66237890015954,4.75106341857599,6.04612654075329,2.29143496600108,4.54927741813341
-0.0972199316827759,4.29552037956277,3.25666599305056,4.83106977049883,4.9532535764705,0.428554614265576,2.67803372027097,2.14208428268278,6.19065042095872,4.90365325121786,2.05527738636997,4.35241853602222,5.03668830031879,3.63521397704784,5.62163198351396,3.18042124531078,1.7543515913513,4.49405015989071,3.76398896774023,1.59528645319268,0.627596088227615,4.94174370567818,5.92766400923907,0.157388819830376,2.06330944592035,1.30777592709951,4.87136492589093,3.77303043052488,1.65610295526696,1.89942683806621,0.766942367805196,5.9966194194744,2.15237204780378,4.15212346854013,4.04063307878074,5.68515016173532,5.02141404579906,5.5415732284026,1.21006829421298,1.97075922539218,2.27328271420693,6.00620590701866,4.45038501324494,5.27310286199137,1.29301472819061,5.92915051687236,2.12660075480598,2.64910579091802,5.08794210774845,2.66985307066836,0.249461096244543
-1.94493500219219,4.00827577979221,0.532279764640147,3.01149872960425,1.13766756268333,3.44955588624885,4.05306068489756,2.36340100605266,6.11319587654034,3.25882604279673,0.47701641181968,2.97215970967331,1.94815959876987,5.45146040494466,0.53117481968904,0.512841776089901,0.08110164307754,2.42491851360091,5.63409401501902,1.96193091854919,1.79417907670307,3.36216752388708,4.88483832532924,1.58427482742855,1.45572730733122,5.6743493088193,4.86581809351739,2.15523093351642,1.41423712927019,0.693068663560321,4.5488041348764,1.73468616292727,6.17507021467773,5.70304573723787,3.87776501924375,1.76363663438489,3.30163657025561,5.84159038013264,3.37129900148406,4.36554307046033,1.31092791137516,3.299485475031,1.62820228991511,1.92058144687487,0.49923792239479,0.251038465719742,5.48182996838173,2.0649008096699,3.14178179865702,0.0281762878954878,2.90070988659852
8.78794445599317,0.771609927896381,0.165434462575119,5.02281214929283,2.52330210241515,2.95068010483583,5.9593249621477,6.06512436797476,1.32344004343569,3.56627110987212,0.628151404615914,5.80811084450131,0.885602564421533,5.54583061552272,3.62127219805392,0.102805530811581,2.86866095611193,5.13712013097623,1.57169764086396,6.13959480381876,4.3894297987413,0.422763774470998,5.37140038002041,1.32417763502791,0.672956426307768,2.54944946483775,0.579325110781935,5.71537599054527,5.53731471922432,4.09621766207889,4.93500518023726,2.90861487269578,4.4283932071408,3.41704359108983,0.12121364258904,3.70200854170956,3.24856322481774,3.68445177510833,3.18017171244816,1.31913363393073,1.07568855860904,0.255518317329258,0.637978767473595,1.1704158879711,0.428078037979975,1.02256202585856,3.94616982661283,5.37279197791748,4.78631608406529,2.54956971085219,0.514186145139697
7.18617981605161,5.56866986958933,1.90172288360287,3.20194500833047,4.09944216612957,0.349204041704295,0.613887903603845,4.52465555011092,2.55625613446571,3.62610241122883,0.595923471473139,6.01726887974445,3.63580179216127,5.66544115298171,5.28251434210872,4.98633035173667,4.07093264597647,6.1116403352658,4.73332292994486,1.52298202556019,2.02863054860508,1.85889532485171,5.63758578981403,5.58648496557958,4.28319312231159,4.19153791506432,3.03191171648137,0.0155023614841523,2.50705102969845,1.2017155688713,1.34262991522802,2.33019575146909,5.32366672653357,1.7779836767968,0.713382053511691,5.00810575422101,3.80024639462474,5.35099591902985,5.11881258603921,1.44693392326862,2.142876501099,3.48301587290589,0.77184430931645,4.01163457825965,2.06066583299183,3.50278019166624,0.548915540924146,4.2652801219918,1.4030629528266,4.18725593043961,0.166486277267423
3.13748862019577,2.21085839640639,0.613739844590878,4.76832036743146,2.76611721887939,3.16093555977948,0.0168320121151524,3.67802679104767,5.30033447492592,1.94387238860179,5.20965198970499,0.031775840254149,0.0904840989001996,2.93436823909544,0.635400388988067,3.21292666475483,5.50907832880246,0.953460660286459,3.4951599450181,2.66966174292736,3.84527661938863,0.578707398011718,0.893394547411758,1.04310004102933,0.551889706044347,6.07894781445108,1.76459746873893,5.7024102017367,4.00632973740602,0.511496407867057,1.21199913249158,3.93299489025814,6.04749394929992,5.41615041647333,5.59999255633924,3.77943677993504,5.26525020593672,1.3179303326084,1.62008131420388,4.2165638410603,5.22500405683736,5.54644343044321,3.71292075633853,4.97768317463275,1.7613477790906,0.941643578160413,2.79806259817266,5.35180456894194,4.69587437467936,5.08891350144518,3.20601269301158
6.43648033602048,5.22409081559719,3.56584269723844,0.452942533891748,1.30265561141781,3.05811903513853,2.78107056476341,3.21949710090844,4.50153773303533,3.36006683643073,2.43315531877691,5.26047017231485,3.76159320385562,5.52553646879576,6.10811493383582,2.33543479026752,4.59543417466759,1.01209762947159,5.7610695828268,3.77262151127461,1.55887468259913,5.12351339825834,1.99756697244245,0.553519664498659,5.51085378323726,3.38631002730211,1.89373150048968,5.70894657237991,0.299159510154396,6.26002880908706,5.16478009363898,4.06155068608304,3.38179320921565,0.321032065028387,3.6817727595623,0.230025476158668,5.55514726782726,3.64030748475573,2.6723491980478,0.85839235251556,3.73569548986617,0.444718107928537,2.42076315331348,6.17465056346043,4.67395061328384,5.41386724022702,2.39165901108913,5.09874427729074,3.20194906646523,3.81156699307596,1.9441070640684
0.975165379316896,5.55055692494105,1.05885275022147,2.48827272503812,1.53406797634025,4.30176850853099,3.02445759588447,3.17889570848605,1.70572267003582,3.97825590644113,2.57742354965924,6.16475611117964,2.03575002230259,2.12410100816722,4.71071750724112,4.81445530161665,4.24132628380686,1.82861967490365,1.94993730317268,1.58692392483695,5.12301401361696,5.39288817719912,5.76261184958269,2.31199132323873,4.37674172444922,2.87211674019635,4.9486594958286,4.46162015972532,2.51741390249656,5.8069717038401,2.52894319937805,4.96604569203346,5.30800384197442,4.21279403429557,1.03369323054649,2.7047894430285,2.28898007974521,4.45138042951945,2.33753240852174,5.15254563513325,0.514811391938022,3.4109697322378,0.284824250084702,3.78663965459226,0.617964466734776,5.41270450708595,2.26368661236506,1.39043372880302,3.11052532504229,1.96139611227236,2.48152486325402
3.15960712924375,2.11867341970923,0.739131420293316,2.34791433290199,0.889853622958042,5.02481202852725,2.10162695258116,0.376224786701068,4.2519928569353,1.22040208273675,0.531098595805438,3.10028958421402,0.742910915964481,1.23762531571925,6.13802908502315,1.71326727211592,1.95873183416306,0.365694812085359,2.95636668099598,0.685846816318538,5.95780658776988,4.24152859074804,3.30484685181672,5.54944838560022,0.217049717563382,5.61178607231795,0.722520972972941,0.186096745322132,1.34751236920754,5.18819854623153,2.37824277810061,2.97871958355838,0.721921359425202,0.0619971559618251,2.41767671654529,0.273605829146726,4.0680532691703,3.45824346037262,2.48855740450759,2.55951806727545,1.39641259014373,0.12213968143656,0.941251535133105,4.75983930028669,1.47831614200685,5.80305004032708,4.98296234712576,1.30318694472712,3.97274713627017,3.14244269676893,1.17529237178194
-2.95489678467974,2.83371005843818,1.42194917402781,0.462823533177887,5.32549157932316,0.706031353908405,1.13447710805095,2.75310832665252,6.15296510995711,4.50700388986556,6.13452874045403,4.15108857249541,3.18220051796177,4.69264069228065,4.72334751977756,0.779398012209924,2.70111208537179,4.10880846694788,5.86583658542156,2.53775152422299,3.66819494288316,3.38708490867617,5.63030446617481,3.61889193086053,2.31921305344706,5.83652093742715,3.73923377521567,1.72997577152056,1.25448432306172,3.84756094987731,0.205006896937279,5.3484451472714,2.13019803964162,2.40708642435425,2.37119767769533,1.26497991617673,5.72982115233567,0.366216801736895,4.85339249745001,1.96296087285664,0.695497805383828,4.43227083681964,3.46307553145349,5.68446014423904,2.95179825408552,3.65009890664204,5.28266492026662,3.35177380399836,4.5153405099421,0.0747381937400471,3.22555326869214
7.98681374287738,1.54582775889096,3.12969705079876,0.090738553019235,3.35857388025454,2.55486536311736,5.64868449723974,3.52954940106555,2.18410817568375,4.40118180588243,1.80446229800051,6.16401028482155,5.31581590058944,4.70578074096499,3.58753937424927,1.07960639512837,6.19522375449642,5.97190377986595,0.144284950573052,3.9204802814773,0.724405242180317,4.76659333412217,6.15278372274446,2.80848977792369,4.229870138681,5.43757979348147,2.84963048826227,4.49384313942748,2.64423424884446,2.8709651676573,2.35248845641545,5.61998396679887,1.26539209773432,5.71280821528998,2.91379680209823,3.2078035709917,5.4336699401061,6.17194024439334,5.41094181514847,2.77840544255037,2.51504276976365,1.48648589725852,0.437645229634767,3.38559812455136,6.04254515491134,3.81076319420023,3.10774910444156,1.61495527266081,3.01799869114231,4.04900842229884,5.38406561523543
9.02316555027723,1.77768984677474,1.0963941525087,4.13676009012518,0.231222429879452,5.1186506219899,1.0570135681493,5.06210924199162,2.06466448695754,4.44746423878296,0.674610790624396,1.51049301930866,3.99288795894199,3.60070825558603,3.81071872880521,2.8160669416344,0.756057805253762,5.54016435929469,2.15651716620174,2.91803875982136,2.1968462217945,0.0568971090101128,4.04521534928498,4.96862574556018,4.09233226430504,0.660499775415401,4.01252393297342,0.271780765696936,3.75932500057585,2.96512530173627,4.58330740302459,0.118754401226051,3.64608618525609,0.227400809482195,2.50169386026513,4.58339583203372,4.65910194942882,1.07656716818951,0.609501835283637,4.041314614278,3.98942169597537,0.0520783592612723,2.2338441266086,4.6273898338862,5.49843658724549,1.96624239852821,6.12203887985835,0.611934824581693,1.42514677355209,6.28249254086023,0.642179862968942
-2.20495792907313,3.83021913129239,1.205212456565,3.03381504458548,1.78817364291836,0.628832242301251,1.32553563408545,5.21354162262668,3.72174371914177,2.46437398766264,1.99053743602261,5.26506232921948,2.77695341150745,1.28732080671878,4.74003503654818,3.97015973011718,0.562588518961421,3.60232233113876,3.23590435183344,2.26945260595898,2.70269907207045,1.99957156666184,1.18107999315674,4.74459301090897,3.35612617107477,2.17610568317067,5.75879009167113,0.189270072109644,4.29454278163046,4.99648378879379,2.36651403135694,4.13002785230616,4.53829460454085,3.60036004743605,4.65824165119394,2.82650449786337,5.53722426846239,5.82725521954138,2.2079794306802,4.91459011162771,1.83031733281792,5.83118054181252,4.11783787528755,2.56161632043612,1.16392329222557,0.185286255059102,3.68986274042819,3.11265482174437,0.147258055077645,0.721306508122748,5.49171874161454
8.36560352906995,0.42769935139473,0.424908295341757,5.73286021689062,3.44068341244614,3.55820172542987,4.53032701871606,0.169533667289163,0.554984627737401,2.24491232487777,5.91586882992251,1.74572217992453,1.78657205629728,1.65183009778815,4.10118441671272,3.94312892609569,1.29033241083847,5.7656157529016,1.74817623670584,5.13500255413065,0.830240031606965,1.14851015265216,2.45176701023428,3.12342548588291,1.61499193338788,0.106608632128874,5.95507908672995,2.40800906484307,4.76425295485312,2.95076504185951,5.87640021446768,2.88938480430339,1.95005334914932,3.41882693796767,0.124670238592995,2.2580297802553,1.4310319891178,3.54207824403929,3.61062676116589,1.79524478911712,1.75260781055583,4.44320640108407,3.96835402838817,5.59430033185239,5.36274966850641,2.39470289888499,4.67092853028195,0.521359872617098,4.53937219292388,5.22132626323106,4.22002761560327
0.906342436591327,5.46529899993769,1.41121959740645,5.58417647207299,3.42471448835064,4.456856152371,0.218054578437014,5.8829754738622,3.83693727682154,6.16823809612686,2.8871748514957,2.81913034622036,3.67959937092908,1.86426790758992,2.46500529094181,4.08349684621727,2.84908333203102,3.16651453246323,4.45563140905839,5.7130491140101,0.591794274012633,2.73976141988885,4.72597891880303,5.94580690128335,1.28221151997648,4.3411400227983,5.95186064208595,4.65290792648576,1.66851914477109,1.39379301149634,3.52667935328797,3.1764470542612,0.760370626728659,2.81603652317878,2.80889248269796,4.09812923226346,2.78017126805837,5.96975738646005,3.03193293318227,1.49914577380462,0.00944735525741012,2.8388379330176,3.47283543184394,5.79143404067978,1.06298433809011,5.42411132700293,3.77964854317869,4.2519780653706,0.407989709197592,1.73521811797676,2.85690760893784
7.26889660455547,6.2263628216207,2.3686432588821,3.86437427613984,6.14891601750187,1.42671605016448,3.67458551033309,2.32147516952471,0.568155094877365,0.97298711003004,3.1153087277645,0.417721025631696,1.374451759867,5.96540931451111,3.37372547640791,1.32661171858869,4.87668917820456,5.03422918769259,1.83084164119461,1.9849321600718,3.583847883341,4.0912906739472,0.554215169400659,2.05409780041263,5.81899086615503,5.96365230308453,5.4535371649129,2.70849493845154,6.03309945567719,4.81952920037062,5.31673573959014,4.44866662724441,5.96703652560527,4.03500722542422,2.18173622956839,5.8933222604131,5.58533242020001,1.32240267798525,6.00410726472178,2.67657693620721,0.440965867884107,6.08810983924047,1.17715238434464,1.04081993252223,0.91441983865096,5.98836458675891,2.01387692907475,2.94198027731024,4.36066873421324,1.03925414935822,0.214297945249591
1.89717712727129,0.459217988706773,0.979209039598381,2.11156614528558,3.71828213458717,0.956480254864694,2.29941619207404,4.36449814318635,0.577800991524821,1.62194786893623,5.14221680443885,2.13346582266076,6.0849521159372,3.90698943088923,2.61708761096945,2.71323768668033,3.50858652083744,0.939461196969762,3.03601917059046,2.46524019608655,4.49923780052534,2.43401783186976,4.61669907872191,0.0114959482009577,4.35791782355819,2.94880024486355,5.55489260597385,3.19980926935694,4.3773364942752,0.762226120337416,6.14724135373397,2.02473278771055,1.11973390449734,0.818506054931165,5.9146688801455,4.28011475499952,4.79899972132684,0.162924715428362,4.34076522026056,5.87887973187524,2.57527035075843,5.61066608856899,2.80253983554757,1.99463792225289,1.30665305262442,1.16682062196241,5.76635922103575,4.23752128508482,3.98054668839854,4.19371466255744,5.94676970911387
1.62099185138627,0.0099497257145847,0.52257432283811,5.0383899271298,1.07149735829158,5.92884288275531,0.566814494304542,4.42847380514946,0.350745432172252,3.30692867055569,0.92112380704101,3.27891031198145,0.859651891334693,5.95312612766708,4.46542662868003,2.5814533052633,0.474540873549289,0.302808806116506,5.27260730434369,0.982013969966418,2.30189518575693,1.23308014042874,3.54413322847193,2.46972390102229,3.36646649006485,3.53791009053325,1.87555652080026,1.96193175094958,0.22438114614681,4.1525356486348,3.85667130293723,4.90760126042257,2.45111085051402,6.09837110945214,3.54791882451148,2.16478537145139,3.05845654935735,3.29351192847167,0.83574681806101,4.17420063737711,5.72281652794781,4.74774113600673,1.35989842552507,0.513704902145423,3.69568842400558,0.154300592450452,3.61682937875267,3.81184853751199,2.44595116624389,4.67422290183718,2.41143876509814
9.02786642352744,2.12349506164711,1.29179305115429,3.45528067236632,3.02273669220192,4.35353960233056,1.31841876145628,3.31154632612243,6.15292862916897,4.37710833757156,4.62013648855526,1.06658773060873,3.07758496249825,0.103005378587472,4.99728189106652,0.110844542148671,4.79464340144577,4.96450291471916,3.56628368657884,1.85007867453998,3.71273596345259,0.376935233848329,6.04235056486302,0.147039288845154,4.65861307877968,3.39820853544845,5.74454054104586,4.42734335714748,3.97067073617977,4.20256813159139,5.00896196359986,5.48323948995111,4.73085773011653,1.01331046024229,0.855096367361691,5.4909414508144,4.91960280188924,1.48288050054213,5.42928737254886,3.17358117433722,4.66159613405305,4.25403489893169,5.34352725263849,0.786377272524131,4.67106143053778,0.141310590884746,0.855596338633216,4.40783818115861,3.20162557431619,0.192472263733779,5.44399283574185
-0.953551774117967,3.55400510938968,3.55747957493797,1.76375228391073,0.300063594990301,4.23047594037222,0.334796942116483,4.60452428533004,0.107058931479935,5.72926374543744,3.23333515315886,2.18076787874126,0.752170075588502,6.0453258037651,5.54285791917227,4.90237561171333,1.46445052399106,4.2097072186316,1.85363778306542,5.67882303226498,5.24694465788289,1.98982438195533,4.44145803842918,4.2328295356432,1.76056401487796,1.13209014215567,4.54546238086751,2.95406587073514,0.732172030795381,4.03073510379321,6.1393649223347,0.418227531758281,0.615687148012454,4.43221760123074,3.91575626737744,5.67284535588791,0.378903598901492,2.16358098756969,4.48000917749601,0.870578425005821,5.65175590691342,1.77036145667216,0.676533518485158,6.03517014014666,0.468680890394612,0.68917252650486,2.91719617606151,5.2888923796653,3.40177773810864,4.27039587775785,5.74490776566796
6.19960906001618,4.95083506274683,3.71896114801366,3.59276856907194,3.19819941285996,5.79495570874282,4.77588625789546,4.46632046723771,0.0306724986612572,4.82648673049967,3.64366466377286,0.787518129188247,2.71786038638861,4.57644850575827,1.94676433333718,1.51458886808863,2.64989925574045,3.04100179203379,0.684922973311055,0.712101349193787,5.9488039786265,5.76122086172246,1.83489552324364,5.2625974409927,1.82684547711548,0.619352480482549,3.30854192687429,4.56035550865463,2.45495138936788,6.09000592882593,5.70800765400162,1.27510621025181,4.42078380949313,0.378186910945705,3.16555915625654,1.94184176029226,4.03375015015913,2.60871285847025,2.00632359337372,2.14923092569487,1.52680978582462,2.38128457684945,1.57603033754388,5.1711070109862,0.211688702118427,4.36133802069742,2.55350374333758,0.96189851429409,6.19409184211344,1.39320129039164,1.34640841318905
7.62150611868475,1.26960204680988,4.10503392910608,1.54580193692395,4.29700180355574,1.89021545149499,3.14566704721321,5.02517185956137,1.57973842964652,3.98296477495012,5.49226682972461,3.90759270904675,1.3929223909115,2.82046393502683,5.3793423238171,3.936912324475,4.64487170785928,5.53244763027338,0.779511208422144,5.52175682536987,0.0290572249786248,6.10212664983976,2.08116701188537,3.99074211120454,5.25556888911673,0.590418553165481,0.231159369332727,2.34861835491304,4.99091760640281,1.2921015717997,1.80873163569842,1.86228529956634,4.65743242928089,1.92764412862963,2.89415784371392,1.97378526705039,5.12433247438757,1.88472635172052,2.19713433326979,5.64086956399069,5.70948564891461,3.80193739187299,3.42771304470397,5.18455085509056,1.1652775842487,1.60214629989283,1.4535503506408,2.55841516016923,6.26634647640327,4.76314579065528,0.857588157189025
9.38210374054639,1.29951481261379,6.27184930858974,0.580756971110379,3.91190059609897,2.01735123223914,1.9003083778716,2.21024151018489,5.28405107610843,1.63903903113745,0.174472930766456,5.91815094409029,5.29726697709518,4.44909980606519,6.17082382870157,2.10887579651318,4.51185925791684,0.291431567866009,2.61972508110496,2.93971187214777,5.44408710618288,0.722917763169417,5.34384487848602,3.8568863943195,4.70560318074604,2.61906998785198,0.451053204450736,0.280783646943077,1.99496443386484,2.64985794878556,4.177232559966,0.8985046870353,2.13316269725723,3.73738445365829,5.61339983334329,6.09186710733434,0.132733845971752,5.74067033421336,1.41588360406962,5.0643452171861,6.01740346967066,2.31559549402977,2.35121348673641,5.57907286437867,4.03142802518188,1.53481483844434,3.59936782178587,5.8506497344054,2.60951328239398,6.13077263830587,5.35750768485389
4.46868830681995,4.32666685929295,0.409079789438095,3.01864821652907,1.26070375835474,1.9776399464704,5.19458478344395,2.64157762764838,0.430033846807263,1.52805743404561,4.7756153357076,2.68196125154841,5.72451465399586,3.34130385291144,5.56177533271276,2.84006217893807,2.82576375368269,2.63561920473615,0.25972755835247,3.12063899998601,1.7130389881384,3.22559040486758,3.19876831097971,5.78608711021009,1.80746588679204,5.42078348680788,1.24667110435266,4.67859839764843,4.15037905722696,3.22634198927123,3.12249490613767,2.58098084562918,4.19081743229903,0.141759747696788,3.77180038559714,2.36995826424021,1.76117378692884,2.84333761009292,4.87164542726637,4.45652144988073,2.06651059155806,0.0329460372032632,1.17312153155202,3.9975023990148,1.656572826999,3.93817263717779,2.48882395988498,5.99890889943472,5.31136338506716,3.11371888252392,5.80723798565181
5.28612889095937,3.79769394489925,3.86941072126513,5.90860730395366,3.66159900806743,2.15367798014396,2.19553596360556,3.51727440071108,0.0473455369316537,0.649473908143773,2.48750209636691,1.04829455445309,0.470175591832069,5.98235649192622,6.16909803009513,3.09065085879099,2.98242093307159,5.07815720901386,2.10191132630076,5.72280345238601,0.926756190863833,0.188375306061904,4.56304013302858,0.539311186761387,2.91061005303734,2.1247281450557,6.1856397787825,0.935236437311565,6.24192868837867,1.63650311823793,3.14725470539126,3.99589829617462,6.03886216355711,3.31688038876469,2.42583103069663,3.88296217177173,1.83691564780137,2.63011906578185,1.83909741456642,1.25985087565161,3.10311995033871,0.556672699149494,0.536840698484206,4.79250192637046,0.502494486295177,5.61510693293084,2.07023299099951,5.12268311325078,2.68667314537199,1.15265072868948,3.00002293163691
3.63184747543729,2.35684377273471,6.22285871442628,2.29032873807082,1.57579953588435,2.05180416283913,0.0884243468175434,4.1979181382205,0.421569939691559,1.16773303519094,3.49027938259165,3.38729445706185,0.807366467722645,2.54845625025494,4.16842626565135,4.55698465720514,3.185887045189,4.14736573856729,1.19620104796937,4.8769870853793,6.18353531846043,4.40595333409859,2.45359732555998,2.66537237641803,3.25419219418977,5.47828833002399,4.43778487056985,4.97438796043671,5.63942965322405,0.693592819793532,3.25100828026411,1.54432559803422,2.7788222396145,1.99406225082244,5.88881398723114,3.8252279605558,2.04714364084683,4.16726378266927,0.0962911668450313,2.54885512803552,1.47959534537081,5.12614023736816,5.25719731735873,2.83457681838221,1.17789548382343,2.06783571884636,1.86741633112297,3.67687011146161,4.59582008953106,4.5829878636802,1.50314365534958
5.98639302875261,4.83252622540602,3.76563169015479,4.03420139309235,6.17890157225773,0.34182022456153,4.56413282165202,0.772493016932012,0.0680829683174805,3.47831333005468,5.70716755135083,4.20451162703721,5.90370933719083,2.29817517672363,0.665763505345167,1.99425603041414,4.35682779159399,4.90266697379259,5.54874055707632,4.78992333137305,5.69765880034747,1.85991636998805,4.81432453136955,2.63740918448456,4.07901508403675,4.38772860641696,2.3735951868412,4.00677492093256,1.45505240763036,1.42281034123602,2.66082521155893,3.56099966890116,3.7553627469378,2.46079694961322,3.19554407903179,2.67573371022632,2.00555622115815,2.28712417066772,5.50806020218768,5.31561219070982,3.20094681104869,0.0675920291021773,1.82624897812033,4.1383877678902,5.2386122261408,4.37777438661803,5.15339669504045,4.61165921329414,3.69949610133062,0.816028620718943,5.17741764312936
1.39631823855038,6.1419774936045,0.589495460634972,3.07674911693907,2.15289984816593,5.07197165929231,0.927621035848098,5.42831074891999,2.93015106759332,0.219887765470898,0.431402323284087,0.513738755532695,2.37781346284648,2.97588179166153,0.195982398150681,2.19078264286781,4.01892695278203,0.893318940879586,4.33751047037859,3.91556040751624,5.45974429267612,1.53521364161609,1.90729541505831,0.617510747081246,5.52289524627539,1.02206306546343,3.41452525076228,0.0222162704025506,2.5879648487238,3.05275095818801,4.93089819279903,5.40443138496863,5.99004445558934,1.17218910414124,3.05294558773511,5.61917215113206,5.23591909050946,2.76316257786387,3.73051079408564,6.04468111039674,4.17771851794524,1.80238914851408,1.69177085542388,0.410302819673642,1.46787390151419,3.60103324868902,0.536781567335442,5.06899724108728,5.91461537245383,3.41240664402237,2.65895258864239
3.89470955889768,3.20358213654629,0.372092746790735,1.10786840709746,3.02065057540964,0.184379083466049,4.67835226607035,1.92954600698192,2.47665202649795,4.89042361343034,4.13962585447862,0.328627431828758,4.55894636744396,0.188427826283868,4.52911627699238,4.83285050314206,0.492186490480062,5.04042887505445,4.01588493020673,5.41746251647614,4.10426154785902,2.63984234348111,1.17744482898328,2.27530645217231,0.693390547962384,3.40275770889407,3.72743042696455,5.8678666241751,1.71503045559387,6.02345195713444,1.44919869746841,2.17992706364937,4.15636848083621,4.97737444917881,2.43312411912304,3.99542010336454,1.95847225251615,3.38494634480783,0.00707107597869715,3.63956502018339,5.52430445624321,0.0506532195784841,1.84412181987593,2.47501728430152,4.5208580459182,3.0174142114821,0.361989262534347,4.44075072192661,5.49344804683562,5.7197667372775,4.90285149164993
2.55506583528381,2.1105356950489,1.97756360701627,0.687443721601768,1.5887740290555,3.00403690674366,3.08224240797384,0.391622591967177,1.55166370191285,1.74564290146798,5.84135744846439,6.06033646092779,0.0367492599427561,0.113645954198728,4.13563339450807,0.834938647986054,2.18818730623591,5.42494153593875,0.770823834718159,1.86255859753315,5.07128199874804,1.18909804672943,5.04254286043614,2.33808373406951,0.170162346093302,2.18053740038663,4.95012271673191,3.53813230486366,5.00772706470993,4.19877542723289,2.95342940481807,4.87292687328374,4.33904596674961,3.30191566284094,3.96588061281191,0.947077316726006,2.58006242858485,2.3389319763965,3.30114924591088,4.19392447426837,4.8582225233714,2.27163544504299,3.76209594735691,0.684508693928941,0.640557005518987,5.90958445715887,2.84296390474374,0.756502154916995,5.4073046599435,2.3370032008324,5.78759682850163
2.92039624135703,2.42134452573569,3.54082159009461,1.468832079209,1.49734526397188,5.22382892546556,1.56430641696696,5.53330570194694,5.77384869889971,1.59966448862971,2.04172843891621,0.91743632160244,4.09793627775756,6.25855294271988,5.92741282766778,1.17591849194236,2.10417287915494,3.4846399972429,5.16017709504847,4.62261213800742,4.66281208815385,4.30749298450982,0.987521202610477,1.36509068898083,0.904941029191928,4.7155056088562,3.21868630050678,4.47526444116155,0.867154684679008,3.06340841148514,0.964759610475945,4.06844113264066,5.3952070427949,1.97468577358867,3.621429862587,5.51953562272215,1.76839834642074,6.14798604486763,1.07866432562453,5.87525780418456,6.19607206411763,6.02391371552282,3.62947483238942,5.10564330971456,1.35342325898554,1.32535741409044,1.47377783950548,5.25604344657538,6.01215244664733,3.12568125435901,5.65242849666663
3.93237723330979,2.59470529643907,5.51627446379608,5.35191084701456,1.04161242596705,4.79778218727452,1.64614349968423,2.66641576177636,4.84048209033116,5.65514796336048,0.492060198225196,0.568359375295036,1.8276188984973,3.84982250273149,3.9629307379835,4.93943619817837,3.04506631681185,1.92559622764633,4.31497249697582,4.8464444382526,6.18140123551016,3.69756706829294,5.80362690403576,1.85286696275195,2.26322146732133,0.241817167878531,3.11425473478717,1.61702072719814,2.49016484280099,1.02518135288404,4.04776867383548,0.542791313802647,2.17500934895538,3.76196928059501,4.5285246465886,0.737994172648101,6.23223855162558,1.08397102584704,2.01026279434868,0.733868098517695,1.94997094882559,3.6109215259926,0.777154598077007,5.3969099876951,3.72287119595714,5.02228932577799,6.01637725165599,2.10530870923254,2.02916942325709,3.95001180205225,0.170448437278719
0.593524100374365,0.342646720611265,4.62720891334442,1.00014755638879,5.36362661913778,2.0092903371105,0.43315512735827,4.5040234971031,1.95822593222164,1.63515223335101,3.52606726251193,4.13351576646036,0.823385015462312,2.31785680696538,2.18404276861643,5.72921635420626,3.36137966935549,3.85537741480159,1.23795751954545,0.867255902517995,4.61543380233807,1.09242852245572,2.80434446788346,1.33073685937736,4.84528745437957,4.23142533031812,4.72314396204142,0.476367323845417,2.36559264166308,6.26280016841102,2.31158824834618,4.129207989127,0.436047768442667,0.925314969322599,1.79377965617989,3.76085959140058,5.02744297112229,5.74318867600383,0.0939831546384874,1.62506270679602,3.05262282119344,4.39150305648367,0.0527515868467606,4.30879445933861,2.11443369878784,5.5985876736831,3.52604474966561,3.34285015293247,3.7479099941693,5.46740739697231,1.50744904373772
-0.870291842751232,5.36000950298466,0.0829728820735837,5.33779234605375,5.64900643138102,5.18342645771775,6.05653478302979,4.38975810096498,2.84059600213395,1.00926279413218,2.81227364333116,3.44656836176075,3.08601520055436,5.51394811683725,1.49631159092667,0.848231062514188,6.26388204021818,0.961694106602547,5.08018171793707,4.19066774359532,2.08144535838247,3.53636809002845,3.70048000590277,5.25188770154049,0.298624668767534,2.14155498721836,1.71622127676207,2.0978015929653,3.11193455549096,3.20160064034045,4.65183548757437,2.04831555379885,5.20692492461464,4.60498808448914,4.65364917244734,1.15473944801303,0.186039834883012,3.0032330976275,2.72840671642845,4.64834179635668,3.99363004608147,1.0247793459217,5.79484062536628,4.34642293158409,3.32819616982668,1.2887179915,1.28664312162191,1.34714084799504,6.05596415720379,1.96018192245077,0.10575868403941
2.2906981265289,2.16217971539536,3.45881616354229,3.82929430227812,6.06550432583582,2.04499488775406,5.65016732270823,5.22585811718954,5.23397049386831,5.87260006239323,4.61310748024885,3.0877726055059,0.814989128185621,5.17271307559952,4.60705177913602,2.68054691990439,3.90797638564557,3.95204692737195,0.266865829084384,2.28766458577247,5.78313027920621,5.86157798407943,5.00821450901394,4.46233911812996,0.900640752239561,2.81731190247488,0.992158775806873,5.78084279320324,6.22137756107316,0.701106026188736,4.66703774311791,5.86933936428635,5.59097700768545,0.107183978791514,2.633828720281,3.01902238123454,5.87017101273357,0.950942910977809,2.56468913597408,3.15150715955162,0.925076759445916,3.55047106796552,4.68386843860679,6.02970210931837,5.98518026175328,2.29706004547393,1.55793396483161,2.88683167432099,0.820505024230546,0.702331710157678,1.39897058725458
-2.89628324738486,2.81226666667484,1.40364261070883,5.52444534988343,5.54688395896442,3.81958653882509,5.45854792558548,2.78238216444823,3.9927580313357,5.67505782198886,5.70569259638161,0.109300417486824,5.12993459189826,4.88045411345208,0.0882214254507682,1.50719140630894,4.57344830947377,3.60851887907843,1.82551717090619,1.99703025998336,4.92169243992533,5.15351995466614,4.92354708650452,1.33005817803327,6.11130878828982,4.11653698562599,0.331206483256602,3.66543382105992,1.63365260041671,2.90537380987536,2.16029806627426,3.77945523757245,4.11022275470435,1.6362173415799,5.23657432273966,6.06769234511275,2.70415381390057,2.14290947380959,4.61143483969665,2.66042906212058,3.23924685339348,0.502531089968438,5.39900142658336,1.778207930435,4.88306091936172,3.20167137681834,3.95965596953053,1.44043056776061,1.07401680165936,4.36415580865245,2.38811822853847
8.30182260486889,0.757886231952216,1.01199664716241,1.17286064059343,2.85964247430739,3.9108423913805,6.06923159240572,1.22403287863683,3.38060263381769,1.17339219480337,1.75098963005497,2.6078438953716,2.88809527566363,3.3520869401503,4.19767775737339,1.43941257280847,5.23386982754943,5.5377461103592,3.64828901950441,1.11610285843827,2.3237047444526,6.18057515346625,3.86499318118829,3.36913591471996,5.3067231127869,3.0138380497206,4.68310804012171,3.54506799362579,4.21558980240768,5.67810011666693,4.70508706909935,2.43628068233228,3.73466088201631,3.98826073589101,1.1027657020236,4.6631013216873,3.59264876193292,0.599327741823235,1.37673843102461,5.91698499252944,5.49765832214191,3.27579701603732,2.76511779274642,1.25814916984302,4.32781339500505,5.10027886957839,3.83185213846797,2.23811152301422,5.74632410150975,6.03063966864576,1.61473398289463
5.74001941663998,3.99844234728742,3.42648833064972,4.7093296266189,2.56784423480232,3.50897469883519,1.06934964240773,5.55353465811845,3.62792925797576,1.69361208265553,6.13204504641535,5.74356593039228,2.47277408521756,2.46670620092297,3.37365103289561,5.04199408182874,5.06415158534913,2.9774110457611,2.85036628631693,4.23332539757784,1.0823353927335,0.637127779249377,0.792309860303082,4.0841627460461,0.323179184041655,0.235712473639226,5.45291227506659,6.07439266205927,4.10150772307116,3.90167158469387,0.00446318458383843,5.37889759086933,1.0599777400761,0.221751463124243,4.73394344859195,5.12084003250192,4.7307787852053,1.00325938648901,4.21233951442585,6.16996612568337,2.80459342874511,4.05861755142621,2.46403062469733,4.02992565220201,1.96813882312191,1.34145823634289,4.12646880376036,3.95061388207987,4.00711333923475,2.01041703419053,4.97041062996493
-2.22894188424118,2.8056831110719,5.99089707350429,0.739434045378866,5.40271668552166,0.208457550567996,3.37892371734694,3.09923652750427,2.23862729526392,6.05698589868914,4.43232862647253,6.02476994099376,4.15060824382493,4.90902793616935,2.28098278498007,4.21611679377613,4.96281319752423,5.15975098797369,4.62632482220991,4.1177083397433,0.900798122726102,4.72241466812054,1.78658155356145,5.6839755862724,3.61895609005873,1.70563310726517,0.0810175384542448,1.89471247629984,4.1526299176129,3.68656415713181,5.43966655395771,3.50888821843293,3.34032632812504,2.70031596681597,0.202590603923262,4.01577592818064,2.22272614816303,6.27733445994831,0.14702245943557,4.49279970725577,0.13059843615479,5.72005339461221,2.26288636252858,5.16256325926465,0.763655628293589,1.79132646983483,3.34536446730947,2.41067613858883,2.11378142750383,2.079086932556,2.01796606452366
3.35957275618456,2.31008225756991,3.90051085282473,3.80325643634792,2.13942184931318,4.18147207022719,4.71505617555265,1.81780797591299,4.9320028510182,1.51660188140157,1.68640625729255,2.89433899100801,2.77459023266013,5.82480735382937,6.2585859988168,2.46675464252932,4.35936343824242,3.854660151919,4.17211736010882,2.53245936101744,5.65546816686967,5.01487976273994,5.49067750674579,5.49672168445291,0.628926669274513,0.88151718282042,2.53028060493779,3.43732492411733,5.73391085247095,3.14803965310463,5.44273599600658,0.224164468961336,4.58366473539463,5.07593553091776,0.102339044271973,1.77123025153524,2.14065356489336,5.00336302647308,1.74476482146385,5.41343308417697,2.94582255996245,2.42364253597132,5.10499724266614,4.83378596610785,3.73324029639751,1.6970854788107,2.32711017343381,1.80789235959634,3.03399963558873,6.00445829337782,2.87323318075772
-0.291922412143863,4.15947897675514,2.04333928580874,5.20900913376175,3.80431272025495,3.89510821736042,5.70172258927774,2.15762886837146,3.17534538039492,2.25099384210594,3.31026337915111,2.76459695294849,2.13483108656948,5.60102316018232,5.44843870669022,0.544526874461429,0.948762052684879,3.55837346030903,0.0474775813804065,5.39037026111781,1.87118074849749,3.92689272979294,4.35191441006335,0.390998730552274,5.72868320834145,4.30640452810838,4.82117051106922,2.52862713885286,6.13037929767023,1.22943101270221,1.69190336361766,1.11677446511053,1.44175410924572,4.08815163649654,2.84731041137033,2.86753587409346,3.52900581874316,1.91944598545263,3.46599704030034,5.50476906807017,1.103035292956,0.104756225277264,0.779933370006868,3.68786640730718,0.820411337493832,0.300371508524707,0.135376851789267,0.757146165102604,3.19064696368728,5.8488083169944,0.409615874305324
-1.02406390514384,5.13318621113553,6.00048160220124,1.81136711626534,5.35046754081506,3.06163572196551,5.19096180098933,3.87358605331019,3.56431401075108,5.89299762718797,2.15065983678046,5.57968114425312,5.52068971879489,5.92766758168502,3.99983099594164,0.105019376444281,3.95858002254159,2.9119312362985,3.19203234418251,0.290104850385758,3.05054991601434,5.19408052435953,3.67851662429691,2.6582985062658,3.91915659662623,3.31681319840023,3.64738956773006,4.15759392342367,3.36728858711992,6.23420195153478,4.6247100283644,5.40466106018124,5.76666668838014,2.58113364449672,0.767171550014412,6.01199053380015,4.07943716369806,1.37485697061994,5.37682133999658,3.69049254129049,3.45430933279755,2.23756153311064,1.92860344008594,3.54539784215388,1.56253326077646,1.9533156008752,0.0796260458872798,3.09268512098904,2.6471739710214,5.03203997467451,5.56546600438691
6.55277754718911,4.78955312824975,2.683950681159,4.52441322065692,5.43663139685695,2.32386759210443,3.19762051862098,0.598711609004544,4.30897960039905,1.21557098888516,5.75298324462693,0.244153430496103,2.42275484166958,1.04053612641485,4.02344062120587,4.59738522608528,2.81409939727828,3.16906086280239,1.32596401160909,4.18069426009113,2.93022792199461,2.81337737552318,0.589013750969831,0.852188402210413,4.64063227513275,4.97786782561563,3.23476998759976,6.27904472090183,3.48356822688508,1.7535378753539,4.46917836840648,2.43363716449343,2.51957443793153,3.30816483633267,0.376872974980712,4.93307157265474,1.3227496455807,5.26713190333412,2.9089862256727,6.11955147147066,2.46644252164252,6.12847422576776,1.45832414930582,2.19042849527043,2.80751493320321,3.40510696515002,4.08695452770644,5.27573966357331,6.26933850375322,3.27565878783384,1.26537913042847
-0.159823187707776,5.03561012237978,4.28151218116222,0.387099559404716,3.49008138540713,1.17300337604751,6.27331523881734,0.535339608483496,4.69204966459912,4.50734953205723,0.185829319508487,2.87861956320217,3.87361360883513,4.3064403110846,2.79835328877252,3.03550360753805,1.3017536302581,5.40290731691365,3.72068338148874,4.72176500375655,5.42422671612935,0.0219930086228013,4.52505827829188,3.90330766546035,4.5857710404564,1.6426184830017,0.232173895706109,4.96992331586062,0.803415642400626,0.546948545162306,1.50340994740171,1.34437443918587,3.03118193102002,4.3899773953109,0.595103766289128,2.55581745214712,3.16890180703422,3.64673380299768,2.70628432440488,0.92522849916077,0.755318654190868,4.61057084466779,5.35974069178759,1.81836411592417,0.605539253951933,4.30260340904509,5.36403983497845,3.65584725159226,6.07577820201257,5.16389545244727,0.358716915210803
2.96728474031988,1.1217893438975,0.183706942828694,1.15893315430915,6.05750720808377,2.55800195456899,2.81495141539683,6.26457744856758,2.20208259515618,0.964391963070526,6.00680670699296,1.87913332478278,3.0237587921022,3.68337238879899,1.36069182451618,3.61532976629922,3.42434588419679,0.969244472579882,0.925078092164286,3.22018515955742,4.91816354504698,2.75387003883804,4.5460533646615,5.49430353060709,2.17466898789798,3.50220894995173,1.7201883507152,1.02417463995612,3.50458009877674,0.272869782395996,5.56904601362295,0.362255579456087,5.97929962073241,0.849079487705931,3.51373872520744,1.98906244740627,0.294049462694694,4.37385511058731,3.48130515259609,0.00100371833461175,2.34920637922376,0.0462438469732735,5.63949790566704,1.27545565456757,2.58264796366562,1.03201253077859,1.72262728677524,3.96384312049075,1.93139905166581,4.91706908775559,3.11982459641712
0.687249445448326,5.50783616945011,2.91165916718287,0.40000330585755,0.209922652783955,1.06640478685125,5.65240130394537,4.75270146989312,2.61438112913648,3.51390860364355,0.957978733556632,4.40093809689669,4.38469105890805,3.29209466513982,3.98330969446026,3.36446347287114,1.79577783842934,2.64978723278853,1.32338752467664,5.76036697984628,5.44877511494298,0.367203509260081,4.9944495470766,3.13973039544784,2.41273932414022,1.52770966769689,3.60653708297438,4.41162336465526,4.61445982805385,4.38875553102106,0.792855018188239,0.546676907607511,0.55170663501299,0.731345758572112,3.15370397828079,0.862829560063065,2.50923964877179,2.97502155779505,5.35330500501826,2.17834981413345,0.48890273971009,0.314765165358289,2.13500161307831,5.09333404781868,4.38244662512124,4.94166467445478,3.05994814940848,5.73086474103961,3.17298529854518,3.15760976620682,4.57073514795684
4.16858325097249,2.84798622100622,5.3780177304939,5.01276985012219,5.81877726841211,3.64042857194807,2.70352162701887,2.83206098695916,3.33392051414289,2.68597469122714,5.41645423091128,0.62179786508549,5.11957749908948,5.98215425081635,5.19498307313145,6.20536680044642,5.25831646724439,0.183471595882692,0.84261120419596,4.44790424211658,2.11000271303092,0.482628932140822,1.5026920276689,5.45196973596605,0.460339678218215,3.62273112236683,2.42248354643762,4.57010119679595,4.42174362858202,5.01339879810325,2.73657079263214,0.965147153567241,0.344054763170461,5.11046065359913,5.68058040503233,1.20369742056624,2.85964145904224,4.26269592548107,5.45471085531039,3.28838846605318,4.38737739635908,0.460051184921311,0.701448818615988,6.06589494544384,5.02314641729643,1.64743633159301,3.4474202584571,3.09136580294843,2.05488088290544,1.15309320435465,1.55807148351981
-0.0238942461718426,6.26053483683944,5.60772096237266,2.55267390890878,2.82878104562787,5.18375411479455,4.19977719257187,4.71330989170434,2.83819631616596,1.99020766502918,4.86879907583584,1.42262977618334,2.70469534667472,1.12255080153527,0.890064066649581,4.16843941143321,4.94688238537053,3.30791162423108,5.2986700852317,2.79961751770701,0.443736264607965,4.4180512438308,5.46597628712084,2.04362262817109,2.93397101441229,6.2466783342662,3.05267134911197,1.37581410232832,0.32088899456607,0.341991631747042,0.505920014307883,5.70294380695778,4.0871216178207,2.98190010351409,1.19493143110759,3.26658472099396,1.44907590305067,1.23620147218188,4.08255500639158,5.60490822002208,4.30380424681337,0.611456498646069,1.90129675751015,5.25659680119054,5.72144793443754,4.70438971799473,0.836846873939896,1.77141342350795,4.92356294307358,0.773984875919641,3.35941414090048
0.674861549454635,5.02950817550062,1.83653223452781,2.54904938746435,4.81687326820895,1.40347160875162,0.882060933378385,2.37849050133356,2.63227688311504,3.93267378851725,4.69479431981645,4.0751555389512,6.20933628528854,0.751340276269744,4.03343767524616,4.94610817401295,4.6024548487297,4.52668638176606,2.01335997771308,3.81840862352019,1.23182974777344,0.420095406042742,1.16167923733453,3.46688487065347,2.18346484136629,0.5879991558393,2.10297033708709,2.69382515144175,4.68163525904875,4.79807319971635,4.97382554889572,4.68090032850452,5.92642029773064,2.64655105757741,3.00588099105431,0.746427019087147,5.76107571976814,1.72204952337194,2.09180158660666,1.38042127608703,2.84976405853458,0.65652048902215,3.02078053520013,5.89046736261515,3.85014964339821,1.39484808557012,0.533064595320066,2.82221917047086,0.128362398054828,2.0445617586725,5.40915991509661
5.24860626668915,4.33205108978491,4.69484411901079,1.59023995489434,5.13763751536165,0.204906537831205,1.43005113180402,2.43680584212729,5.37719199955032,6.23469040525227,2.0758128897104,5.80687731636563,0.770702285243707,2.0952848516072,1.19381015706488,0.0720634747844093,4.02133289418772,1.50723822700207,2.95234267904872,2.94918059624957,0.6512859794181,1.06721956346425,1.20343371641619,2.24688733450485,0.422343065563926,2.06976051527328,3.02000761267338,3.70159004180879,1.12389357893019,3.73930628328735,0.462628613973005,3.3335430622605,6.1149399806407,2.28935559911282,5.77314912269669,0.611846550641871,5.15296117116199,1.61371014797351,3.05531597291688,3.53884069075934,3.25459528078565,3.96063662057287,0.610770215979641,5.08462382187138,1.07231690401752,3.12491116989333,0.522699579346975,0.950954457790208,0.798590098860226,5.95469778591009,4.48502610144245
4.20254373927873,3.90057909649021,0.507717852852217,3.0497666784522,5.06479156519543,3.15899800085523,4.89687062172269,6.03343606288681,1.03944374061545,2.88498405560026,5.83663921435385,0.268015103379129,5.02637553392781,2.57073358432104,6.27776267801389,3.46230354226847,3.49997541929336,4.95971566013365,2.49564909739078,1.85039187067157,5.72075173611237,4.53119783679485,6.12066785936698,4.92598730846956,1.52669662033368,3.40365437527239,3.06693436882399,0.689377956776141,4.97638120680056,0.543717721305524,1.81036733610619,5.39873115831988,4.35700094842952,2.94723377412804,4.60377639918329,3.13214329559753,6.19745558524399,5.09630554457631,2.21745383382997,3.40598419080999,6.26247578388196,2.0959556843958,2.62396163480871,2.81183711735382,6.27811508620167,3.03073299218277,3.48710262087249,1.76356293696081,4.40783367975968,4.17562449700658,1.59167731725768
-1.81722197645843,2.97453246624528,4.65964450624563,3.13639466719851,6.27828990491215,1.01719979180284,4.5783738127436,1.22755983514873,2.50819169618322,3.81807187879628,0.117312576962569,2.57112249377782,1.71264157327591,5.86637427803575,3.93237985170217,4.48429549674698,2.6992219644921,3.61176087085182,5.43081080277156,3.10127763469601,0.567540012433856,4.25179243715844,0.909456558447561,1.03156946116868,0.134239043846428,0.883103663349416,3.89658603233449,3.3060289086427,0.746797538200755,3.11025981272549,6.26709557384618,0.941464275606028,5.35902040651625,2.52307055027864,5.30720061217381,0.893510660682628,3.42388856576479,0.561910943583401,5.61780695598049,3.82146037888948,3.0063111035988,4.9465243990761,3.08448470004859,3.09916279497016,4.82799466256824,3.3942694573586,5.65864366609053,0.879030254269863,1.39925214046812,2.28715208753343,0.000394598745193048
3.59413753675809,3.49206958470361,1.66698085276362,3.76535467491313,2.30479357025771,2.49338817505429,1.02870508366157,6.16237014299449,4.23439156495941,2.51423458944827,1.42876031579635,1.72117950843518,2.49956946036963,0.809991451852342,2.02054975193889,4.85077068931546,0.131271488190109,1.43590925558981,3.27903509889361,5.32485425613609,0.385415215507889,0.126860205013887,4.9930919152115,3.48264765788826,1.143599334154,2.75838935558858,1.5503076529251,4.89544659532056,3.43576219845211,0.14680288420938,3.43850654938248,0.499855348433063,0.96433179763868,5.61848391839584,2.19887867875163,3.82929041823062,5.3831874459933,3.79387045928144,2.28251916787944,5.6816293041289,2.06497311878472,2.05913650867219,4.99119585195857,4.69832674910488,2.98346877740423,6.1145859690947,1.96942742573452,4.74965990228533,4.16658048728156,4.20294181499681,2.53887395835974
5.36470030421114,4.23794940074613,4.36572952960996,5.05872299186642,2.56840953268068,2.07457397218451,4.40946593499537,0.996808224972236,2.49796070983871,2.72019564544438,5.56180645044323,5.34823538237385,4.99236860316265,2.69317671154019,0.720293854284508,6.02295325567581,1.00465975165412,2.27997421999786,0.163341607582165,0.330760258132392,2.79230847908479,5.10221884378038,3.53671684092104,0.426974029296439,1.34191703232215,3.83652610906618,2.69643772856321,2.09639141747154,6.07573913039651,6.01595098512313,2.87420222208218,3.45094065524433,0.591089767775692,1.76261878426164,0.925681803345566,1.73998559683567,4.19268256800085,5.26501311080362,3.75584973481137,2.27950407762598,3.9773080598738,1.91971655068847,0.422517237664607,3.7835915184823,3.77279434626816,4.04691450669028,2.33876583279024,1.5764539225479,2.32506660561386,3.144056784025,3.54608208990126
5.69552318241974,4.38341739707778,4.01461133713361,6.1416982166915,4.34822461614005,1.88054611743698,2.40990674462048,4.66706054562201,5.92054723901417,1.50637785854712,2.9289510607625,2.84630968324027,2.49374484033369,1.85416308915224,5.44275633641955,1.45763604384347,2.50434099443746,3.34751746871633,5.56046831196153,0.332162491443895,2.56235035421157,0.0238110705466637,1.1685515056721,2.58688310126467,4.77712439276017,4.05517428114304,0.478306569514212,1.76754870554407,5.62979025046995,0.24830176731384,0.414883538021805,5.39441232864044,3.80845279158554,1.90295707005169,1.06815152420416,2.50398918897193,5.25739080582973,2.54537942778437,0.349814905092064,5.88236052454423,3.89321586553066,1.34795611907436,4.94685176649513,4.67294843979072,4.6404312497078,0.524372532963637,1.92373976851164,5.32573801079945,2.35233521867248,2.35857185641919,3.77833844737366
-1.62999943462843,4.53473742999311,0.639872356932054,5.22161933985031,0.478554039662337,1.33059404346279,3.95920323880962,1.13473638541089,0.466241898743677,0.889410790340857,4.28904582452299,0.94796693183919,0.138109468653728,4.27999011584209,3.3295195591683,4.5211716882398,1.48293721495023,5.90398991024925,4.55786448685929,1.46827244136069,3.95645396077116,4.89280761106484,3.18970428560953,4.21645717385147,3.8520819460578,1.93432751083646,5.72692570830023,4.41919797118517,4.10750009299742,0.210786678534096,4.35373645112439,1.76161395410928,3.8263236071996,0.559889522880258,0.234504929854466,5.1621462910391,1.10274780760966,0.114289213907363,3.5111408372464,0.097087702332503,6.22958021881535,1.45345273889488,4.20235198398226,0.817155437758253,6.09537643568338,5.94170079305889,1.46596676836015,0.231178293641001,3.36259737603215,2.26772753881158,5.07426447616877
-2.47819963829856,2.89303199951514,0.509073996929633,4.08767141169325,4.80741289444356,5.70366700782486,4.61408974050107,3.21868716948012,6.1613780709507,1.45803250634629,2.38871766068437,3.79849223003674,0.772724691953635,6.27491871845441,3.65439630896039,2.13954195781332,5.70643943800485,3.89164602715773,1.86247309582309,4.31339320961502,4.42401892408864,3.08386078157988,0.347988789804175,2.31661519913315,2.44307187282405,0.870990979607519,4.33941247746768,2.2153485484221,3.15083370228799,5.17955388095795,4.01251086765205,3.37357045829364,4.16797474768953,4.25858548994493,3.90094781328875,3.2106507533597,5.22303935200523,0.951615869386371,2.90232212180031,1.68695533872399,0.597378317170445,4.73336850130595,0.170543189019796,5.51032676114753,0.937941865843523,1.90089189639463,4.10645960714272,1.99090458311005,0.500766247541381,2.9120607118631,2.60036626714408
1.1775357075299,6.22482353482894,2.20558497610727,4.26605078431012,3.32277023885488,4.28483308712557,1.34629336053379,2.39652052047051,5.28146507143096,4.56768974896661,3.09568613358183,2.78066091844285,1.2064872697118,1.79556932725258,1.04646180190588,0.637462843080416,2.9536679102042,1.34681332404379,4.39782585425357,1.47339312277191,3.61707488712765,0.129657251716395,5.75019371732335,5.55284920785241,1.03722776058528,0.615075461001806,2.97631363337519,3.07995969986131,3.30134795114775,0.172676720449943,0.0353413739157948,1.8140044781449,0.806804935395427,3.88772607964761,4.63739262549119,5.7618027871277,1.60072980898172,1.77428235069028,2.83637046274041,0.385703163136349,6.2827818241329,0.653197619822739,1.9553427386622,0.683570341699947,4.09193596564904,0.740846694667093,0.628909743312336,1.46686807365171,1.230442853158,4.8398726927873,0.158501614799896
-2.88296268055113,1.31331121851233,5.07589294244664,5.72111985165157,1.20090066498443,2.97516333503779,4.85327093188346,2.31150508876797,0.974807560899126,4.22859835816338,1.9906195496144,6.25824041514185,3.16824827910359,4.16334798545774,4.88716934192259,0.662757710473174,3.03058992318337,0.507478462400644,1.89605891391579,2.64028910842209,3.31347111523477,4.63127650732461,0.884992025801578,0.828754846451613,2.5379165867328,2.80241152300283,0.0885113933690959,4.56757088248391,2.99617057971956,4.1573823766919,4.18516599396822,2.82120997497096,2.68858796177178,5.59563612673932,5.88153448785077,3.95948419076383,2.98950023357573,4.57804595085827,3.41686454162027,1.774636670912,6.16846608166909,2.17518414425916,3.38075380445741,3.59121881071257,2.59098067921381,2.81029797539095,4.42691754704506,5.04569256694835,0.554955226009844,0.804189435363638,3.27219227031947
-0.265879288343136,5.24644987558179,4.6463366608576,5.16526028918391,3.96961112852286,5.0592813657535,3.46082309696769,4.71016172418196,6.07219603936112,0.491125228262802,0.140154888527961,4.41852829556478,2.2613338436428,2.49244734903082,2.26703725067545,1.12543800641608,1.58651441017902,3.21875689215577,3.83611844792546,0.122038014481724,0.399406141234675,0.643474314328037,4.8258406517479,1.83926074498122,3.5844221503701,1.86970366937122,2.85371698899571,5.51324022687079,1.26626121882813,0.350963791713518,2.45615948174692,1.58484907397679,4.61531792167117,5.84547782891763,3.52226318981703,5.51756807690312,3.68296286390063,4.15531515787537,2.53089343156162,4.44226036122057,5.15599945744453,3.58132899588208,0.260528892211242,0.329818195943149,5.3211775392375,3.04260009294087,5.91890407918711,4.16191502208906,2.88252117010833,4.64484472579823,2.89294431659422
3.07790212985124,1.39439874881916,0.448990833744718,0.743553931365797,3.0588094885844,0.0382094613831501,2.10145849317558,2.40103766478771,2.40000930213513,5.83973315296596,0.0303709970967925,6.2112624027305,1.15242806816906,2.40222307169609,2.88439630485522,5.46851983206399,5.91107978033651,0.0718693821282426,6.2512499605785,0.292936797924883,0.681465108957125,5.49769543344775,2.96640309338427,0.444661155064794,2.28914090710718,4.6602925511593,1.12403458667802,0.265235190373165,3.58558703400075,1.04314254757704,3.10799478982962,3.99577037715485,4.14073646238561,3.38038998404569,1.09796910524323,3.43753776699452,5.8523269319474,2.50046365587932,3.18683278954305,1.48051282175881,3.37315878875738,0.216416506639034,3.81063053240004,0.256221318223495,4.17143415981079,5.78296789968817,4.33945802981083,4.2353009323925,0.658539343766983,5.33022233454953,6.22448611569979
6.42689434369116,6.28160927334859,4.9684930676679,3.80986757527124,0.113699947579198,4.8107437936003,1.75543371039161,0.0247905205332585,2.1960773734946,1.89184435079661,3.13206509970036,0.231366945704831,5.15395001893433,0.427348755762444,1.72651600829896,2.30608614761875,3.48759992963311,0.457279319427702,1.37823191970298,5.54787760364514,1.43812206255068,3.44646290584809,0.336602403926928,3.62401199638323,3.35921039005916,0.311170352854205,3.04215836628975,1.30921759483076,2.57835311121349,2.28279641279924,0.43182385435112,3.20795325823248,5.86338625908134,2.07527032119025,3.67019277256936,2.13143043840455,5.67956337414319,2.22710303959812,4.91165628208479,2.72557394380353,4.21043276163052,3.4704777769753,5.56766423336911,0.520319429187024,3.34528314954512,6.21910158823547,1.91485728688634,4.34348834424961,6.07656736439292,0.0664465759494557,4.76546043865824
4.5574650775679,3.44277609481476,4.92780494322134,2.44799503542496,0.304449938339108,4.73215220927107,5.16988158302792,0.749724326718959,5.92048557555421,0.777405921551352,0.615818559017678,1.08098329947625,5.56994207142735,3.35098619231117,6.2456566454459,2.79264204196188,3.00088199224309,1.32871870390737,4.70625431387978,3.64980895188998,0.487791046317884,5.36756915410304,0.556767739085432,3.85904515816068,6.12824798694972,2.46784100549499,1.81435673565213,4.96019943543912,2.87303701514664,0.659118951909988,0.854395167319609,3.42584959428378,5.23001149961173,4.81789661890419,1.815618600511,3.63120138586159,2.4643355816743,0.74475241676181,4.5520868601408,0.794689507219213,0.024686220325879,4.26747022153824,6.12654849892494,4.91661691440646,3.34520002507693,2.72885396266948,6.21468510292255,4.47990006282523,4.69319341198936,4.06545327021848,3.96906685277731
4.64204339356682,3.19719431938235,3.33457462577783,4.2742361328056,0.292493944826845,5.9057118584553,5.72979385574723,3.89407700933218,5.32447891963325,3.81833702830939,2.32109200641014,5.49266508722792,4.65370384901055,1.99398676424955,3.21359697235583,0.457223961144664,4.12548496648245,4.37738818794845,1.98228977745738,0.476940299117852,4.53009564212973,5.43903289538043,3.37520378877412,4.29021590443866,2.318914991203,6.05697498532027,0.445307236742403,0.00713694825397039,2.10771537039392,4.6549090609039,1.2935612802367,4.15397463776304,0.766336969879371,0.444667122307639,1.55647870220265,2.4967361771863,1.85451962715777,0.398265442565711,3.74021492657599,3.69612522793736,0.880175378266017,1.05468978276002,0.290564983472148,3.28906246459649,2.43418320305527,5.7300056775076,1.88827044631771,1.66594311134324,0.482863692456674,2.93906969646144,3.88386122709528
-1.85352158457315,4.03105185481573,0.677446886999194,2.84111964195707,1.19805935038084,3.102291668066,4.11488445288279,3.51926797037983,5.68440820479555,3.40141380066347,0.874963788199515,5.72439234087817,2.18385921921086,1.48370741498644,1.57181058106552,5.16453301847874,2.79010528349571,3.9996674109791,0.510277846846243,1.12117050468036,1.47071416720552,4.18370881345366,4.40362176159638,5.29259440065791,0.204007653669071,0.140578069766587,1.21192577739033,4.77833583375869,3.10831333877847,0.192277277234665,1.25187259735858,0.7310476597551,3.73303577167252,1.24600175935175,0.933070521263896,0.685332937084834,1.74088516710639,5.15266197515642,2.60420646513803,4.7999238291225,1.49910649299128,4.9165920433362,0.0709571678565709,3.90552009645126,1.97334070087528,4.37420806444354,5.86391455683564,4.73077804350584,5.48839258962696,5.17672700535581,1.37733234796935
-2.07325237542647,3.69253271952925,1.01561181909741,0.982320003651092,3.03170792321542,2.28174161375405,5.38859032430202,2.21949304800571,0.341260933424809,4.9523392643743,4.4597256105926,3.02968707305033,4.33407483360196,2.25641124280243,1.53378418193621,2.16875968099734,3.78185969119045,0.733006283236772,5.06616422415504,6.21720005366892,2.41806664565597,3.19108939985366,5.45538868816199,2.51004747944976,4.84433866276717,2.18813208839301,3.65886378720879,3.22863984443755,5.7314024892447,4.98880410670992,6.11566343751844,5.40434383371034,0.605777623286687,4.39367068268257,3.70726323519435,1.13773804168764,0.919433997682239,3.74442344638059,5.29481134182526,5.27416173965216,3.23458533661688,3.54624436555212,5.39029090220077,5.79010531900176,5.23676905615394,0.240463117236886,1.53879271458456,0.82048405329988,1.72665720183738,1.99713339717087,4.5178331702057
-2.34941820209997,2.22130581562905,5.43967647546812,0.215342903244858,4.34091052313587,5.5661955747993,2.41641613905432,3.11994540419211,2.87895117308363,3.61196463778525,0.177487770860933,6.05840795161478,2.83660299503203,2.4859069729179,4.01631772135422,3.56196408740449,1.98579843286411,0.571936410418621,3.46248836002401,0.628460504576883,2.15600515511443,2.23525068576886,2.23934798137481,0.376110080757391,2.36250351019978,5.74031233328975,5.61133583294653,1.40765813504582,0.155682630177871,4.46547409305711,0.200422790470844,4.75270269728139,5.70572285245332,3.72033937191365,2.85182642485184,3.92915046735678,5.35346745329346,5.598845183838,2.80408278109744,3.81850037920504,0.232819183019201,0.0674808575685795,4.37651855775915,1.99090832232866,1.8933449946073,3.02387256031539,0.687506412030218,4.8509956978194,4.69757730202455,1.56035187144427,1.78098034452289
1.84087659858089,0.844274903392852,1.68670053643046,2.22805746198222,1.78645666570794,3.10100440109759,5.37061518946264,0.776973646813946,2.45416242155563,0.0791840090975303,2.28352387075792,0.433259515340734,1.27913865031056,0.770613333972815,4.05111099838243,4.41552059743637,6.02800318597996,3.76906130117185,2.61010665074444,3.81316182833011,1.70561432339703,4.49296936771709,6.03303315622984,5.22792667018736,3.35202527669034,5.81366529282638,0.464901005587237,0.221452935672233,2.08420631050721,1.55993611890365,4.9652332414602,1.38474532984694,2.95973343920069,2.64103711160229,3.22968136457533,0.0972621479988652,2.14301666620601,0.802602691509387,0.696402144767479,1.69067442319308,4.8268044528998,6.06255982869427,5.43323290064451,5.82100453339235,5.74796561701688,5.73661675059962,0.817778785688911,0.471199578896669,3.8293975828316,5.65852174942364,5.6442206733607
6.83207062874701,5.54740099663826,3.04088653749583,6.12083558292477,3.2771365369766,1.23660078006037,4.897922275494,2.62068971319433,2.97611692794733,5.08292903712822,0.970033193158974,2.59423134901726,2.46082180020263,2.45379994263979,4.48541484705241,2.63258336152681,1.74137343503328,4.6951006987498,0.750095387112257,4.01901231844071,5.70227659635435,4.73837276662225,2.06826155967005,6.00119912255742,0.106986455592452,0.641686034490432,5.61225730456381,3.97245205252732,1.92465572200192,2.92842072223749,4.66272165787278,5.5340328424524,1.34646455852202,0.29736622713696,1.36804773649658,0.108366442308723,1.02850508959388,4.16113738457734,5.71940164412705,5.30752973802037,4.62099692137859,4.39222111958245,3.89852536431545,3.91375787446778,0.556418492263614,1.97620027123358,4.21564815235819,1.29604812247509,0.775876017916154,5.45548133330103,0.761399011325006
8.41283499823026,0.858914454811787,0.741718686006175,2.25525905144903,3.48567494741559,0.323586109334584,2.27005097017468,5.96081513000203,3.90485695714885,4.59075011432339,4.14167734546288,1.163337658323,0.915763446983355,4.01444992314149,3.36113644459563,5.18839451873743,0.704111562124229,2.56571742401783,0.499165588410361,1.4178598279187,0.761653196267114,3.81488669213189,2.86630731256466,5.69573146429476,0.782408280685404,3.8370089905287,2.63282831106708,4.0225920482594,4.18738443901537,0.709065565964088,3.56182679839442,5.42643018820995,1.24731561193042,1.8261922125101,0.964859745755553,5.29036313459672,3.05145851687835,5.22160460826525,2.30790978764924,3.00614371358633,6.23100459631782,0.698326158533233,6.10440633410061,0.503107972695062,4.70816875138378,4.04473887101489,0.26004454051605,2.42548342234306,6.21303717837131,6.06557612439223,5.5162834797602
5.62903209279353,5.61188682348607,5.72477669919681,3.39036510016646,2.76395949956172,1.63398478229913,3.33812039395331,0.771207970673249,3.88624716017039,4.42221314336205,2.95563884999319,5.35246337215516,3.53361158224884,2.47281277208617,2.40316814603366,6.20501052430324,2.20367420467597,3.20808201111556,0.965462244177745,2.39845883572341,2.88649919692912,1.37112804071219,5.04506457571571,0.87036480678205,1.49634807317773,4.13260955600448,1.39279819355532,5.64537968776402,3.7639682177102,4.93147165668611,0.0258364147960955,6.18503747931717,3.33138286914836,5.71602773371585,1.7645350387099,4.62685679042566,1.03570183755017,1.9279859921039,5.05926367468517,0.718596541618909,4.97609334694718,0.658665919827955,1.10280484385973,4.19268989429459,1.29282310347724,5.09989263433585,0.647212116833943,2.43722456878037,4.61250027854503,1.27284303355856,3.57280305226231
-0.516168934186261,4.62419627347874,4.40896326171416,0.111711114839188,0.466324391231248,2.79265773175828,3.9633793257204,3.99442033051999,1.1677521686965,4.4358555976136,2.19073076779272,3.40240755360012,3.11640025044222,4.01396924044484,3.857225039374,5.20324945997393,1.57820362669867,0.112821823687527,2.75177553806224,0.045505008974848,0.398212473227897,4.58009864874995,3.31760948372871,4.81904274646215,1.15176695647111,0.00308854044439233,5.5639505192723,5.75285784914085,1.54438328528284,0.135941405042319,0.0485962499660147,2.93464657827795,5.67373893989784,2.9479754472617,3.67980321539716,1.55149867890183,0.348307809812639,0.949845061179387,3.85074513151697,0.458472877715624,1.66242493380274,0.249979201848579,2.92993375403848,3.50893184996464,1.71437665848632,3.95731154236716,4.55801279164249,0.361756278201043,1.2314703278193,3.69441915239246,1.92657491691552
7.46929817867481,1.06105192424875,4.22837788616841,1.41418110535943,5.60323563798661,3.6560574290327,5.28096771439404,3.85273557054103,2.74194183345469,6.23293832824837,2.81620744613841,0.0390792042171445,3.3024301945361,5.75077247843679,6.20300187341201,1.73657171218796,4.9563308217244,0.5551755429355,5.42254010763533,1.55894651041391,2.07283622007445,1.9904328739529,5.81278768827063,3.67473556915507,2.75452988950061,5.44798798601876,2.46021979185799,1.90524835378999,1.48372062074794,0.670438156200281,1.50205445285992,4.91219272682987,1.14043880789968,4.86589929278538,3.1157549441112,5.12218544900106,0.407251573399844,0.307010341950196,4.77881300545195,1.18538415123078,5.99748485255173,0.880667328357713,6.09036223276456,1.57650916087165,0.810275848978624,1.41813467511576,0.305125740660416,6.24642030038662,3.3231587708788,2.74466659298615,4.73311918934396
-2.44184056874729,1.97915321672704,4.60206426130588,3.0528013366979,0.583815066766624,3.95211186191674,5.22021754102547,0.573149915594554,4.13403745182493,0.679385224195862,2.09516039385161,0.764102631690217,3.02390585340504,5.18347570978072,1.0259838834098,3.58350716094283,1.21139353414597,5.72550512560726,2.54810376745833,0.627326130102775,5.24989834068706,2.08600399251931,3.56613102229976,6.13490528825304,0.661787013125447,5.51131457171095,3.18383058906077,3.30908233612736,2.76928318718896,0.952741224970519,3.47656253749285,4.51226924217147,0.792607153052232,3.27724562677777,1.86192951496362,1.88113711586015,1.51071853105641,0.526713203353383,4.09229690264923,4.74361264367274,0.743443088988767,3.30256129832853,1.17044532773453,3.99189397047553,3.0273360788477,2.92677177949526,5.13240568728644,4.2455645432731,1.38007860947073,2.20486247012628,0.921618012952384
1.29333099127769,5.96711251834782,1.2323597337352,4.84371208032463,0.608826752718024,4.9740194806309,0.32420327351052,3.75961226355865,0.480426819111118,4.91710238230815,4.99246679276121,2.11936631183954,0.0424907730655379,2.28378989363313,4.28242023343195,3.58299769679589,4.28962086397283,2.10399435341005,2.3173372735533,4.72865016479115,1.932093713927,1.28017394280607,5.96880758689708,5.53534462061323,2.35730072690012,5.47068346595945,2.46528744395176,0.33968559009115,4.68000256932639,6.14644932257127,0.181832467857859,4.53865776517652,3.1763847646723,1.94548943387822,1.8061316850229,6.02089520204104,0.254604054972275,1.99168219282633,4.41740663384878,1.7092344941231,3.78160951171804,5.58704408409197,2.42161849664482,2.94740247198927,3.44220980361503,1.49345698424942,4.43336321530445,1.80619104438688,2.39329125023273,2.16392248824027,2.85344321119177
2.01480625221602,1.93203910904677,3.20307665299945,0.533206653443071,1.43293923491653,4.58701640067351,5.75966380779063,2.7625339210035,3.09250691854905,1.40244094931766,3.85229785667421,2.22333803998221,2.12515336999088,2.7552494096658,5.94091808068435,3.2894591436112,2.0165949152955,1.62320163215479,4.08177647211107,3.2937764723367,1.32483299014322,5.93306820709989,5.82073005485065,2.43230694625022,5.51796759105306,2.14817396591968,0.371864958742448,2.35117575515331,3.18456847762537,1.6121632993582,2.04086994299641,4.82560466989545,3.5287361985524,2.47943967102596,0.318824748399075,4.78262421572416,1.55932107303309,6.04231115092413,1.47662662815753,3.77728425543947,2.59798429565112,2.0935343033527,2.75782851375869,5.2061685506172,4.67807820299738,1.81325525196519,3.5867129484196,4.07105406525122,0.30557601514187,4.9649335012491,6.15430730949939
8.49648702957667,1.86152244923056,2.05634110336377,4.04981897254151,2.25754816275399,5.15034329681416,0.997528625814108,0.864075246510905,3.87935155390071,0.985817046414103,1.17320654464744,3.36650714748411,4.2941373997161,6.25882576523832,1.74141525547241,1.05339299512075,1.00918583293786,5.08386434209886,0.161337185987103,0.98993465024883,1.38364462882118,4.20770587355325,2.73807363081995,2.37299033458382,4.03835033263234,5.60342107601942,6.09515863351391,3.973470252288,0.471310580731769,1.12540040210686,0.366625775115135,1.97999221048593,0.423618411212906,3.47827010521419,3.79993883072775,1.94044172282079,0.247224854798968,2.96729004891239,2.27819221900466,5.06939681229103,3.786721804757,1.13443943205874,3.86034288206752,4.84263359517283,6.07093272913918,1.66103634659108,5.21882305093936,1.49491797859141,1.55027478554462,0.574843739200535,4.50077748084206
4.35378147543785,4.22097431231699,1.34634665171358,4.93605620641672,6.12950707226425,0.46317709414512,0.683658946259254,3.3576682066896,2.39019785436323,0.541386226337972,2.44220411663281,5.96095050844108,5.17925178544875,4.05924176101562,3.93863826352157,0.726287643241305,2.43688872667691,5.46219270551948,3.5496900964635,0.678500872661928,3.32661532299521,2.23465078987793,2.20960095102303,5.95825515502594,1.8735759374553,1.70032082308435,1.09482018724388,2.31909217837785,2.18771075189408,3.07136436857412,1.07776149597234,3.40492848036684,2.78285956143087,5.65109276761101,4.51285192829412,2.83969599298781,5.35899380773973,4.62944194953648,5.17544571294484,0.27895663196057,0.764867977764239,5.87854785135395,2.06742899982488,3.52749970361885,5.17297940129877,5.93260121292771,5.61078660376036,6.22017718558698,0.00324482837155468,5.67246594076946,5.98937303909643
1.19675438107552,5.79592829179195,1.64257328175889,1.74813212826284,2.89160004848577,2.51317870491787,3.18955969224949,3.63049609111181,4.86343513162889,2.36159930686751,4.16392052478058,1.14472481116035,3.7767644718684,0.0260022087649369,1.49680445534217,5.83850404723163,2.67566448640572,1.31775762488872,5.5057327668178,1.64287845524773,2.83957586546973,2.65786982006644,4.07705073908247,4.73487299844286,3.8359674279663,5.90636765244604,2.64690896487426,0.273785479875615,2.09729921665645,5.36660349358226,5.60968175682476,2.63515100658239,3.03338833478845,0.609569297750862,2.53977309121794,0.15334045590834,4.45230847549058,0.385678512966714,4.22479053308361,1.61640999986175,1.98936032532265,2.88991187759525,5.58513978461025,3.69716329997722,3.66787442923534,2.90755685523082,3.67507787004185,4.51116848262899,2.281599163569,5.44248949869897,5.61748946764726
-1.93090419564825,2.73706801800643,4.00051485016406,3.92096197797618,4.55972221873271,4.1911745569347,3.32553057070235,5.71525218671406,0.615593563680005,2.11384326358812,4.05703660657923,1.28138926053751,2.24503537969492,0.363605384709465,4.15596267906437,0.35474560464692,0.715940050622539,3.1092539439013,0.417592492186334,5.95077355643876,2.60221825267528,0.240932073182212,5.70486595257715,4.4372830443182,2.93322368417441,5.88301723139585,3.58912021230323,3.97989676656097,0.316071072828863,0.538744411335773,0.402038630134119,5.90610379615251,6.25554457311206,5.27085704574696,2.26912313632667,0.156941063030936,0.181478042306041,2.2843444873399,1.82775419647586,4.96655942497535,5.68446505818087,5.43834736465389,4.95597673556957,0.560530880795389,4.90705770735855,4.79131512822698,0.615575745337799,3.90952665017459,1.04194617463473,6.02340916970646,2.31910757997939
9.29267541649226,2.98598738837163,2.83776144182313,5.91369826179535,1.3863059547618,2.01636095958459,0.037257893152228,4.47899950215898,3.90467357012719,2.46547958507521,5.68930750427675,3.68296128687494,5.72893789213862,5.55187563294482,2.34427782284389,3.16730934170736,0.156668843234746,6.23207499299556,2.51605720982486,2.19970632026622,4.42686926343386,4.81591108797028,5.2975605042932,1.01958334178441,3.27257444596434,5.73704055504134,3.92300696336375,0.528513751222,4.13896603307441,5.99352427834363,1.06642747671066,5.86129240491534,6.13891361064433,4.45299455773723,4.80397543048224,6.02601162928649,2.62898247937561,3.16862642294623,0.99102621827702,0.299564144517613,4.11408970215538,3.87073509661354,4.03677001830305,2.94888219168268,2.9714957379705,1.79660453636177,0.361721858664474,1.23172497358061,3.8242612950103,4.5615152559799,5.28257040405535
-0.764862124996207,4.53423890554757,4.8087491194284,3.29076649644483,1.64501414594497,0.835640970086302,2.99056833493501,6.0255538675903,2.41843558481805,0.760143946109359,6.02213830351264,3.31489850195973,2.6919072716915,3.17516323392778,0.382237302472198,0.90557825143765,5.9049581411171,3.26016320990082,2.20496138386929,2.52372883708179,1.74713258363351,3.55000529679286,1.10872463256841,0.104769880154616,2.20568719165638,1.22617613115762,4.37358992157541,5.72768505494721,0.78083104433575,2.27610287940385,4.04234021494124,0.517326578214197,4.70379119578388,1.53388814420952,0.429590764031087,3.2821340772585,2.2303180112746,4.86336743363185,2.37318971568885,1.08408539970831,2.53782673137853,1.93530615914395,2.61359206916039,5.44892384250951,4.44613307549467,4.90693559612356,2.514464994657,4.52986352384393,3.75799481012808,0.892819187582855,4.89524985478267
1.52318664106031,0.340567725304194,1.68872838373272,2.61641002388809,2.99100838361909,2.00660095386404,1.5633485830579,4.9138813117262,4.34292082419869,1.55012920032612,4.87719302182024,5.65169389235313,1.85409151295938,4.35544588114044,6.00336428666519,4.3057281128244,0.209885120157714,2.1932056009366,0.983533023138223,5.75565423460438,0.452743326873976,5.45895242974899,0.926524038930916,0.767749140793387,5.02437257525083,1.30144690753901,1.62288699504889,6.12480132123369,3.42559400786615,4.92605942301628,2.77311854877574,0.698365519807073,2.77373783857164,1.12352999112245,5.95500641334852,3.7362128991212,4.64378443495857,5.5945969823805,4.54146546484848,5.36000687997254,1.69123425122073,6.05537132720718,2.0975789339078,6.25284424723837,4.50013671540875,1.65482589654091,3.41916380411379,3.87995438879406,6.13429393186188,1.1301326597501,3.16963187630168
3.00714497157406,2.32286018721625,1.48211825439152,3.70960411770722,5.60619856643304,4.33010465533667,3.68534422828259,3.30512974652614,5.49036352649011,5.92464887363514,0.775320452831781,6.06961722346309,3.66531908585789,1.32092470501603,0.547936108492568,1.16534425527724,3.95064866442012,3.80231433319697,5.46541672827011,3.35005135986307,3.82556236607371,4.03597748828528,4.45579804713096,4.93526941103782,2.05508065753543,0.0408864434730564,1.25693901328657,1.21677061828311,1.46235386102235,4.71382395526572,5.72153523992559,4.6354039800047,1.97997348806035,2.40818333203343,3.97542454406924,0.25263383347607,4.34458452632142,4.87675745405423,3.68264546626832,1.67920814443368,1.4098866903198,3.84377634569621,0.143964229190862,5.5626603805957,1.3143397830476,2.40760937953172,6.05547149905974,2.36743187201155,1.69047605150153,2.21179701049772,2.72770107057832
-2.30821304807005,2.65834549519451,6.0239168944438,1.04763809629755,6.09194260414766,0.303428107615757,6.14138808537328,4.28267494941332,1.00911127678087,2.73494551405276,4.86291197895748,4.73753199688082,3.44398007346816,1.86434870309252,3.175232410935,5.77773665092852,4.99897714248055,2.04261268804588,3.12168794443305,0.88794702669494,1.50539462838021,4.78408478728283,0.925531058415006,2.87935650672169,3.34830544467012,4.42988512903391,6.2248528721881,3.54978516419488,0.263030875651752,0.721975253327242,4.68966413675231,1.69974171087058,5.61661883828491,1.48581329872781,3.62580122272884,2.06740415947589,3.4196130721076,5.7714995026234,5.73643992769138,0.119816217889263,4.85304113232281,2.47980776169556,3.52620056799607,0.202551694691107,3.10354403127195,3.14867057748802,4.04077219936424,6.09862788522217,5.25894623299666,2.22795685710591,6.09188199545164
-1.43372231313923,4.43174692196791,6.02738923144629,5.80553538600027,1.46329278817815,2.85691891436876,5.74740906446281,3.12015270846145,5.33310907861115,4.22645761308419,4.63828936794126,5.46299350980191,1.96249339153274,5.6096021696925,2.80877936109457,3.99857089243613,4.30712676637536,4.8633058433178,0.899596053180794,1.58250614923029,4.72962040570843,3.31834421531609,5.56107481877926,2.61065240550017,3.37180816719571,3.16689883519098,3.86331202206412,1.54035081011406,5.7168315091849,2.573304383428,0.00936946072136146,3.85234405416423,0.381657921081495,2.82901218668439,5.72172937354346,0.583062660203013,3.35676009882898,4.53857367664533,5.47503231325497,3.72406017092272,2.99505293956536,2.53495438828248,5.43167260634913,5.39056622777204,5.71503909075204,5.05018097516571,3.4332225975361,3.37627271668212,5.8169922084572,2.28405878236485,4.20263636501645
4.72128519181425,3.95813430358704,5.15823260042961,3.19777654175997,5.38852116777565,2.78226373391512,3.31221739590375,4.15439207265945,4.32376955588864,5.96498699931999,0.24351381784224,0.00503422295273574,1.94087254780638,1.91701636525491,1.1931897847096,5.15132319445369,1.60962556512567,0.460496386002866,5.62768924409746,5.73915473499114,1.97216727672888,4.09196582380704,3.18114027978716,0.100332514611959,2.50412342340904,0.920856884471185,2.64900377432577,1.93810891707864,5.65219786031684,5.09980925970868,0.706872518637721,5.15374710195631,1.71661204705065,2.0343290007342,1.69386725799318,2.94052784542776,1.51329081941398,0.356628228071457,5.40257319227602,1.70654302768129,1.57173783307527,4.84943564344258,0.517545467331807,5.29250542744324,3.12749869454268,5.89349174386134,2.46174750696775,1.76814363921688,2.46803221473962,0.249371900666332,0.212499259675689
-1.53842254724783,3.63540697836712,5.4995417179872,4.88465429608655,1.6147411087686,2.13542867104984,3.90177940907091,2.33241813615462,3.80427161225692,1.57898788537762,2.77416042440261,1.68858917829997,2.41746770212471,3.95761220567956,2.51184344399603,0.265436966275084,1.5050451065298,3.07464983827283,4.11134685803062,2.75120648048442,0.0652372371642126,2.7781910475171,0.0171978572054975,1.60226893338957,5.46368724311012,4.18849641328784,4.78920650005129,4.21207258746727,2.64584738374086,5.17808453335373,4.54349552847164,0.0918806517008008,3.34569716560197,3.50735188088402,1.98296445040593,3.63350136225913,2.76319429392783,5.24364272596702,4.40617786715415,3.01152630853588,3.98674359914189,3.88512267209667,6.15635187941822,4.25292709251282,4.20714330548004,2.40719643286797,0.101038334549335,0.9182038474244,2.01171520721322,6.23318796058942,2.17359040911941
4.16868604321081,3.87307384472893,0.590824113555842,5.34502981433478,0.154770614863058,5.31300625523644,0.00442482979763621,3.49150422099394,2.76444968537421,4.69880849388006,5.59909541451254,2.51219806411595,5.66335835262472,3.19495534374289,3.9876583091518,2.59299014495041,4.9538234093949,1.70525348294943,6.26979722658658,2.26456498202697,3.78398877973839,3.91620515208672,1.39977282373381,5.1039726455647,1.26045097781399,3.0054912053096,3.38857219165605,0.955202789447417,5.6297085450323,0.493675281728479,5.03976693680778,1.83955373821413,5.93054728764776,3.81533097742673,0.0302100234430223,1.92954171624319,6.13800757134987,1.52852629197542,5.01448449397827,1.54339600429577,1.26963565735276,5.99115684825638,2.08669529884642,1.34371742219562,5.74899060764329,5.52222714475485,3.54464276430185,2.51397293777228,2.76539660737731,1.99910577500832,0.826377785974646
-1.66879832492158,2.99338236319058,4.13805903117986,3.40769546995449,5.6377025584722,5.85399056823882,5.55550796929764,0.301917410632021,3.63899108231086,1.25610175893728,5.20041159346826,3.79366214413571,3.59517407745387,0.546010820525168,3.91393897348557,3.73057386779862,0.488478417395362,4.91297115724319,3.57965990144331,2.96863199683276,4.14130803764545,3.53593910685673,4.19049721854941,5.15710851904711,1.84658530223843,3.09467029058217,3.36944589389469,1.71117512956407,5.94272547647249,1.16613521997267,2.50332057981881,4.39073281694867,3.05045014500133,3.33353755437393,1.45089361972587,0.966661911611566,3.81856766319626,4.10642176584077,4.18247856225448,1.60338715432225,6.04326045455787,4.3991711156834,4.32675524148871,1.63444774759492,3.40142836547586,1.64696167319301,6.09943661266891,5.85369455261715,0.933005945134041,2.08293734464398,4.6001052574655
4.2570556623525,2.76233023453057,4.56854630359412,6.2737368854549,1.38059925908931,3.44532339945736,2.8937011148379,5.79573629403447,3.59301296855501,1.06902050924659,1.6600895884348,0.887328077758947,1.17035487112093,0.704441738345965,5.65847028835436,6.04561402934799,5.80715817176724,3.56903206931145,1.43574489528069,5.11294664880795,3.74839741945538,2.93669881535043,3.08357218148996,1.49726170355411,1.21024548431366,3.20605420916375,4.57878072340735,5.3318459702719,2.34171887629921,3.55665429896191,0.387974777941081,2.53945923238446,0.427437499298968,1.93135968892905,6.20657651081286,0.916711716334008,2.2316112571892,4.18601560412361,4.91824913745796,0.285683372133441,2.87438621914069,5.9813071685834,4.08689559405162,0.265908616915512,5.24199558115112,2.17549442918378,3.89200203266108,5.9428861048776,4.7951348278128,2.55740993649191,0.302860771892518
1.32030807150855,6.05775623038797,1.34654793607503,2.73755144367447,2.99005801498099,2.28800737381097,3.87009407663248,3.07438071547422,2.21987702742857,1.85763398810626,1.44177504506635,2.33482714968827,3.67923747864338,3.11807922250386,4.35769889055304,3.57524450307853,0.825441723212446,3.39264548955383,4.13102244203196,1.10882095840933,0.403134968738165,1.84511347498806,3.60854219652969,2.70204358675542,3.16143078241892,3.75360058603958,5.24611705147833,3.98760465516833,1.66174604765012,6.01422143559474,2.42151795906274,1.66852907798485,6.00624492743259,1.76418002652793,4.84744130281601,2.36667000036796,0.551208809842287,4.16516299427157,2.53326012433816,2.95711734522416,2.48565815249639,6.06904880664339,0.512915881668125,0.582095533838318,5.57942816621842,0.74489481428181,3.43061404051352,3.94874284204068,1.53014755191883,3.822396864435,5.35797681196063
1.6040731446526,1.45190533729654,3.72470264211851,3.4393018911288,2.18941862390238,3.49939003262394,3.94031790413677,5.16692952991449,0.85746935214889,2.34309021716963,1.2032617533218,0.492580815659574,3.57126662401248,4.51555282909462,2.92457008924888,3.00570595436905,5.45621234761357,0.0821147650495652,4.23467880746136,4.65909103752286,4.40123505610052,1.71617320527399,1.7925636947645,1.25485945329312,2.08480891864826,0.33162793386314,4.73470567865046,0.168978770758353,4.95924272651406,2.09286418300521,0.339070277969502,3.76674815558577,2.47563739918322,4.71140791387362,3.29067210165577,1.62976671549114,0.80600838820461,0.908278015550804,5.13530310187253,2.49131240987034,0.441569516159909,2.69433299321254,1.44837705099211,3.73054084827466,3.0045176289391,4.68560775457628,5.61662267844487,5.35545400973294,0.131044465247978,4.06660286196645,2.73106475080339
-2.36890285153684,3.7442968044883,1.45103463039953,5.1757477806586,5.61859553611945,0.60660636784151,1.69212309683901,3.42405737627071,2.17351684189504,1.2606143828376,1.39814535370315,5.92736416223495,1.43914089282905,1.10277997425238,1.90333644128259,5.4535796699977,1.2702749203692,1.24725960703759,4.41726774586926,1.61448382244016,3.75887333778514,0.978859697686888,3.48225609323516,1.78122407837824,6.14610923069079,2.82758039950185,0.348490601426644,1.9260692900027,1.83661370297272,3.97533355349055,3.67268481987027,3.61691494190529,5.21819817572223,2.93052936943111,4.1553710823077,4.39042048686458,5.0663949307249,3.38488388113168,4.48799114380551,5.54369604103198,1.38091460863631,3.70459222034729,5.53189291368149,6.02961952759279,1.48184627305098,6.17029800181591,1.67044655104387,3.75070301492125,1.50002699908262,2.89503367667588,2.83855918714385
7.36674489800753,0.519722415244712,3.29959214370275,3.48386482328522,2.08464823172643,2.58396753625397,5.18749506988892,0.792333325509073,5.15698989102006,0.60515723045055,3.62569223094318,1.41593426345979,1.33685570442324,1.82720792238421,3.65915402430404,0.104044919397091,1.8100266766135,3.03174581425659,3.8399231145651,1.12152297723655,4.09468227542673,1.66084899945018,3.82598047391244,1.71924793723463,2.74506005650691,1.87997629621593,4.67130602312605,6.060153379656,6.2310955459348,1.07616813095086,5.19812936665578,5.26558908505811,2.31062035248658,3.87586484665393,1.60692860688939,4.26249331717876,4.2553429773727,2.1550863416193,5.43337109666379,2.80430780276764,4.56903244004936,2.88831537754033,6.11389051978359,3.83810192931114,1.22181240744815,3.02882719028419,2.10451079860207,1.98957173746596,0.201825742075124,3.83555109318429,1.59686046088213
8.96655694005623,0.978134889072843,0.199836100341417,3.74060308409288,3.7325678441586,2.48341595697423,5.03580691119396,6.0314379493945,4.49575296873953,2.97608099575347,5.23907411034013,2.78194546438363,3.40016553801689,1.90333058229568,1.19240185410627,3.4243340389491,2.35968266913471,0.768005444040874,1.33182631348892,5.7018149286669,5.05209565551412,4.1040301244593,1.81471336582149,0.72040183958253,5.68242486385001,5.16371139833496,3.39418579307365,2.94622871576047,3.08700579358797,4.94128734692043,5.68059423838568,3.24152689021759,2.28853222200443,0.0826353415222363,1.6882715334345,5.24298860701749,4.12398139829851,3.52088886313081,4.21201289309505,0.380843052304654,1.46560715968958,4.98343825046904,5.70441082120767,5.00468240303041,0.094703965097422,3.58497949289993,3.28056984039889,2.72649344487015,1.33480310308416,2.78264278330405,4.68874339951991
7.62693575773572,6.26983211864569,0.313325857313903,5.14065851726708,1.77716321967289,1.81154119181342,4.19872463325426,2.15968302479246,5.20521284379103,0.860962013472253,6.25764509379575,2.4326648886571,1.06270889987415,2.33132228470229,2.98699574415655,5.69152694410819,4.65923049018877,0.111051392913408,1.79536004804384,0.8510869199864,1.13008743656351,5.26469870776461,2.66093163153461,5.61890786766646,2.17672363878529,5.61832080888167,4.15345739528067,0.886303454324983,0.656082965334676,2.52519258463561,4.87019672143624,4.88066212869961,5.35625378412104,3.12038202379621,5.54948510045526,2.18935147011087,2.23098247451787,3.61821517032788,5.64884245289351,3.3088017923273,1.66889872812511,0.890767777059087,4.19297890839033,1.73182126462132,3.79773468863067,1.21958431006752,4.96851938263831,1.2173424568682,1.69633109438185,5.34811853179226,4.74369798738765
3.09303384435193,3.05036395279394,2.51407904760932,4.38675088121078,6.17938969096697,6.1942838545001,3.14341222963387,2.89905178013745,2.2604437662475,5.94271747869935,3.81369428954925,0.596313381565888,3.76815633273343,2.6587792577196,3.02657955124386,0.897270939461904,5.94292797213011,1.44764540469896,3.18228146853369,1.82601299187913,2.94167320056497,1.94459872303939,2.09434527637869,0.478452381485009,6.0772007640337,0.0441101034200041,1.21083991766848,3.4140235839687,5.59674755680627,1.00066242162928,2.58923218782213,5.96060090174142,6.11277347211121,4.516028141419,0.751422869698664,2.8241103387999,4.47222621193282,2.7661498375638,0.907106403959907,0.791641483753944,4.23033241055363,0.393246872836424,5.67473300151021,2.22229526904947,5.07617606683419,2.78710590498241,2.19782020778207,1.87065806249695,6.0668566151241,0.718361501885703,3.95927963824339
2.14738337690833,1.71288034345022,2.25419736352261,2.73374081564366,3.08366621786409,0.13864509416468,5.57141447653037,1.7317962677401,3.97147188717379,1.21937629628292,4.14168412608818,4.44220898792638,4.31083559871455,4.84340704727593,0.704416078762855,5.83598272108827,4.91621731394436,5.58631418598593,0.171086870820611,1.94408994938979,0.870772216300864,2.03939821376156,0.137690701038947,4.31218691808814,0.090661575732822,5.46919833639499,5.25531126485422,1.28539646379646,2.60313394284031,0.413924715180128,1.32696017836058,0.469671306415129,2.1449338130343,2.76165096070466,2.12631894411887,0.0597173941663099,0.492020602884463,0.604723696140677,0.616766543099306,0.751888690610546,3.26534563230666,1.90275493866067,1.48729653235044,1.02245616618051,6.18285191042803,5.78768784541285,0.250972792401328,0.0764032783203605,1.64898365711961,4.370702352428,4.78761424977339
5.60067990719151,5.59217526779208,5.64986440942782,2.04669245789324,5.89365187048554,0.0649467469841306,4.09462275221592,1.71747714365682,3.7606698757953,6.0438487714522,2.10125148148986,1.00792230474113,2.52745688484994,3.41908102196843,0.921202146304155,4.15686585396523,2.04998943197973,0.290469282297238,4.54649729446724,4.00508612245018,0.636124975238564,2.26384285201592,1.24584727227675,3.76771565353165,0.530289825934069,2.66643970389365,4.01582945342733,4.05992610531559,3.09016153756309,2.96050968840316,0.920961696699892,1.98609819648189,3.55874702814391,0.767958967133496,0.34114423352379,5.47328683986328,5.36924178148897,1.67588404345725,3.99699648829588,1.33374572637732,4.49884445550094,4.86294081599866,2.80551341550054,1.01831743049412,6.04948633839378,2.45410216688579,5.07203534304214,0.91515694455438,5.4967228650278,3.4481476608249,0.710069243336993
9.38212606811165,2.67129162677285,1.58188491229042,4.14970764219698,4.61830938433474,4.01886391856783,3.2607547188824,1.39808629862612,0.719755708165705,0.594262864885066,2.12143681929591,4.63453039993658,1.70024903330545,2.20148405246448,6.24560542868395,2.52732138937744,5.18165909614576,5.12791260943457,3.08134359110594,3.1150077821089,3.34641289827226,0.305434169141986,2.51199213645253,4.79747313120109,1.58993622530564,3.61080630949051,1.46261951231636,0.359220160492989,1.45094925157459,0.0718343818131961,4.8982397126251,1.60270570367424,5.35243673387986,3.0321234943542,1.05775722938863,0.565005983772819,2.73464379597642,4.59777258777474,4.89681742270673,1.55456102287218,5.19057736659895,1.5680255058248,4.43060756040607,3.79145979265035,4.69408919622808,5.27513900111331,0.796815980069628,1.68080431533204,4.05635832314886,0.192712992755394,1.72062045282827
0.405372718832762,4.9036111294176,2.74927125198868,4.01492059508973,0.0809239482701237,2.09515546089185,2.93029776170371,5.89550966672735,0.870729339634878,0.571536840677795,3.67089277594445,0.169771817186205,5.06152236168284,4.70748282713229,5.81241689120258,0.0339467390007955,4.88562765887101,5.51914237571327,3.04712132172534,2.18256856705001,1.61631315468491,1.75888311469029,0.44763128691985,5.71115604973923,4.49789421998839,5.78425821684077,3.22095478027806,1.33102421891275,2.83127205133111,1.46823941452213,1.42087907578535,1.18117857481735,3.83261872217069,4.15195510861297,3.77080789954754,1.52453942035193,2.82107391188624,6.02399240296046,3.69359507308339,2.40833427738377,4.22827984871333,5.64754378686743,4.2752585662512,2.03541404561067,2.02658500438281,5.21891230357138,2.91329377771667,4.25345320759334,3.7561926311058,5.98454590390116,4.49388110215163
7.45492433048909,6.15026163003203,1.78874476613651,4.14832177747586,1.8570374803336,2.94996654606182,6.2685083518712,0.717896814735332,4.54158859134862,1.37651247601267,0.60339801148059,6.03185899038398,3.05040712496937,1.04928025109988,5.53914474781807,4.421983868989,1.89110476378413,1.66269023984809,3.45395397244108,5.66267692245756,2.55115101703994,3.44885776711225,0.387032453889502,0.883470308655951,4.60316890635878,5.56346564677827,2.77986456582014,4.40451946079487,2.43886255865493,3.14697765942833,1.63105915387496,5.01089753588135,1.24939352175227,5.62916594579087,3.65596214625236,5.19295350543753,4.32910168162736,5.02501601489839,2.36513497213073,2.33066022942218,2.60689245295163,4.67974078745069,6.15410900802791,0.561439175909526,5.85480528340926,2.702129972068,3.62808252497709,5.30224001788801,2.76495092499571,4.82934850108676,0.242233875704656
1.2708668895534,1.1034032622034,3.96453828306992,3.46923541281441,0.116011385939883,1.53876511809791,0.779000600273265,0.0833286725279699,4.56115270099232,2.72009962827917,4.17622001730953,0.870118107591753,5.81051377961035,1.82749324114888,3.94627288187693,4.12937523723641,5.79998506749294,3.69066130498303,4.99685316097962,3.05527559052622,3.43148802142119,5.32389941682034,4.49266071833489,3.39176377419827,0.0266069717843156,6.1061413768864,0.407842754687775,6.13664844145666,2.3608482842244,0.0527964618588422,0.542281453204907,1.93941699405673,2.16098291235514,0.902909710385061,5.03647083608339,4.07362069650457,5.93443114643178,1.33044649061948,1.13017153826097,5.60491003989217,2.03291677130346,4.31519872116468,5.06292782511746,4.77920888863922,0.789257294477177,5.04171235306503,5.10493821392164,4.81279867709159,1.50587138753057,1.41418506255283,5.68436577139374
6.80865942389721,5.3209565713133,2.80850581443168,2.55607052819733,3.83513984643135,2.33686216090037,5.03364687461406,2.0355521728728,1.9935234142063,5.26635838393679,0.608422222221991,5.14128501047161,5.8367964561036,0.907572530621668,2.39534459766004,2.55428183289099,2.34861006455629,6.15735740884542,1.99900404807384,0.245075371710084,2.31858708104137,1.08391958964737,4.25840052589758,5.98033621668793,3.6091355692689,4.87294174530894,3.07510564404754,3.02543177936598,5.17049970834104,5.06965685036837,1.37386464841717,4.35824060911779,2.92079769165624,5.11534265114821,2.5371499562167,0.562246582341245,5.29891270580639,5.02926283828706,4.48340324252958,6.24470670690572,5.32719833951371,2.72666337743424,2.03131530464166,1.6534221739788,5.73587482876988,3.83516721909153,5.45151523365135,2.93442223540174,5.6847833394157,4.03384867330302,2.24344070682468
0.211799883632126,4.67301925380327,3.11908537220832,2.04279318726726,0.0130233882821109,6.26977027817264,0.470181620517474,4.09034841718985,1.31310286971948,5.5783235036105,4.03412500243609,4.47065436643629,4.52825652150011,6.08760842992048,1.6527998749604,2.87958795499101,6.18223387142708,1.34298941856849,2.12284769552743,5.16635088437158,1.21079889890846,2.50911635403607,2.49187866449711,0.94014382380391,3.37241008191359,5.36312897829475,4.65686680956056,4.56535109155214,2.25914755499796,4.02251408057745,2.62839750524909,6.14128988114554,1.5510950788217,0.0353584359293533,3.7782464239748,4.95117206348141,6.1573127415677,1.64659555307406,2.87799374001412,1.72426540099785,1.25476085407749,4.80884796295135,0.886567477391174,4.793235619286,0.560478034342693,0.209269315032673,0.698093886641033,4.73938032072807,2.07185117296328,2.56826072904241,5.73627787001531
-0.624852105849717,5.3594655915057,0.422898823753485,4.08232584466322,3.30703259040436,4.94063998957826,0.216990634690915,0.453355065086757,4.22697806813466,5.68071397823047,2.73020727892625,3.98382647904927,4.09154066031442,5.90266493510443,3.65632085083956,0.723930649611631,4.61480300961731,2.55603911056866,4.80466598194362,5.00740008789004,1.13919939590748,4.36694697881304,5.34165706401762,6.19483447053261,3.56669396780585,0.184203704457953,4.12225734495334,5.35803257986073,1.31175576062412,4.53464533637418,5.1630177089143,5.71205017795469,2.88721849619368,3.87741779124888,2.28180280761731,5.67225338169838,4.08371331127963,0.165784600314047,1.6936182386148,5.26892929422552,1.24735342397401,3.11713020267624,1.85322566441331,4.61825565574245,1.0718093109428,3.62751816044047,2.94681218747012,0.710956705034764,3.31086256552677,3.08660357596542,3.009016956377
-3.01576765333429,3.10597291562188,1.90420142231824,2.60321873649802,1.95067786009985,1.62504114777228,3.38659112554812,0.755358938566017,1.6547735269995,0.18199802629689,2.2624871438881,1.92217624701898,3.1892371744039,2.56518014833528,1.09436646173867,1.34490750020143,1.91704057216036,6.02718548206788,6.17176510822964,5.26980171712543,0.763648732097763,2.77094763393699,4.15864773353624,0.382312288727105,3.33994902399738,5.99595964488357,0.967234095445319,5.95409313407249,1.69848767408634,0.283077332792871,3.24969784067333,5.21782708753349,0.912885680849987,0.777328237675507,0.294081052947697,1.10133618675284,5.97749940055744,0.106034389969383,0.434650898188843,2.90432096675165,4.83587458010129,3.90056248212959,0.703861306580081,5.93117628683096,6.05822391505749,1.8343408505393,2.7431172091338,2.36789767829425,5.27412996799731,5.54016011390642,5.79760244646435
-1.99525935855133,3.64912211770343,0.0211869071140093,5.04420715796653,5.56907066818134,4.79785316805972,1.22675645320465,0.305404375352384,4.33761328864996,5.63641214330408,6.02789540110172,0.24498504383328,4.70146395937086,0.55843940094543,1.04171239008524,5.59221551413136,5.61657502681427,0.349967850251415,3.15530962157371,0.379506891688201,4.50251120407573,3.81249862612222,4.20434725063599,5.29286111110461,1.68471845505738,1.93568200327937,1.0491395052144,4.73989567897195,6.04111912723728,1.55584795190651,4.12132813449943,0.240171345540567,4.18000908924244,0.530000639213996,3.87319263513988,2.21182431586367,0.0311131603080121,3.37793561858866,4.26977524207731,2.39539553939339,2.91527308685998,0.153834495047053,3.23799209685354,5.43773779009695,1.73367248943513,2.6300224224877,3.52875840857468,3.22671335102565,3.79713686423174,1.0111831564544,2.36867685772163
4.89919459026304,3.46685573078825,4.10813911170654,5.49080581051301,3.55977086599087,0.21344464415189,1.82313884500509,2.6738322912303,4.73820999065341,4.23329968679259,5.27267745126559,2.45573528378023,0.0694088358423276,1.37008266724819,2.31811082952359,3.99489980338339,2.97346131031305,5.71889626152155,5.38195627754448,1.65482710052249,0.737793757259996,5.31503956214897,5.96482898222366,2.72682399121016,5.88671457690227,5.55743976286173,4.87471007972145,3.0192834565208,0.0188227934620435,0.263180309807713,0.874462253068564,5.04345841893854,0.17790178838071,0.780451719918223,4.57780328200728,5.44167125058137,4.0195630617471,1.44768342886568,3.54746074097332,1.18885412708348,5.13589700857684,1.06716442023017,4.14132324029012,1.49658255846499,4.94622400055187,1.91342718059667,3.23458233763481,5.30160815869997,1.12155060444447,5.33704766662344,4.80532149797993
8.46806136540058,1.47824704107138,1.78189937306698,5.6057165407776,5.4098520699162,0.283958029957443,4.00338352279864,5.9559416086003,1.8270759949689,6.10479586090883,2.32556382952524,5.59256491455958,2.28590951271234,4.03523116453504,0.685179184394703,0.410003584169282,2.99579314392928,4.36452994117372,2.19595918580589,0.912261092364798,3.49269653872734,0.43460386098384,5.77774355590185,3.14998402483837,3.00787512248361,3.13958670909701,0.652552805032186,0.610751718843447,3.9440310696393,2.61619265327945,3.47401824938733,0.838069510650479,0.19576195541407,1.00521397085386,1.48157621252187,1.90510726558168,3.46378088179416,3.06355867218982,1.84039609083293,1.69283499666392,2.84958547866173,5.99140793034925,2.00267947467869,2.34612955236443,2.38743824812313,5.15206790167945,3.67454254735494,3.20193186254861,4.26696650519643,4.24706163365578,5.12264914721881
3.76413624864696,3.60025712822334,1.36225282832683,4.93320731243456,3.40034640881945,4.46236182115564,5.16542511177515,3.94052143261455,6.06526579265424,2.70875081598987,0.593906086960976,4.36006349867132,2.96516325275708,2.16859251920009,5.13560091834635,1.74588464575474,0.878959291039674,1.2099406897206,4.79401665661934,2.91139177501634,0.753013156740502,1.59853240215948,6.08210528320661,1.78360952430164,2.50876571012749,3.10828887586234,0.0826906881019292,3.24120317277917,4.98673455746489,4.33290099252391,4.44488485966147,3.18292811636059,1.06622857690568,2.0529412042129,2.93352739328226,6.18511863616054,4.45140480173465,3.17094129038689,4.89153897143234,0.860239985865476,4.73314321338466,5.41093850895361,3.46955446061832,5.92368931933442,4.49205125642264,0.749973432409497,1.35538345071539,1.45508799311264,1.69953378339813,5.54190804353757,1.86943054402873
4.60747120577007,4.54623936445485,0.632157978820097,2.21173338526461,0.123793972607285,4.42369182438363,4.52608314164441,5.63974546505317,4.61962975421345,3.40213180524552,4.11094983230434,3.03730765763255,3.88428298637753,4.49250915417021,1.86086793090438,5.8695771338247,2.77379849993272,0.98884999011981,4.08988884732692,3.86966538604437,2.24129032257826,2.65035820678903,6.18738277399097,5.59862292708297,4.51926724392919,0.432468692548362,2.06399263597796,1.65822036972863,2.91071556307797,5.12586904015171,4.89391007198105,3.63067917530943,2.06274393153012,1.37355185751389,5.69575097962194,4.9981408053809,1.27954216115269,3.60273764334104,5.07802664942695,0.433898235614569,3.85834852827468,2.46867333566202,2.70021025342973,5.28583172829117,3.60416580833841,4.77025139003773,1.89114736834735,2.85505484074547,1.09398547252037,4.29893503370539,5.51390529722507
-1.54795990711019,3.50219218783638,5.10211270761081,2.42236290689821,4.45451195342285,3.68405613622839,5.70518253390117,0.918977953451881,2.63814038019894,4.76326218626934,0.79515290992751,3.5079288572374,2.77718384743746,5.01559763712229,2.87539956493918,4.29912646092481,3.60505548196832,5.60209928272142,1.88887280868852,4.06049619425065,1.8042380194927,3.75689356343388,3.68798398642197,1.43963814453586,2.33787758989421,6.24880755593969,2.417466875576,5.81345733316974,0.614170924124214,4.91894018631149,1.52559099073691,0.544973276598727,1.96879521544614,4.07142188674389,4.75438258805558,4.55200282134882,4.50096531074593,3.91256845477511,1.95437841085979,6.14730472003058,5.7949360281059,5.24021454129509,2.04315273742111,2.79599041421217,1.63831915987192,2.46904116008053,0.0651587706271949,2.02853850472537,4.72992215450605,3.16786212285863,2.10509682749253
3.90737987453526,2.18630825672024,5.18398236219912,4.01509602237412,0.814301746867716,1.07440553410306,3.03095699858782,0.0617839985572493,3.56383415167731,4.71467420617923,3.86233427345125,4.75859318520385,6.04429974813433,4.269185656833,1.14134980648642,5.74698988284221,4.99555036220997,2.01732046268318,0.734595470164215,2.8405466798509,1.59634834300179,3.72773095715141,3.64227363641384,0.186054349956195,1.15155381662155,1.82593116063053,5.64789840406152,3.45118243317821,1.84623867257706,2.01290970762038,5.16738692441823,1.39925490830912,2.67845560390126,5.03664241589323,1.17730389438136,4.56886497981683,2.5059807295733,1.80381673858466,2.25143339047204,2.36944721136423,1.14311105452376,4.04526650753021,1.753565338715,5.63899114206687,4.7887361631113,5.5228451837558,1.87602643641984,3.90853538566159,1.92972544851352,0.0272618821725334,4.19743670943563
8.36481365007637,1.7485211415868,2.20654706857085,4.37256231817732,2.92177295916004,2.85085178055114,4.07030510239676,4.3051656354521,1.21677052758219,1.80173320823154,4.71371767573018,3.28940748797382,4.47095039668714,3.94163573292677,4.42653668071188,3.12566811442882,0.489020716738592,1.19923438812588,3.09502158110055,3.70098736929935,2.70188215959705,2.69409745901302,4.43976298450909,0.525823807677911,2.00087830068113,0.868375782399773,4.98655597174036,0.797837652797827,2.067634950895,3.71642277887468,4.01441015663934,1.62324863278684,3.78924094383782,0.40245382530295,3.83736709970825,6.25829668189701,2.05204897925386,5.27710954298857,3.33314634813576,5.67207328770531,5.38467266186994,6.16532695644335,5.85892762563565,2.66297014497259,1.26047239347175,0.342615166931213,2.98554667844857,2.96750925255739,4.43393893208536,3.07679100906119,1.42449191144017
4.46165006172174,2.93337759047094,3.99854224118555,0.381988455718161,2.21822535049245,2.79843728952863,4.81191940334631,0.561937460436505,5.06818164962891,0.875955136098848,4.36628990038023,5.85541249827934,1.01189045247612,2.50201912547087,6.04188863531323,0.517860568182737,3.34659534317468,5.80668391274388,4.87132408121816,5.19773939219464,0.863235468627928,4.08602802511389,2.87625069506645,1.94010433880168,4.43631652213868,0.561807136379414,0.15833090396339,3.11706227207523,2.08006454950624,5.71462975603304,4.52245658820676,4.71349611239832,5.64694824169487,5.22601922835761,2.63953572609213,1.83974826243113,4.137424436335,0.561316164979913,0.625942582643899,3.140156638574,5.26513000527274,4.05158607371408,5.90308012295867,3.67744659627452,1.64524119083087,5.98152651998313,0.491899821442003,6.13229194602542,0.131079983436024,4.95918310675066,1.47694435055766
-0.34442242097979,4.08808921085627,3.27522271389818,3.35854550842131,4.63765306440809,5.79825596561748,0.446675834641428,1.79016931772623,3.31104269170404,1.81239687307884,2.08790316301024,2.04848107859076,0.539411291319715,1.28668318217059,0.580961924470366,1.15172294750653,5.87149865770388,2.91495125512297,4.74050165036166,5.68276440274746,1.8147550794676,2.80938608881292,4.91843368164783,4.59769490536181,4.09437454036833,0.638500272899246,5.74374775209159,0.282264576469736,4.23017499032787,2.05157896123001,5.15637432873942,5.50334816499814,3.87423032682105,2.12918535947086,4.10189561433696,2.73138854138771,0.466459823798273,6.01087887405506,5.43590772639317,4.29497306241052,1.08265368274584,0.754350358954627,3.27043494290259,0.395635787338587,5.57767810365272,2.91803091126587,3.82957968248535,5.19395524298106,4.11856425068686,2.93868624954076,2.59201412550671
9.278403866308,1.84354485376297,0.833057924892102,3.9259808578441,3.43773844570788,5.0175968916907,1.46090489040405,6.22481159302866,1.37963297536543,2.23790925118307,0.74271541012945,0.547689959359469,2.38206127077901,0.85627381160697,5.85525651025039,3.77230843949105,0.923692476139246,6.03619508103384,2.21087455433657,2.07760526425571,5.75381515201064,3.48115907583712,5.8956160442784,1.67561865109974,1.63636285365249,2.24915761951705,2.98034159690461,2.10047524399074,2.20932951535093,3.30143962052043,2.95871282416226,4.43432105506518,3.20441411853882,0.682744114827139,0.440520241093391,4.15522040467137,1.57788725457193,4.19685121889903,0.768274265478366,2.89578464665394,1.79883109182674,5.60616376946361,1.34756284427003,2.27546106652119,4.44934118901119,5.15692864156592,3.69730872573765,5.82159465113884,1.80787876908739,2.58828250090386,0.295527067008559
7.65594457325599,0.177285937905209,1.82609205967548,1.56724349126218,3.31667170788944,5.96259404277517,2.38747429735044,0.967856905022123,0.803013012235178,3.80667416554434,4.40171844665853,2.86730474181444,4.37528337067436,2.49853144538357,5.0268103965673,6.07139038550526,1.90822245893055,4.63778196212006,1.28419708163167,5.02460617547265,1.90904107862935,1.45113611302669,4.55025878161685,5.21593957064798,5.0264854502777,4.91559409328757,1.66917844391354,5.34857637980061,5.07177877354356,1.12598582242339,1.48384304358449,2.53827067288762,0.410498264066114,2.65279881496444,4.60096459895196,1.18757770033804,5.45648244032687,5.94026950034266,1.98961009956675,3.73855882138685,3.35886627369104,3.93281642010414,1.39070003109558,5.39635969057873,1.49651945695656,2.35475730045334,2.51245138008472,0.849282049194859,4.79837574580433,2.20323442809465,2.95230423941327
1.36241179482983,0.3889645224822,2.45728360701697,2.35870021724022,4.81965499377042,5.32216816591822,2.89089110960705,0.995472557359176,0.444296819705906,0.0392181536392313,1.47352365017461,5.77755359891509,1.65471206688516,6.15810826325295,3.35447837233448,0.52167439268955,1.82996407467473,1.485115754518,4.63297538823839,0.471252322945099,3.91380536956615,4.31091036406882,1.98695041794605,1.39250924236506,3.48485542655925,4.37684334897944,3.52765188659788,2.53312477662038,4.84423202335378,4.18776070739703,0.129392137313316,0.583533700806602,4.95253772676677,4.32575494053073,1.13231772832126,2.15964693314053,1.91599568584808,3.94164685549293,2.76170870354417,4.99400972953358,2.01430586835894,0.248188988033273,2.91784626320882,3.21310076224669,1.09775110119106,5.43892633057586,4.49646159455379,1.72079829685333,6.23989515471383,2.6858825317769,1.85398542652902
4.41172627900946,4.4439623932599,0.72291316082914,3.04617676379785,5.96640474102605,5.17807445384816,5.97958136997696,3.78643187487454,5.35987738831584,3.06778456707245,5.84137420619098,5.34737742041914,3.93949381312436,4.3645008905465,4.96316336452152,2.54138129900625,5.35229325380048,0.481549510721444,2.1745405831894,5.85004011596091,1.41872211718508,1.91283907436255,3.86003763250694,4.70645335705072,5.60829524988261,0.14774853639959,4.16052417613189,1.68882252689988,1.34968568323193,1.76493158313614,3.00266452866432,3.82603286100885,2.32007809738819,3.43739987818804,5.9821740470238,1.7139934105225,6.18474607627621,5.01547311646122,2.08929885707793,0.515479503698987,2.83710140244413,2.28386081590161,2.32772977922002,1.51722613195268,2.05780392781628,6.24900288476163,2.11700285650071,2.18434203630498,2.08872779237651,2.38619602732822,5.53120195845472
-2.43257219052937,2.61511156852221,0.0843180410991422,5.01181510150736,3.4826803029052,2.56122141886688,4.07070619796115,2.78822239089424,2.81683368186935,1.89675767088468,5.23780272188456,2.00028374005244,5.24641007543252,1.75083144179722,0.289637370524774,0.787532505284212,4.20238164025757,4.52296299046616,0.915506677065,4.03411245791356,6.24129077856145,0.930899357729077,4.45586903523076,6.04841580273881,5.36954378483434,2.989695556546,5.9547305333313,5.55974225108961,3.12906368041634,4.25900727848555,2.98652141052436,4.65153099873119,3.15166291936536,1.35594155688847,0.497823976961145,2.17600718782223,0.840682928949841,4.33694629602132,3.50531323139466,2.53674646585542,4.61056456436048,3.09257413963479,0.633095039292427,3.58717236760197,1.91556460192599,5.10174619250399,1.4581278271625,3.31173063039373,2.6870890266494,1.15683175733754,4.73831858891411
5.40323967668976,4.09492199064611,3.93495479233021,3.79929285438025,2.41095046206122,2.9615556075356,0.183873645269663,1.44316350792997,5.63453098572346,3.90345752093671,4.68952744168698,3.45406376736877,4.86674877712981,0.0522270283110778,2.37296208709863,2.44524344890177,5.50063190794656,3.84090266841888,5.68156261700826,1.78386115206295,2.19787262267393,0.150742919047646,3.10002352915462,4.30370804824632,5.22111562789725,4.33687246400878,5.08458671934306,0.446490696506824,4.36583419115811,1.59734722931799,4.85835317365923,4.46001794990113,1.24731139872635,0.172715107420343,3.63829166995467,0.458388743833967,5.33516702837873,4.56004421577946,3.65157493831897,6.03707021033221,0.205504167662029,3.81310475404416,2.0218797024681,5.76999753340892,4.02053719402647,0.83794413564525,5.60173509365434,0.455379724690528,2.72508970914178,0.3873717382392,2.05432007764851
5.07693736177312,4.17672134470612,1.85413713259676,1.92791728030463,2.13525570585658,3.11122560929765,1.61598776659404,4.40327282637611,2.58802015726762,3.31138680222048,3.17430745903561,4.81519641152686,5.87185161156011,4.55289950674508,3.95106936454968,0.729114606618534,3.64874869030868,0.656074873934779,3.55802224293656,4.26296903473145,1.94300775574065,1.53253525805066,4.9615343116135,2.51329814340153,0.452422535271718,0.0535028464825971,3.1403834157459,6.18991082224289,2.99930622466319,3.94512271520215,0.482089744424347,3.42352691193474,2.10844452972633,3.71932458806668,3.28510188161089,1.19505820905126,0.13947912716836,3.5179773840503,0.00933532352798176,6.07766091174928,1.73651814890541,6.11830845777415,1.12221065991558,2.47503987760834,2.25104409919364,5.75834036870979,3.56839790602743,0.0264061028916056,0.889568397820127,0.673625290008626,3.58355972944109
3.22177715753388,1.10033889062859,5.97535807323685,5.65953261557598,2.17275464548365,5.2874599078371,3.33673235094717,5.04214075106953,0.132530968492519,4.52530183513414,0.134557525501038,5.68417198741329,4.00581283724648,5.83438820913902,1.12713693414324,4.08014594311871,5.46017598370921,4.8947635310739,3.32252632798644,4.67759748957945,5.80814635683769,2.36344731472446,3.55052304105612,5.014824759946,5.42863495204721,2.40473429053844,0.915544433517708,3.51447525033238,4.57092051138083,1.21598454119699,5.27736514257246,0.699163238795271,3.72652126872875,5.46727827835972,3.79668650343812,2.38773772500897,5.75220709782873,5.91491178013754,5.04168522617509,3.26732989489059,0.467315386567325,5.67766060926254,4.63733959763666,5.2808056186821,2.08458785270855,3.99011046413962,1.54536367592576,2.59319236704235,4.08471473722161,0.109761324456878,1.01984645930431
-2.90869017197146,2.87777038460762,3.15890998585191,0.0938259714054605,4.25222850963118,1.91512109929233,6.12000907370877,1.13707817639589,4.83738930157266,4.43933623082452,3.54127929619991,5.05428186369846,4.46979738317378,1.7037340230864,1.98762298282965,5.05123580639509,1.84055483646247,5.0912451310012,1.97894773671654,1.11283654126305,0.00559022983836857,3.4309060843126,5.92295970942324,4.53134560615003,3.42908786293067,5.81606284439688,1.53820637262964,1.64649595614831,2.43186593496604,2.38283903556461,4.64366133479096,2.71851159998285,1.92585955436352,1.84084596740067,0.665207837856528,4.42252302891003,4.51050626203913,5.30703961803919,2.70479873987289,6.18147713462595,5.99335619198216,2.04829538601021,3.5892468849168,3.87282497603112,5.15834429861372,2.68006909721259,3.01352172440724,3.30314927728879,0.260935854077123,3.70756948831674,2.6343219738327
0.741095088897225,0.357306826029214,4.19216257230665,3.80994500021059,1.78552469033885,1.9911462132892,0.787755047308266,4.16561916138705,5.71908198043463,4.47903220715556,4.93704782788173,0.248213184698304,0.459410966619363,3.54675996371456,3.60458782509425,1.58767702628665,5.95572496213611,0.747139454340078,2.2638646655874,0.526212671784234,0.442522929130529,2.9974043872726,2.72456034638313,3.45040937167423,1.05912732092701,1.21873302048218,4.99399444935424,2.92514920292558,1.1328827906698,4.98297886932254,4.29405324974235,2.85322353648715,4.1154850187902,3.84234877025482,2.17972968820503,4.8410810002153,5.290958649048,1.92542746102795,1.20679672516186,0.965024530310919,3.06205618217651,2.96842521482518,4.23611754350478,4.98408646069246,3.35997388115305,2.77849530960798,0.459198135445519,4.55027135832358,1.22221018072558,0.798432740077029,1.10442408058744
6.21222746296532,0.015344320981131,5.34933598830993,3.40124995383859,3.44678511062921,3.56654611799017,3.10366105155203,2.62552710637117,2.06621250737023,4.31875630386657,5.65671214316627,5.5563054425156,5.2948273095761,3.27625331481542,1.14939288180994,0.513257045867554,4.51616600681879,1.74312828572985,0.290516595993758,2.27116093439771,1.31613182404759,2.1801967540602,0.427032902971621,3.48350579393021,4.55872977071898,1.86791132408427,4.57695070212819,0.705403879085846,3.61625537797466,1.31381990877561,2.26610825819633,2.62736479919274,3.22013576412847,2.30793620209808,5.70280274947074,2.99044796457253,1.00411000459495,1.55042137871367,0.053220531088742,6.17699168004019,2.16245707442276,3.04962259126182,0.739119639414024,4.11555275482311,4.83594642985984,2.20008065905894,5.49744567236991,2.67917223626616,2.85268537720208,3.85878894561411,4.47329389050878
-2.4075843456795,3.36137199342433,0.787535153165935,1.21908288172959,5.82971905593005,2.41594208045073,2.23425600680506,2.71260103350974,1.55229665975237,3.16718804531774,5.54953377466559,4.40772527167833,5.0159750743755,0.372373603655265,0.0479520730077444,4.43586532601883,4.57665484157584,4.84250718295868,1.83091346754647,3.44198052631614,5.10400284311969,3.05348398547582,2.39168620527331,5.29018485608499,4.75200614639296,2.7206485546413,2.42859253287856,2.29586947739057,6.11660148838631,3.77867450306315,3.30113852857303,0.260492581121596,0.353914213673292,2.63884642249986,4.29018728098352,2.62996139247127,5.6416051484593,2.45757303072977,5.4695159037258,1.91640552819966,1.14301125864115,3.31550999147643,3.45655224076082,1.05301311625727,4.48404387483735,1.17679531676277,6.02480122403397,3.52977226785742,2.95341059315449,2.9380722394162,4.74471167989772
8.17415732814058,1.71231730578029,2.61119766432668,0.108316110612206,2.55429371471163,5.82237940720994,1.0897645749659,0.316318207968748,2.60013684209046,3.98159484725856,1.17407530147465,1.50409961818641,5.5041650101773,2.48116752942106,0.413536736139243,0.380443128537652,5.87838729755766,2.46359117580967,6.25388425618177,0.451234853525721,0.318241052862956,0.487128680899134,4.30717274296476,0.292552644414776,1.99316684401658,1.7026330996971,1.67256936952492,1.92278024346928,3.53309807313341,5.76063497473506,3.70349206352706,4.2789072872865,3.35438323438303,5.94588061772536,5.18255856986388,3.95456505118763,3.89091053192712,3.51715164725505,1.02377174939126,2.83128192310231,1.03382000849015,4.48493140382935,4.58953478342569,5.41579372339849,2.7591517407164,2.525936226857,5.27147976169701,0.164885583026368,1.7882129398238,3.94041480344159,4.27985209244715
-0.908780422792571,4.60031917558748,5.03928412117657,4.62201353972483,5.4571617960762,4.87308632696563,1.22706190464793,1.95858550139343,3.73739084368446,3.49678516654367,5.79158652501994,4.57630112992805,5.34184496267864,5.82679995212052,3.12589417623377,5.20441108714894,5.96666686522457,1.25007697367222,4.0587124582366,4.96199745977405,5.25246599305723,3.14598650317126,1.11629178406778,5.69334059825988,0.180667863644562,4.72410151945896,1.9491974733158,0.445881364794284,2.70693148571603,1.25849284879862,4.53714168319134,2.54950545217556,1.29342847653346,4.83922172788915,1.5487014200762,0.350858596200274,2.96161968334747,4.5603164882407,3.17145582793373,0.313242372967874,3.33314190379064,6.05597831971371,5.67402915358641,0.949891527846338,1.16525795920267,2.26328046680747,2.2641462802435,3.92466195527223,1.47085134649673,1.35300500631792,3.50838440261269
0.256930233000403,4.27189167053219,2.41202266983154,5.05394483809428,6.12314850322147,4.51078864765306,4.40051909667793,3.04255538616436,2.37158786135376,0.87356822872029,1.66241800249688,0.537820028511518,4.58452444407352,5.42775042496311,4.99170980433817,0.117453330162648,3.50366060795054,2.53579687695266,5.39453744032041,0.832895655092914,2.99612541212387,1.09854409934262,4.20297714007967,3.31757124597596,5.78817440611434,2.67888960341908,0.666972011730023,2.91208679569245,4.65070978966739,1.68948238926579,2.76247308994393,6.01919412528722,0.805669336458887,3.4744689627442,1.43191681463719,0.564180895050276,5.66913860235532,1.41521392259755,2.61837579226166,1.6260674667283,2.58885297019762,2.27033521369456,4.74314455084908,2.85703348718689,4.62305623019707,3.34942324428239,0.426570732040347,4.32367800793815,2.88188144919853,2.12974911689647,5.72730195912688
-0.446660029280701,5.62819844784498,0.112329717063597,1.61424066351162,5.42489563980985,1.80573569504261,0.0417789654044631,2.40404539656324,1.68969287391904,4.60589268280929,1.7654048795594,1.42173434450787,4.16096314810826,3.52617588125348,4.04952044070075,5.77781605665894,5.62525010615472,4.38285934064392,2.59684602250033,5.05992401249946,5.02481043687238,1.65373727775556,4.21087513196559,4.97560563492916,4.65736008066728,1.15426308970222,6.00957396868337,0.672707700975931,6.24509501949193,3.02776515418326,3.03455970207203,5.48703143944388,2.85052743698378,2.61024641354898,4.80545885867298,5.45371296524141,3.93948828036818,6.17730284417857,1.54330848814751,1.04817754587636,6.15867502258646,0.960832578053567,2.57747337957485,3.83200858146445,4.72141075814366,2.83326503583263,3.82524985166194,3.16604314514805,5.52213920289743,0.530418747052723,6.03197595946192
1.57504159468274,0.111254364019397,0.105023165402106,0.380936870703995,2.90382673450775,3.91373946949543,2.81152988700215,6.0697757086932,2.92707733919448,3.86696409610766,3.29489179376574,3.8319673900801,5.79293428803967,3.0947770060673,0.810184517540017,0.484189555592767,5.76441043128941,5.3765058470836,5.47139272814307,4.29890555151734,6.11952611178576,4.01244817576068,5.44097735635218,2.9234640617384,4.72277843147846,4.97486970521188,1.40110527439001,3.49640363750859,3.68095372000601,5.94350346362164,5.1051136221881,4.93019193691207,3.92625335559473,3.55192041309085,4.07045617648389,4.67691101527075,3.23148325247691,5.52037570196625,4.74491513084084,0.480867571458794,4.48971426380895,3.11722240893985,0.165143849509918,6.26701735015356,0.692123536557702,3.19284549841936,5.57881811913894,3.34222863364941,4.43971008100259,2.88771350963583,0.584380137892676
-1.80757022499459,2.95437984513915,4.63222391647943,3.91674985207852,5.92078473791266,2.19385630689826,2.70628549473934,0.673490385555028,4.40265886599077,5.70005626267997,1.09315627299803,4.90202982176693,2.59954734754708,3.9414425458169,4.39956669604662,1.13419820564497,0.481170203858934,5.93027405551226,4.21814992367558,3.86173213051815,1.59632262490196,2.05256779437316,1.36787933121897,5.48556760265206,4.1351166859908,3.61569408995476,1.03099559936789,1.35603097336731,3.90790645523554,4.33174423247735,5.69935843027531,4.58136280014979,2.58416044979817,3.22416295377423,5.41725205522958,3.99026688958108,0.308049310758845,3.11492952623209,3.5371965610176,1.50455842733194,4.87846051306205,0.377896695794222,0.523393837842771,3.58154011105302,2.7060186028908,0.470392602562865,1.00988493954417,5.16555991967615,5.15810708498425,2.3903653497058,5.45597503450567
1.59781010754117,0.804397770990224,2.4322018502154,3.35250110103605,1.96403166013351,5.78200759637339,0.194764274542372,2.06240672159826,0.0446601269706927,2.56265938541539,0.112233805228484,3.88766898780665,4.34846373302595,3.2292459562674,0.540185297868766,0.609411580552736,0.712893964060807,5.6847586921719,3.72196270188614,0.948834334004257,1.57833672444844,5.60802493041701,2.02353816880702,2.03382596172346,4.74122354337998,1.6305990719907,5.1895583037166,4.62202682594682,4.59297085322607,1.06815266966901,5.20580368129322,3.42920214901686,3.26276043077121,4.55872826537627,4.6470028664363,5.92085359454082,0.918783442401143,1.77706195209469,4.53584433232861,1.7959043325669,6.04092224625925,4.92815195324142,3.68657026042604,1.1656140934428,1.9085449167965,4.24646777961651,4.04430739795659,5.22441471443745,0.269981484715376,5.11602531601823,5.09615026898846
2.01012074009633,0.529428799165991,5.7075632326554,5.34527195214651,5.60099651898117,3.42503696669744,4.79294044923098,3.97812517861865,2.8794263230241,2.05827823365302,5.0784617110233,0.358484940290974,3.43657590420907,3.19876759561277,5.06018886357729,3.17356002639347,4.14603795169392,0.490479022237156,2.46845045570389,5.7256090015684,4.89672073406212,5.81647836579645,5.13933743055851,2.15894635630155,3.5112800221983,5.19764569375458,6.07430918941659,1.33246127552621,2.20526445221902,0.139217678837987,2.89627397665936,6.10301829840907,5.25507876328388,0.0237018139728317,5.732903675798,5.32909496891594,3.6880910661737,5.39676546748097,3.52111243651211,5.81678143122034,1.08949868082749,3.87855611999056,4.9418965191749,4.62547735815534,5.86595681388098,5.45283828067014,3.07793715124833,4.15634199031563,5.9078680987628,5.41018612872252,0.299573011264091
4.27061989532019,3.34809662189182,5.80072701126645,4.05706761605375,2.36064695304958,5.19439134324924,5.07576186352382,4.8183877365955,0.68288883399813,2.71247965227087,1.66756621748927,3.81757273846222,0.655777456837592,2.48315441062835,0.292524816787072,0.103179691128289,5.4056162081727,5.29849385334236,4.07729823995187,6.11749852341999,0.736291932874411,4.28397329359743,5.67017311950425,2.91675028887138,3.17444298815523,3.62774833597106,0.306931132250794,1.49807765050157,0.67091973859155,3.6655038772809,4.84848183109533,4.71452935973437,3.24645237885825,0.243627678219268,6.08045280751723,5.11434299241127,1.84676484032263,3.72063951150138,6.12275665183643,4.61090508633887,2.52913265458391,4.36805702788532,2.059702619933,1.95682099690044,5.89392275171169,0.320937935027494,5.27799963793888,2.91421213770719,5.94142673437467,1.04291109345605,5.9902605417559
-0.0245327420705818,6.25244566350433,5.68867816277073,3.32049977975543,5.01055799698391,5.55299650175922,0.0997908048247147,1.14369059537253,3.71408926800602,2.32556505545059,0.323442243044832,5.07104940501386,4.37642519579025,3.17788913746118,4.52378676987702,3.19189886168528,2.4246448352754,3.96762236746584,4.65650998482309,5.6044666908649,3.503847498661,2.44128071542658,4.67674398367321,3.03253295927291,3.0674788757106,5.14158624432206,2.54959979429957,4.73368379965082,0.572237299020411,5.16176019916254,4.35231733866409,1.35506387187222,3.51574806220724,4.31683229010081,2.84434075203781,5.39643823757625,2.33048301152605,1.0346757087735,0.0651366556945907,5.37849602278241,3.90280161283837,0.613004896491626,2.48509273319584,1.84879655850613,5.03873669723131,2.42284654468938,6.16559319875627,0.439062688997639,5.35651101339567,5.25946091683531,0.92588916613163
4.98684542026935,4.03563556336845,4.67297348055948,0.693121256928189,0.51231492369867,0.59494506015838,5.51126275515258,5.63878766479123,4.01259617918276,5.17867471693153,0.411344190593778,2.50756957564083,1.74088594684172,0.385218259921041,1.85619801697801,5.7035762220547,3.91699550089363,1.71863468929039,3.74760168857285,0.346976214963512,1.35029108993527,4.87097703023638,3.89351197185325,1.7348178416465,2.57866820036108,4.70772816580877,5.8430748704019,1.24585848700674,0.165042546821683,3.70133932105669,0.144304231833337,3.40716986396946,6.10144436532844,0.739216510923397,0.127765425074221,2.28992504582684,3.88343125499093,1.99952603772538,5.02150374754693,0.888806953348623,4.07104819894972,3.28038254738596,2.5192212982847,5.88611775021348,5.95392912193787,1.98832990434434,4.34405373575472,1.43667585099588,2.65958598535733,3.5284635574358,1.82016851419317
2.415111188789,2.2893446418564,2.60285354386914,4.76451898358,3.68669841936437,3.48574634513245,6.17485972563574,0.149049215400948,5.1523888059264,6.13408915112623,5.29325779011931,6.04032104837123,4.60165879161644,3.32033240290923,3.54705563993924,1.24303449335321,4.11792054771404,0.833442395855432,3.77282120983285,1.82663134540746,4.95237489081828,1.87224413194596,3.0290898879466,0.00996537747511478,3.07277811066215,5.45543002291232,0.773867577685128,2.97101549122344,4.70642861179141,0.301077363572118,1.10639271920628,0.600234196586429,5.97396809771593,0.597112573712592,2.78335311049203,3.5744819804364,0.0378161046554063,5.7196449493474,1.58073084547605,6.28257681810786,5.54485323995396,3.23940581846072,2.14293221925989,2.66326134613086,6.15077123900786,2.52193786108616,4.6266566456774,1.50055235490866,0.169886511426538,3.43784742140144,2.10159702274018
6.67875827461829,6.2367153530509,4.11122262702733,4.54746980583339,3.81242899414748,1.56599564701017,3.44727696563123,2.77033296696221,3.84428692166089,0.615050682095379,2.959431441707,2.66723048718723,2.12084384739625,2.52874441221777,5.82424253139939,0.308372982846801,2.28089141989435,5.52705648895642,3.86266115664439,0.430957274346013,0.897876041878277,1.50624443602954,5.19967340354254,6.07558626569765,1.32451555447504,4.72435539279951,0.354848784259051,2.8262423049077,4.77915647228444,4.45756681456722,2.52668035037845,2.20152388918669,3.38421075156171,4.6864344920075,1.5804041641656,5.04675215266149,5.63558684392134,0.564123869040628,5.46186670154011,4.6167137722711,2.21180078921512,2.52661957637268,5.45719660621189,2.28699771895479,2.11816220737518,0.488442818746821,4.46428089318412,3.91955624097588,0.799685411958699,1.93752148817558,0.264163479994983
2.10481710857112,1.55720245605276,2.30451043562973,2.86115369062704,3.34939738427951,3.76902630817139,5.45158222652187,0.757502030165812,3.9663022784674,2.07080758425934,0.734283691600244,5.55323038432422,0.0491962760566527,4.16032550893089,4.72026131122458,4.71974865060164,0.972812310337502,2.3926966135323,0.631271273450974,0.169148153265243,0.576403043100373,3.74016211523333,0.334897090562353,2.39744749997436,3.04114132223435,4.46268107669391,4.41421668831189,2.32565849056539,5.81701606572523,4.01418369984651,0.615339628896887,1.50085488344161,5.02881154707754,1.93774556626362,2.3460118562162,4.01442304494762,1.74002157145416,4.02332516478522,1.73544891524753,6.15467750530811,2.20434279188531,4.66408657799575,1.31071623298077,5.15461400234047,5.89004096588258,3.70658791417309,1.41672016792158,2.4356447094186,2.70965717566339,2.25607390998545,1.35638728023178
0.216833633215631,5.61788581165372,4.08593677267286,0.408597983220361,2.13586073220121,4.85420416536209,0.977535976262863,3.05901369439325,3.24977026389576,1.18978007815592,5.51807969446547,2.52555615049958,1.74820853062244,3.31640277965893,3.46345080505085,1.48481836229042,5.20207072982366,1.37747743433278,2.11474973151758,5.96616631317457,0.530125807947776,2.10961961428475,1.67042981526104,5.1270914998492,4.15591347674061,6.12063561811543,5.66127954164532,2.85767118780682,1.66135408362039,2.32151036733369,5.24954398681823,1.30161098257911,6.00951599470281,5.32492606347001,1.076499675001,3.06349633139879,1.97337659649619,6.00190615817972,3.77111045148719,0.44794813156913,5.76062346449561,3.60258679600621,1.79778221321102,3.13501723034845,3.28728472362073,4.33269500341792,5.43332242537929,0.560934276066993,5.56937374091982,2.82058891797001,4.80500150366802
-2.0159816200408,2.7554455284635,5.11969286627213,6.2200075119594,2.59518424265196,0.539062187863869,2.39135434376995,5.23589461589,5.37917786549247,1.22547422306319,4.66910619224855,0.428308686033107,4.86651642185128,3.48291376414979,4.69425529887264,0.148324668649239,1.44088629453775,2.00787445184748,5.68976940310527,6.26044872655546,3.76307140650298,5.98153142514745,4.66805300533908,4.9558567704354,3.89528247138452,4.82830842484913,0.623835512475969,0.265097022149333,2.46624853431646,4.36231646858513,1.99311041195167,0.791485002721595,6.07929532917789,1.27560484002746,4.28072743386863,2.10434820549799,1.44007537710264,4.10938135590814,3.12984199525914,4.92290628888701,1.93661290779242,3.73832898379033,1.15264839094639,3.99443125412929,3.16718924929932,5.35359313990024,1.07856675045156,0.333786884957833,2.70016512679574,0.87676912858776,3.57167768204898
4.00162719392269,3.9261824216229,1.90046556403046,1.51668008753917,4.9491905131476,2.88844488090038,0.0686551345962169,5.94816733569634,5.57431622427981,0.554901617376829,4.67826088928128,3.72451222431256,0.653033023983805,4.04116398638088,1.51122738224068,0.00465689834422267,3.85760920166161,1.89192488297396,1.45177372440862,3.32777722519881,1.78794959262577,4.35385887981261,5.71973447408218,3.90052570583199,4.89691350424034,0.661762825237925,2.22733760973463,4.33984351603931,3.22940703525127,4.01185791903698,4.53166360943043,1.4490774669101,1.06263840770358,0.137701443246403,2.76816946326646,4.84386850137734,5.78605669760614,6.22602654941932,1.404724410833,3.5800124954217,2.57514935426701,1.26799025487228,3.7467791321615,4.15788484516459,2.39422917090089,4.78726325037572,0.183794232224648,0.665526059111721,5.96985264875953,6.03511670852673,3.15271556938388
1.5132554795904,0.909119755206925,2.61148292457463,0.624423257369331,1.39403941078843,6.10312213926017,5.87243327656593,1.54081606487665,3.62332753797565,5.26837998457885,5.53225649856341,3.10942325326229,1.87204175917347,5.98834398009485,3.46283821249391,5.94970108973193,3.00649235914882,3.79362014668349,1.65964647786318,0.429834573958178,5.2183827199121,3.06099201752978,1.45661270046282,0.582539421219438,6.20617087142492,0.421088553331313,3.16274598234513,0.398501618986264,1.21419329456152,5.55289910652517,5.73806399790042,4.55850041588543,0.649190131294756,4.63503576644998,4.04717217630325,4.14023847336809,0.55617115085228,5.05122643786771,4.86992451773215,3.65263428703939,4.26118684209598,2.57786612919159,2.10568018509457,0.16343018288311,3.02526987675923,5.69758348932475,0.784752764902582,6.25076531922553,5.17447822231354,1.08005907172131,2.80300385121854
2.23721062988979,2.00261026109852,3.43242276755712,1.96976531007162,1.6857175052204,0.0662242387339325,5.4011105448366,5.20262579605297,3.21013384149682,2.99859132585621,2.12148897378836,0.171964879141753,2.61700653166075,0.0324910960131366,3.65011623929545,0.619468422592003,1.73498217708602,5.7857988685351,5.34652855342614,5.43793997122718,1.40351969925764,4.54093348346646,2.88098533872908,6.08169242578087,0.651844201161705,5.24668506745847,3.62014558436023,4.19678668226797,5.16810968055821,3.93515609132083,4.57649895887699,4.47394293898425,3.23890471635352,1.80641690430914,3.20945293944308,0.897424861850532,4.15131659607351,1.62964295262164,5.31141797824404,5.48380036689102,2.57565230403975,6.21581079205203,1.96629462909239,0.743236662470274,0.709410470845046,3.01606891933099,5.07052288324212,4.24904327615342,5.77988118057678,5.56004938927743,5.12571211585518
4.01469317382759,2.81381859454172,5.34362557536259,2.75508865544974,1.33564576145283,4.69536772079805,4.52010014756012,2.49205947093128,5.96467452294409,5.44200225920349,2.63247952945321,3.11480098986089,6.04615178633058,3.55791122793519,4.44070322829117,2.01437398036179,1.84492405781807,2.8318627279123,4.54843949961931,3.48281180314842,0.0410786738345083,1.2273544253583,1.08265110069543,2.37424578015817,1.76694562049173,0.944239596512141,0.222632717660603,5.05491411494855,3.11414467068256,5.60474857177209,0.146083576167313,4.39100498407981,1.16972755868228,2.45956271196226,3.64561634570824,4.12581229147685,3.35168687448025,1.58071132283428,4.65166273596715,3.2310372950667,0.778768493690808,0.113393580349201,4.25619893951838,2.62382095475454,4.15064385417682,5.350336466281,5.61775813547835,0.633021726615803,0.430826018410105,5.19954056180344,3.1814644843773
0.724775447937793,5.87105422172848,0.437498320475411,5.71189257047542,2.29452594805575,5.68217354037567,2.62420031867085,2.87339485953801,2.29011595371035,5.93734589074544,4.41775802384559,0.095322023116305,2.17589519998035,5.37447534897378,0.784776203776048,4.31579848100423,6.03551311397575,4.25914951947331,1.01794971140572,1.47931837109086,2.93720406190455,3.90124767345913,1.93708213437759,6.09286409331995,0.420329799166157,2.56567952419915,3.34385300521958,1.34231028225688,3.40064196801068,1.95533659879502,5.08923302616038,3.36596126838034,0.881979519061437,1.14320531033561,2.8085595049881,4.58808537539488,1.07631435839039,3.4595255471481,1.12840204375442,0.704191051240984,3.70835416246442,4.5274324948561,1.4074981854347,0.482197031910444,3.25394724611241,1.04904039544036,0.461472055809144,2.24341691685088,3.73135787924442,5.12236120983078,3.40096331698473
-2.71461066924643,2.41366545954033,0.719892066759874,5.16852736707653,2.12592147366548,2.18900830902826,1.09047179199004,2.69630681495014,1.312005128177,1.37989545505304,1.36261080730666,4.62291284667029,0.645723009595221,1.34294936826023,0.67904587401485,0.866532888904433,1.84159617080965,5.21297517196887,1.87748130698675,5.27999902416992,3.3062758667695,4.08806628546705,2.86919569948328,3.63732707443825,3.54523279427325,3.87515210857696,3.76811708849303,5.4844106802216,3.44803389114879,3.56999949264851,2.886283924145,0.953089749110806,0.0683074677259248,4.29572976117578,1.19682942541239,2.25695976686209,0.817537459796719,0.231380711763957,0.85195173863814,3.98414306329913,0.861562007378693,2.71875310142521,5.68799748308054,6.03647513036759,5.41790886009671,1.71444434770584,1.91655624533478,2.25203699632322,0.0338101638947513,0.674035849190064,2.18317638464234
1.52021075535163,0.934909473657931,3.05851508656138,3.23212767959417,5.79592344221852,0.226890233517513,0.44578322932369,5.11696265590791,5.74130622959238,3.2513113530026,1.79254491528511,4.21691535101639,4.7005906996818,4.21444671333057,5.02587209700336,5.04688168381698,1.9898626445777,4.38671076360829,0.39945340519198,0.0639929829131716,3.44468018948794,5.94686312667366,1.89574312110461,1.76353812001852,6.21541603531168,4.87176635938939,5.02306505564453,6.17888478234693,1.51510855071835,0.728934212727262,5.32488131719472,2.28052235931007,1.87014153245568,1.57390105735367,1.78651766939184,0.464768699276148,3.44109239167605,2.11312793322031,1.11006708080676,4.62609338271809,2.52717425053995,3.52132933752405,1.53944854368533,0.938352081239212,1.92103721022495,5.6402906609742,3.08114440895777,5.83247513946342,1.46147523973853,0.808593226936376,3.74780810046216
1.48464513514005,0.54517031996066,2.29484148193043,1.53215400989586,3.43931817779578,4.50068886750524,5.77847433029582,2.59704983039546,0.477778660896128,2.6137810591583,3.42783892734177,4.15896317085832,5.46885324718635,2.66956067430602,1.98317938233014,3.90181524178634,5.21576464221865,0.441538155585044,3.47317674818685,5.336266791674,2.89770230550356,2.36006437957163,0.274848393727386,1.12573953577599,2.22113850753999,0.393050935440559,3.53753906963874,5.62314360945067,5.59236162307453,1.64273219854984,6.27125996033817,1.98867465854474,5.95087721588802,1.80667319877912,2.95484724161381,4.32326494570388,3.73445826201066,3.08579732523898,1.30676377796801,1.98826415202835,2.7662855027348,3.47426879897801,5.31667478564545,6.17801525895065,0.312453645074191,4.7373992911931,6.02897955359816,3.69434771078806,4.46529189246201,6.26883537257864,4.53915576443447
-1.12623906722613,3.53420680119067,3.86049507528698,4.67302995212318,0.62680340167761,5.60178865401106,4.61188843061339,2.75121251209567,5.78986239560302,0.341875203948785,3.4732398511582,2.61940529599034,5.14627194898618,6.09349518301309,0.482047890338099,4.94569370445148,2.04648538037621,2.55368290837766,2.10917344182559,3.58080223565469,2.58231265406434,0.699541546484734,4.3293308901691,2.25012660963937,4.59593765840542,4.4585864143405,5.74527170457605,5.80937124497919,2.79796581882713,4.50349683635413,1.00167681195128,1.44234323367083,4.03032465725646,0.493117969919919,3.20312201370033,3.79205529978705,0.907220204357294,0.425451280793566,1.58997035372151,3.14965287870195,5.09472440223538,3.24192692224053,0.417547722504354,0.282874740582664,2.58116286921119,5.19455384126365,5.9984463525335,3.51008595335197,3.60381435689905,5.52005299833007,2.46053753473897
7.86423626881978,1.46298522281824,4.11862410744299,4.75396608796382,2.61519323153523,5.38231939282969,1.3201560644505,6.19250188861692,1.8655939155549,0.069721645763545,4.16940291414982,3.66252801371281,2.18820741258199,2.30840739484515,3.70174537737628,5.84072208851338,5.53349173392449,3.5163216621457,2.58043727354722,1.87113392926728,4.50683251632716,5.24460925253531,1.19023118942652,1.50112160705458,5.0852366309402,2.85157485121851,4.4005953337278,1.02280159332322,3.77725991101972,4.31685680421907,3.42882846268561,2.52711207359574,4.89734687762923,0.743803683666125,5.65280371906186,4.27386595601482,1.86616237479922,3.00068386339594,3.99449011171237,3.46497285866764,5.17593072880484,0.564872195525716,4.18001517790749,4.17957797167324,1.71166636575174,0.248312894268751,1.48457270177196,3.57419150049675,1.27118436826278,0.771438168147612,0.899581106546779
8.37219565650832,2.24549536063783,3.18507931252655,1.43350060485984,0.218348336776085,3.90984336023541,5.21836833942738,1.89829001759308,2.21495997689939,4.24714566367025,2.10302972570944,0.458834059023132,3.03784282817598,2.83263598983605,6.07294447410214,1.9585997004763,3.36236383140122,2.91211625154798,0.735593646965143,4.59352367533905,0.958678843724745,0.445039448125075,5.26512064552287,3.44947346544427,1.38192951536839,0.656936573645174,2.39164565757291,4.33595901649717,5.34051403053141,0.470880946561496,0.180590334838033,4.77324481154861,5.73436345299215,0.198966260954829,5.73542686716191,0.0893931891851454,0.68595956926658,5.57198891179504,2.53674476301878,4.26740033794159,3.18556080421689,1.86608185432522,4.96309524227824,2.63420591030105,5.85980327719576,0.143177678119281,2.69678758981062,4.81827219971435,5.97749948101793,1.51903543099725,5.28939286880982
3.05837378365156,2.39333420589629,1.55057606328262,1.63791094135941,1.40685054867518,5.82591121183235,4.80853523495354,0.817734412457731,2.03886376589966,3.62719550215474,6.22577206019025,3.1777646811685,0.485707698829527,3.862787614209,2.6578462861033,0.323951897371124,5.08509650240614,0.857086578170531,5.24683195613698,5.03868552143106,4.6574529584103,4.69002133892264,4.34086634739863,4.92387876368021,1.44480139978903,1.33296306959367,4.04528535137799,4.23844948466234,0.913966546169509,3.08986903879648,5.71832607310805,1.3015838425229,4.81699110772316,5.01240240021071,1.18809401386743,0.7196913222152,1.48096928877249,5.33297643875474,3.23518320197751,0.0128118459390946,3.59451338268757,0.521848225393237,3.73290361896782,4.95272730046899,3.92009794930021,5.60403019999759,5.23603337805857,5.37002096237927,5.98390519259582,2.42034453199051,3.04247048717655
8.24942005700177,2.03420360817395,3.03576705714036,6.0355181668948,4.20253412606064,1.05282332019151,1.45634022319305,0.0816715988870586,3.76614981477676,3.82157714608473,1.24973903228131,0.941946312964819,1.99590099255627,3.02699268223528,0.192787206589556,0.469049030803423,2.99007381449625,4.71707940003378,3.42664024591474,3.66920705105296,4.55128252437413,5.90563435159255,4.07733083376668,5.32748671577717,3.46353581522044,5.8124894592539,1.10364116194145,3.50803016285147,5.02688903426574,1.69464231930616,3.4980621506609,2.19656076990428,3.97647283020314,3.46377084617614,2.9667079011436,0.117023818877493,0.910429807124418,2.00732055156388,2.00009725749612,4.02672302901705,5.16940727426534,4.90219287130146,1.83989285140242,0.758170740260272,6.1176610375265,2.92241225143485,2.79303313701827,2.34294368398022,0.806924547966342,2.8226185310144,3.58333445468606
5.74988859267503,5.65846111146925,5.45139687772707,1.23701370624326,4.06191765176864,3.92365970717029,3.74442827547317,2.97672859008837,3.83599212202348,5.86638932999987,4.32541084610639,4.03611979656727,5.8068516875038,5.4030897720565,0.975150223126669,6.01145552125188,5.3450467432228,5.93694318158241,4.98959104691771,3.69760936125461,1.9423424045061,1.92044488054633,4.93663036957863,1.78721141440339,6.19804601605494,1.95650031501704,0.134193696311807,2.82678368114962,2.15411518198946,3.80341436566916,2.30459210156859,0.715538982853599,3.70877284376704,3.61541127278,2.90970335689266,4.36807456973601,0.593911627031743,1.88422504480479,3.35529275688544,3.35596973539288,0.390250488916435,5.46126200727788,4.7781805142833,1.42714471149423,4.4286619963941,4.1523368278274,4.69222481978075,3.1686478722511,3.68318026815639,5.17518040104782,1.56140904626841
3.62574445305986,2.98034481532438,0.437207556729648,3.88840955351133,0.68227851189005,4.91905978132739,5.8963000989206,5.4952572902893,3.06331342567717,3.44192422883969,5.78952855916025,0.861421321472846,5.60822399845756,1.29974056720595,5.74075069230345,1.95922766245058,5.87441770007085,1.76364509736598,3.4584609392372,5.15059540733843,5.32159575386925,4.67040726184903,3.48013855588837,3.26079993329148,2.86533047388683,4.49570393465135,5.45374872919969,1.00795692469747,4.94955539124909,0.55881937050983,6.08996297608821,6.00626180658138,2.59542841391982,5.91184090881771,5.13024324128046,4.88519962074436,1.6322377114009,1.49451899109198,4.19216296583162,6.10088968677242,1.70309717681063,2.59552632410103,0.529434432863514,5.96360170806276,4.0380647008032,3.34679651635435,2.7772073974927,4.50680437563499,1.95120241132095,4.45427946063002,0.498023753054049
-0.426138246692195,3.76917941717757,2.90990958299138,1.58886427647181,0.367851400567354,2.49893254679963,3.68896382554477,2.26891700970639,1.23342405784,0.69616073256312,4.06851680061539,4.36156638220959,2.00984926105478,4.1651648009754,3.89851017629995,2.45759598830319,3.4767989318882,1.57612331330241,1.11405515056016,1.11754979560044,4.93034377025368,1.41417833898134,2.61065042032034,2.28796250611347,0.507899305896179,1.99601134778158,4.43775901788156,4.48555356240761,3.06177132861978,0.719913501435571,1.32313109415528,0.233659006252638,0.682050820394357,3.346405473963,2.0181810154658,2.05985486728043,3.02117421230694,3.94022993302099,1.17259632786946,5.16298877239469,4.68598236254592,4.47851362317731,0.352470490542143,1.95267688791596,0.831794365974087,1.60955716931671,2.77957023109134,1.19337994650489,4.70803890131215,0.173856767226485,4.71116815915544
3.17454996971627,1.09752142597845,5.75251525420753,6.18174200618463,2.10538102127319,3.22513685783838,5.62548316363392,6.08749568574995,5.18592231299443,3.81651955301568,6.2828348168774,6.16659909830173,4.28390362358682,6.07504382152553,4.02714715822659,1.70481696282376,3.80308558068252,2.31071223983406,2.58691731745563,4.23794080756533,2.97474975639343,0.638629941569038,6.18444278995169,0.584292605652321,5.99289148581386,3.50581926646162,4.60857169981824,3.4682737957992,5.47181732548639,0.847967925976352,4.08743045006766,1.78723702278437,0.358437183330276,5.89948538067465,6.23146562617299,0.840500620098803,3.59287679867728,4.76928757718249,2.82614093492523,0.779393462534698,3.50448693283886,3.54316177625847,1.97565091477353,5.85575869491696,2.84935515391349,2.87058447541137,4.89094957929322,2.99132984231199,1.6623205077844,2.85186832867731,0.604589109140302
0.189828481324424,4.95153283370894,3.48220477260602,3.50818811557941,0.27874949446389,6.18728573863477,4.66643295961768,6.16033792595592,2.74900460152161,1.26313203413074,1.10205723566742,2.60212170885956,3.22422332986627,4.44927374263606,3.31408287978007,5.67078089759779,4.88431610746249,3.64136117490902,0.226570738060674,5.13486311609393,2.62327595779037,2.49142768050039,3.57201435801574,0.0483939283956521,2.76061873009669,0.741145200175331,2.18599884223189,3.9730279199888,2.12052810871304,3.17951840980691,5.37126607828906,0.598540494402648,3.09303924956848,2.09305575505353,2.35908117573724,3.17149644292836,2.19748202500968,6.21809744272878,2.33917366948113,1.59403984364353,2.60671805702448,4.08238455010282,2.97297974840264,4.31747261373286,1.55046525016395,3.55541911480296,5.21081250506226,0.0265512609380209,3.03193630081969,0.0697953431876243,2.11611137470406
1.21156001252463,5.94891728455758,1.86267082090485,5.8495002538392,2.59654266010407,2.45539440046107,0.810408781418651,1.44258230520626,2.61935332143682,3.75879642047837,2.64202361724278,3.09631370349406,3.34043167431884,3.2023895276922,3.30561947005652,0.152238710359073,2.21636532476349,5.08695069694364,4.39284089360424,3.98918068314765,2.57684592084439,4.38902448412118,1.28822144491969,3.7073833846562,5.35073628910665,5.25273390894843,5.60304105525289,2.12584452856327,0.0861333790695409,3.48132137782051,2.13983390652273,1.10355234964778,4.77430706416141,0.579609090976564,4.47238665454733,2.37715840324061,6.04220406239489,5.83840684217693,3.67624029304429,5.90697629073541,3.52165665520386,0.597214046099324,5.87353523131249,1.00151889872213,4.5143559207243,2.11784474683739,0.646596485796154,6.09677348733905,5.96086198873103,1.00926606814284,2.82654272976446
1.68889356587556,1.11477205941658,2.63708237590024,3.1585813734896,2.71663224764313,2.41871672695161,4.00550527481242,3.61484208792831,4.058005624497,2.5818494985892,3.61270492114674,2.21102025366268,5.91934734043929,2.36375208005916,5.81386934795467,5.45274205284472,1.75036136671957,4.43330951597051,3.95417330659561,2.6711125933954,4.23668858918827,1.10186789749501,1.79696608193588,3.49459350460072,5.13145887061344,6.00197444134398,0.0243510233692946,2.45110549330802,1.26056080053711,5.32135920147875,5.18934320355682,2.25127889461953,4.79548833318914,3.2535622265548,6.22577135652666,2.74119223861963,4.06594030344251,1.56750879584461,4.96140973828737,3.60212077321163,2.57978417864034,1.23168615797521,0.0558826367647003,4.10274624560917,1.07138811927276,1.03789849535836,4.24653827178708,0.2084631988947,2.68855603504761,1.19995866423774,5.27514340888548
3.70737398287819,3.60729310587148,1.30482058680915,3.25619268492395,3.34840100101614,3.74724080862647,3.8436992791718,5.19044630376823,2.22287137204076,0.744550917351408,4.53751409093218,0.214244430243334,2.53159640027166,4.76974210290388,0.665172018307357,4.3071971181058,5.99481382014966,2.68569404502281,1.60950979417763,3.62366576024682,1.76086049131882,5.92437219486465,6.07679489204179,4.70951655829107,2.90912853541761,0.330347918579651,4.98302833350864,3.10540852914148,4.54154078903747,4.77552461138,6.04660197449987,3.712646542585,1.89389567208238,5.28971211995935,3.62670710695398,4.27446788975063,0.489294623279328,2.37407165194503,2.40470653166788,4.15896800872841,3.92269090869023,6.27876273173871,0.368761499459484,4.08062788685074,4.97980821089761,4.83728354722471,5.12648783109255,6.00535824400723,4.47923509780105,0.313620979092624,5.23935099830791
7.18600425616899,0.206527998194394,3.28435264665367,0.84013799489115,2.342777414563,3.00542951259128,5.70938495187446,3.28467422823169,0.452058445683068,5.4903787379123,1.05866775691575,5.80610242475114,2.7123070674363,1.6180867716946,4.94614553840361,2.41579685072133,3.36026894587797,0.0872033046876661,6.15227296976669,0.945228314084768,2.70561414115192,2.40676885848636,0.231796587189695,2.53459478546358,1.44337408620997,4.13225727947932,4.63645601413471,1.03432939510244,4.72301769904491,2.56315374347024,4.73418917347881,3.12381555982248,1.36948616386428,3.57766895771251,3.61733681529515,2.47743005314588,5.92353590457837,4.5105304045762,0.898970360192456,2.99158472360311,2.39685938057397,1.7853494605484,3.83218928256852,5.59108531482545,0.908025148697885,5.27600938763126,5.57317892543246,5.95906431988519,0.50564088076085,3.8118405924039,0.903810595819126
7.43247710978855,1.11958719429485,4.15449935136804,3.47650532276677,4.14294264232758,3.59666782653166,3.38359112383172,2.94680886079441,4.88154817721851,3.73779476268074,2.50858050908741,0.142424772700605,1.07035333879857,1.58430252046779,6.07999927219137,3.089876994145,4.09066734796031,1.35154808620278,3.09713156979005,3.68340848776551,1.61244448830514,2.85907248923951,3.50957523694715,0.732094136259332,4.89987960283026,4.69461345340264,4.22730806441747,1.33709091239203,4.41902184901469,4.78077265297628,5.54270825094942,1.42828976673323,4.37105552572194,5.60171613716187,4.05966865221449,5.14531089373152,2.81138501568768,4.92211902098557,0.481963664292603,3.73933058528248,2.22417674993498,1.16583372133404,5.38729953170104,4.09770833756579,1.44212958033702,1.62659648862704,1.12671154974999,2.42265319226976,0.824635623166572,3.4060497339287,6.21478897010618
-2.70465496340448,3.35165280311818,1.55131394745845,0.517324323857437,0.599687603578636,5.63305747319146,5.21287390877943,5.96463119423642,3.91194245164814,0.119623912918989,2.1126481107195,2.32572007063902,1.19667393477558,1.37316864466011,1.15321791373216,4.23777857580201,0.707291524708148,2.94656635286441,5.12900396680256,3.87786496288109,3.11034597274869,2.6276518646816,4.17910327962612,4.02648459092514,4.47015121039211,0.662590441882909,4.1378668008184,2.02352396972414,3.21440706763098,3.59788724774831,4.72002923390049,4.40011131118917,3.86539940866929,3.11250782627285,3.65939332112886,5.10751070855065,1.12136375469572,3.64602501041077,3.18398830040723,3.80789979977407,3.68444110897262,4.94721969478082,4.45093261712913,1.6920914744018,3.32331293903766,3.61865807023929,0.126120635556422,2.55850546463935,0.674926026063789,4.73398890291959,3.1135593132715
0.332554848733981,4.64731226629548,2.71587799926566,0.377366177330284,5.45593259671511,5.17416756580774,1.82460871194523,3.44608407443396,3.22732973839209,0.350590062957643,2.06299657455658,3.60987229920238,0.633763967361681,0.756393590303414,3.72592280942337,2.57900032080094,1.58588438695316,1.51976248665347,4.84612318144239,5.97040416156083,1.17772327203298,2.34959650290255,0.833984077847233,0.728023108810412,0.156266663648066,3.23235297775588,2.14671208212349,1.29418776466372,5.4344668822848,4.33240020348118,6.0972557397468,6.26924691191519,3.75589718309635,2.2812998359008,0.0253875344755712,3.30722436433538,3.18228526041735,3.63226045516465,2.65071035018864,1.45777280912886,1.81678802065062,1.93181350074642,1.51398311321079,2.82328386030518,2.74392725905849,1.97126547111935,0.188173724728089,3.73556780491329,5.11757137319486,4.82594004825388,0.353409425012532
6.30837508189505,5.91561888744283,4.60816815386608,4.98989084418261,0.541612206219512,0.776845253808719,0.667689030305296,1.69403984282774,4.97723889080083,1.83940783993117,3.86189091710939,2.28467242968573,3.93121548594452,6.07158771121038,0.00952143889186229,5.32540244957626,4.74780267658157,1.31570589691173,5.7841905890638,5.88835716033961,5.15723175672902,1.95439295958009,4.85416655958995,1.28678144930381,0.252280459762351,4.76272638081947,5.15716589030542,4.51016098411406,6.22026109125342,5.78235196143758,3.6676329702176,2.89158079794677,1.8230902146823,1.43709293040319,1.22325904910087,0.628746158349795,1.2895175318212,1.49395772794169,1.11205318374164,6.04955662721873,4.25267637029781,6.13639200947238,4.47185996892876,4.57309768019436,5.26422488907959,0.626591220039393,3.75505996239418,2.65465042891445,0.705719121839829,0.561711973558358,1.96399282404726
-1.79726471542901,3.80307017322931,0.318600303118599,3.80587155455809,0.719856722659079,3.67196733462413,4.92448521198121,3.61965262778089,5.39913565809464,1.47128389626273,3.9708654242436,0.405267470273985,0.354481308015048,3.09068187558011,1.14677050606318,2.5319762352476,0.366716097140267,2.24788016141436,2.31482796381905,0.384114896384378,5.96472077017333,0.713164061162864,5.07610736234952,4.64864606722507,3.38107028484009,3.22756378772975,2.08158454040854,1.90888401535561,3.46239901815399,0.710268178252002,6.05793201901313,5.02266050174181,5.42387427575736,4.70541524990082,6.26220329490884,5.76510482291075,2.45105888181218,0.72925885765574,0.205640150286251,5.56572379103333,0.0330465352865546,0.98120015741643,5.95148208131166,2.72080848816032,6.1158589945556,2.64483208787257,3.06245272221399,5.43242548250945,1.65591156462048,2.80761254056038,1.72264308336466
5.80035762846158,5.83797187713318,5.86250328707916,5.28950973255767,3.47026660475055,5.13394930870447,6.20273520246409,5.38038756122972,4.80319535721192,1.02249903406898,2.30036242065397,1.04870226387011,4.55701401650807,4.53298772730526,1.29923201006821,2.80511624201952,4.59870635668139,2.53127245022927,0.67060385361653,5.98485507261928,3.14338619554373,5.53958628575275,3.30401312163708,5.34407688266421,4.41525368071821,2.19361376385822,4.35804391393036,0.0264546893268542,0.721934806568186,1.51475279098525,0.378160859300549,1.57382643975412,5.86780465642818,4.73106347930396,0.292321547245794,3.52848135529715,1.83385761943935,3.3642516774433,1.00052533450191,4.55922526253534,2.248044708977,0.706963253205751,2.3608132956127,5.78412709988208,2.07084901263643,0.720016205599326,4.79170642224023,0.106402909273977,0.83225293520105,1.78191387058514,2.38464558871194
3.23126642659263,1.4966643019385,5.9425944238822,0.227319226929668,5.66665185666952,2.70503633971274,2.06078751998059,1.65366461022581,5.07467704832548,1.91741730867581,0.997028929571182,0.447043098762309,2.87728376100065,2.12599102079097,3.1032757145412,0.910469673104996,5.79005711731397,1.87696675334782,0.787537467502337,5.89853688164586,2.87662780023725,0.411035640690007,5.82886774001218,3.6698018501373,1.66947278010525,5.23427094944634,2.87792852166323,0.767138071134168,4.03176183968088,1.11314333273929,1.09036057803182,2.37301944519068,1.42679211605293,4.69401912098917,4.93990834182219,4.47303406162872,3.06671595661767,1.91271574451679,0.554557907699942,3.38099768606749,2.5480242798045,0.327766940488697,2.89926804331711,1.96814768401671,0.611967671481326,5.85427956477954,1.79168164147487,3.06420324121013,2.75433635421623,1.96204983330818,0.330935616659635
8.75325007032094,1.60387183371109,1.31108219217872,4.01387570877745,2.42898840436249,0.473345780660301,3.96111931039312,5.07880910432791,5.19593318429597,5.51112830274067,2.30414185488258,5.93965066112552,0.831522877636937,4.36665498914193,3.7405128630091,1.88856316598495,3.83851653053523,2.63177263280813,1.06221154430015,4.25979209746212,1.83462712897823,4.27413391433065,2.89683448055516,1.80451521906203,2.62182997006203,0.864507783110648,4.56873439682324,0.138074651203441,6.02420921034565,2.6691675136093,2.33443212523392,0.798188340593953,5.89092156064289,5.86096668766791,6.08032473196522,3.0472541927228,2.7090193009562,3.7207744422875,2.7582066151767,3.76517857468642,5.00835165026928,6.1808019277123,6.18160346930544,1.96720744316048,2.04890655222202,4.71392072437083,5.30735250256923,0.0414481279437549,3.3088579727703,1.34572820016973,2.05225044794298
4.14237747541211,3.52824272556298,0.0440438888219003,0.647628883176791,4.26278639672385,0.959063093787445,3.91958791168938,2.00904348285089,6.16059056898237,2.14169152282562,2.70158625369424,5.53332430002448,6.17527109819962,5.26133241769369,6.12849405708525,1.09372719725931,0.144427936186119,5.97265560418816,1.55406094773347,3.34210755962333,0.644733244573249,4.04552812409617,4.94030731322952,4.54534749937366,1.65341934908399,1.07396224066668,1.71722214533226,4.11282699904444,0.684104173673335,3.08037962318137,2.71405716657496,6.04784037561568,1.34510404031954,0.193885486485893,6.0793400769161,0.642208866782782,0.0241498209312626,4.91160872115511,1.14786547245007,1.32187996126343,2.11334459723953,5.84690331384908,3.01057109325018,4.19442928048415,4.62362463092467,4.81780066903321,0.209959464191584,5.63342148963421,4.33590055829072,2.98171416223746,0.772263464604522
-2.53670205747296,2.26404790631726,6.17065725792323,0.915972366314255,2.50667277613696,2.25398586799297,5.61777849344634,0.123420681263916,1.63543599264501,4.14039175207276,1.4334990073533,4.48215671197801,2.83064707370971,0.773372173643847,5.29114741083069,2.94278310773421,6.07589089498097,2.24920741578555,0.413753296291272,1.10952911755272,2.6435515722711,1.69538110902829,6.12975074321413,4.95474701687257,4.21456895183944,5.75501113435382,1.63677076202637,0.425418075479003,5.12315686317865,0.0264792370922243,1.87248416608149,0.248132144888385,4.62295627046763,3.69287993874661,4.83378395752133,0.019675227049324,0.984009615515922,2.20914619123474,2.43792444049283,5.013767475403,0.93289839432269,6.06534791794937,4.70440984482167,0.121005390348784,3.98150385667987,2.62377255703572,4.74269261449269,3.86105056429961,4.22503587322302,1.12017431452219,0.0225987942219173
-2.17169787806034,2.73103724355475,5.89920869458957,4.2621874546555,1.41350341148504,3.18335492709897,1.90421330413888,2.0904733710983,4.64408924125498,4.84757568647077,2.18112383011664,2.75297228551158,5.5116680449031,6.24593683960854,4.86622019556941,3.48794035359599,4.98169376454706,4.14410836421029,0.831650716196211,3.62450516654861,0.951669805713035,3.29868855772191,2.94032282477354,5.7350914580822,0.0233660801253122,1.60820372871191,1.86202322949578,5.72371895529753,3.18795281425371,4.06243306414049,4.20406348987907,0.731805502522293,5.13917420254798,1.1674616609614,6.22164910792703,5.19444597299908,2.89608723955529,6.09321163876805,0.21762866154158,0.75148578395358,5.29695642006781,0.546410213252907,0.0368078307938957,3.63699247581516,3.61128298818038,1.75495739743127,4.32030177441305,2.62551447407356,1.46144419076522,5.20117247032755,0.216318799803438
-1.89883278590975,3.75046224786377,0.104279303742997,0.974436510746255,5.74249201100779,1.73318559957707,2.15473815102433,5.26680440864122,2.52458473778492,3.82061729334872,5.89322852832593,0.679973260209922,3.05916198162144,5.93888474012469,0.436089435275401,3.87466831864231,3.97833469482013,5.43310746565964,4.278087162245,4.79803964183853,2.30133787541129,5.67744242380853,0.258066449983496,5.21282294363938,3.55996713108038,5.7777303867133,0.770359505982718,6.08275093186047,0.753894308872597,2.96748392505668,1.04871742555308,0.625466300404832,2.96508884728065,3.95907240419412,3.83349132793537,1.54736155827701,0.424792326899777,0.392409372716896,0.904221472453787,5.47376187423323,3.32030105988938,4.31489355206459,3.97253651849138,4.20891429947762,4.63499279469432,3.46566736293367,3.05580743439394,0.907359929125963,5.05097867221014,0.943094273559128,5.35891293470247
-1.11391326509561,5.06282900353829,0.0698510540339189,3.97607927890729,1.15331658170493,3.24983543835911,0.661469574531427,2.24900398824912,2.94057404438071,1.42399227956564,3.47132388783064,4.72741387612905,1.05860247127063,0.36647993096014,0.499489632079509,0.0363694235039009,3.3054882536194,2.7053413288739,0.281259477140458,4.91593125933189,4.39175328130654,4.09110091445438,3.85225384624671,4.7293590012656,2.84534717677087,1.66709613948578,2.8326938818932,3.743026125548,1.87762725062018,3.36773698614039,5.11373514263474,5.96272969624283,5.06901781849299,1.43460167161512,3.09649536427239,6.23098535455632,1.39909824733785,1.05566264815234,5.50315861762844,0.0297308036644521,5.51169960297191,0.787257865821519,0.7911342768896,1.12978840001601,5.68231652159998,3.43901025402094,0.175746695000992,2.13445968239043,1.00664639147993,4.93055461185894,3.218174761942
7.7619629006195,0.419511183856115,1.67390395604152,3.75009174484226,3.6768547449701,5.61625858446746,4.03781263270355,1.61532695918305,2.9205425338736,0.724668002748206,0.339086292533716,1.05195986790525,5.33481323627044,5.88753336776249,4.62776639192564,4.30196754146151,1.78445500756513,1.31462222717825,2.53115466484304,1.47185425730056,4.59876943478313,2.41459440666899,0.141738684602282,3.35168915078078,5.1613285929787,4.99199465204322,2.05161173059498,4.54137347363382,3.19145377763718,1.87520145887907,6.22461822744278,6.1299683917772,0.496354349939566,0.468642055771279,2.38904052231571,4.53138546042727,4.33344810779346,3.00176804368783,3.11951179088466,0.88064385730005,3.83097780792288,3.75826642135035,2.77216868484438,4.16768730915656,0.0566806805207117,1.16070273512787,0.596450328253124,1.27613323287143,4.96914261499844,2.56197640309215,1.66120299344116
1.42364583496832,0.789107016217484,2.91104724903116,2.15089252999307,5.71685142827746,6.15176008385436,1.70417661724794,2.23456700270786,3.11167590425996,1.2721841059973,5.43262858966682,5.66549018853281,0.0157728389449099,4.90155318257586,5.60864306304471,5.13156869772532,0.869638213407949,0.30556107874828,1.19652062534962,5.75940286124116,1.53031768636562,4.9728121518951,1.80344555384332,1.53555825683927,2.75027184114152,6.17664605540354,4.43426453815102,2.81707311620847,5.76525884185197,5.11797637767635,5.58742943134323,2.19232514076476,6.25664901189352,1.36327594349225,5.72302153397284,1.85218764650141,5.60033686727546,0.0743323275998075,1.41521595166493,0.116074812216128,3.26577653775275,2.64581283400458,1.93462102194238,4.13032953088371,2.27405388708366,2.28099410650309,0.391503699151957,6.13933383093677,1.50531491689991,5.48679939284106,4.13345027308087
3.28821876410387,1.19524042720138,5.45084329343377,6.08349957287295,0.0636157241359721,0.166935422376119,0.0721851222743727,5.91382934510692,0.0309683167889839,2.65095945441626,3.01359586655842,6.19702906708922,0.355578126456224,4.56479952023412,1.62410564238187,3.00786922546083,4.70233886776859,5.29540103093675,1.56266521891304,1.50844908868503,1.71616113619983,2.02157636786728,3.4290245800204,5.66238569057801,6.07817402295099,2.03520572168743,4.51306506229201,3.3644038253123,5.6729031382262,1.44783687726885,5.42117631981095,2.62066091418902,1.4191440271479,2.09850873538062,5.91659701056272,5.93895796356331,3.30292642951485,4.97425981027588,0.50797709217629,0.210011210529884,5.85143832039602,4.13154667287399,4.92584952938194,0.0452978934219396,6.21204871242059,5.7715176603626,0.0177540937692687,4.49834002379219,0.359435718546133,2.1015968384125,2.60000791658306
2.99409986372776,3.01506203816749,2.92480856391374,0.841902334074388,4.73014549528338,1.07254071146571,1.95358250296417,5.99337409224778,0.834828430275044,2.06220438832455,4.42299847435996,2.01627277341986,2.24913457709438,3.72097011928395,3.78571729059495,2.43673555476525,3.9559178012951,5.97488414483297,3.77428244994508,5.86951041305694,5.02050284094086,5.87281900125006,0.456142013265764,3.00014665939638,0.343572993525679,5.57524963477153,6.11858407592904,4.41917489950414,2.49052265208233,5.94049280600995,3.18199283333373,4.285597390139,2.51905375174,2.32605380467753,1.18234033950666,6.12965198307751,1.38700285236181,4.98024572580757,5.14421133963353,3.29695895406555,6.19762477757152,0.910626688102443,3.95760362420211,2.98684124245236,5.8381809676255,0.789882573459699,0.588644484114098,1.03698597826264,5.03072285247394,4.50943322772009,4.69552894461081
7.55753612878588,1.13503275359582,4.38592934737917,1.09607942177605,0.00660756501446214,5.12289196675036,2.1844996964493,2.40469289434555,4.71383756479262,4.3019634057921,3.75514531342367,2.43040415796288,2.94262356920307,3.79504792985924,2.10438481502292,4.87937023013256,2.27321438861804,0.274193957324626,5.9093230336981,5.41372017599835,3.91783461022305,0.628354620029223,6.11921771987714,4.69236692764297,2.60356706021853,4.21978732545708,3.85983793980036,4.42363525626734,2.32821411482311,0.719082533245268,0.650727882022532,4.15534817154766,2.71481595292431,5.11273010767386,2.05593196028703,2.33081947390678,4.37575835530509,5.32359860136446,4.7962049055744,1.72069745205845,0.50300154979355,2.07726153848672,4.33361424701096,2.37966213486823,4.66977871909627,4.87835899239902,3.34632562350548,1.42264861125361,4.73347790270867,0.698288317231276,2.20676286507964
9.20057153218573,2.93190687796415,2.77028637448431,4.18209994442638,2.68018958021976,0.457396829785337,3.50003195522545,5.81662388372071,0.130076911711204,2.6220061960997,2.05546061978524,4.54076714236626,1.68285752670796,5.22231632229957,0.820923625072666,2.86574862268727,5.46087308758067,4.97330720483604,0.0154225007862051,1.96371115818903,0.79810539167594,4.62453254275427,1.45347017980422,6.10313573854664,0.970758559144807,1.01133991251535,2.83078937028837,5.17097106932369,1.34667391233959,3.1970389706486,3.25449664353416,0.912380811728733,5.19227755682441,1.7307630642916,2.91049252366177,1.36548425929461,1.79268500432038,1.68625871907842,3.88299329096511,3.11813697412088,5.4705592788437,4.4651497290089,4.7511683931886,3.16480872902109,1.8494782402952,4.20721538052797,1.91908444134143,5.23051995141936,0.387640142745039,2.77628710645031,4.7530441350465
-0.165266065149619,5.4571955309671,4.71418689500076,5.83678034206096,1.64576926768453,5.95871955105561,0.106009441364459,5.05279934690569,3.73556527406501,1.66837929272855,5.85402302161349,5.95831801368997,3.5319220742512,2.4307307485724,2.06709668335399,2.76181680002396,0.165135190497807,2.93248508902039,3.99087637197418,2.94661435705826,3.68666265394317,2.9410655087836,5.19777016613935,0.0788050152994888,0.248381369075287,3.36896241409867,2.88106773905281,5.98326964685421,4.72326337272964,2.53274649672637,0.299349132132913,3.74953295402352,1.13568021041642,1.80577013067128,4.01028028623652,4.6435165132157,5.72893190880368,2.84299907036853,4.23990244173241,0.850560140741073,2.24770017567723,0.948874122450177,3.34325077890015,2.66637499463825,4.49296936186542,5.09503698979305,4.88050980089168,3.27622598165403,3.72128347194777,0.942425867751629,1.36786100670711
6.8794940684649,5.09069973612331,1.77171601202054,1.91732829303652,2.62933971519306,4.42446696908294,0.548884644094312,5.45566824302943,3.37678669832009,0.133292516831207,4.30129045762396,6.2055034999005,1.24032159662446,1.31691705117831,0.202328811807141,0.378778340929709,4.58275711175989,2.63618233895866,5.95656414314851,4.76486644564176,2.16616792412598,4.56671906478514,4.86866990309527,3.60308074151817,3.9981684261175,5.06957316121381,5.46394064539105,3.83291061090046,4.66654944446974,2.18819601352432,5.98169785402273,1.05729094765755,5.19165639595628,5.8512450893986,3.68363399805035,3.21552684803433,1.8903001076384,2.90938094291425,3.55884258448993,3.09614351784515,2.48642772640366,1.51143376926039,0.238435246527932,3.31039296882333,0.600274779396865,0.915493275272476,0.987871849444897,4.93923974876118,2.12958246126888,4.47742596845498,3.75089441873399
8.71416154608322,1.44188667741914,1.26070907898779,4.57924703439679,5.4209230945431,1.23444413159874,0.424943869120691,4.78964158505433,4.05919305315817,1.39331076640318,1.19573216663287,0.212449172286491,3.42473803694296,2.09401919340174,3.71820954312916,2.14480083816965,2.57735716682555,3.06764713762224,0.78017605933871,1.36714729286378,2.16374125755986,3.18030152448393,3.81486862216778,2.45010281510816,3.14751570460579,1.64084308269487,4.36856812757468,5.67542825040155,0.262578305851832,4.62812178300339,2.59209219120418,0.72102255718648,4.02209308493843,4.7405692752128,3.16944683764551,2.91328540251067,3.5188369800845,1.85610818356752,5.45271671656651,5.86654773330658,2.29186887189215,3.36663955766238,4.05664767956743,5.88753567624721,5.76552076563072,1.20658209021002,3.5347805123109,0.462380510381352,4.9230798626542,5.02753703382895,5.89351669246626
1.8045308160375,0.190436418658374,0.856114811429689,1.36586463847607,0.729752677356742,0.196081440630483,2.68494149363031,1.08015187631842,0.0287867767762287,3.91453666768479,0.971230834451255,5.67446633495105,2.2331428929194,5.06793946061505,6.20320791372013,2.97777263522276,4.57255760741245,1.63167372429714,1.97939846909136,2.8708171379027,2.050881634995,4.2136762090074,3.20936744651053,5.39193444970112,3.23043986272982,0.938166634428894,3.32846388822394,2.7241988476224,1.68390675203527,3.10683493863717,2.19441107469228,1.92464466965583,1.59641274358148,5.58301204926154,4.82956391723685,3.406184072233,1.9274926741838,3.65532399651658,3.94911741782612,5.02831765861939,4.93864522031668,4.30773335950526,0.248773103426881,4.39869456134157,1.90282520700478,1.55700574477323,0.631902450919192,5.90001299085745,5.44343084259544,4.67812741702448,3.6898429895712
-1.85955604746604,4.04852562714849,0.968701838228411,1.50862832248227,5.46677358039988,0.581200048034883,5.49871767525108,3.66555888153777,1.19106699841274,0.493151753087124,3.51941423731815,1.80356597540793,0.181068156066919,6.12830858686824,5.20965551094881,0.200274217973632,5.44571571582672,5.91044337001032,1.83346018263309,2.21344674614154,2.87673577675776,0.806261467180651,2.53443020425383,5.18443289122832,4.2358163403756,5.03882682615126,3.76104613247362,4.90633127929419,2.56179015606564,5.54687860468425,0.902686170650876,5.85082410546293,5.52101501911067,0.31196827226218,4.85296427792152,2.60372789489508,1.845033330484,1.52037043005675,1.16657696125297,3.19358967168002,0.0478920977552487,3.61754618520482,4.19226119492897,6.27078304172973,3.02679043088498,6.09775330890684,0.287679765234084,2.06045081621838,3.58171611472714,2.59925307718668,6.25918427818325
1.87695741477576,0.129414356113103,0.526749966484715,0.478214619261258,2.07746247467367,0.602453686157078,0.990298050803065,5.30975297119838,0.432494185358811,2.23669032882149,6.00870523379994,5.4748906545086,4.36804555421883,2.37342020720974,4.57262394050692,4.17448914237736,5.38918498440914,0.813223030574853,3.88043607066376,2.09924281158069,4.74855028769972,2.36603501346107,3.9782882544857,3.1967805710395,5.44490859905279,2.21913263034144,2.40115559353991,2.84930336368765,4.22018696395505,3.31395772421256,5.33601060253412,1.64424630266978,1.32197577800887,3.11743434334492,5.53799565053641,3.92745628972462,0.873493576010705,3.369766309527,5.89390077429338,6.24999907199397,4.09680404060676,1.37470244404615,5.6697541514697,1.7917528431607,5.91319848655484,0.00163263998315142,5.57443617624772,2.04778049151136,4.64674431175789,6.22488375146292,2.91518128728759
5.58998692171322,4.01367938517121,3.58964996273518,4.15865274403066,4.11755550283989,2.88476438528439,6.20862754244085,3.25342638875947,4.42281212054043,0.156036207237203,1.85014432006295,2.88990200582405,3.20451809544131,5.14628901392558,5.71816606205438,2.46080453630637,2.26006585354592,1.07638777786004,3.63215314573478,1.52822298517005,0.0198139336270097,0.609714231970811,3.53150953135284,3.5157329678185,4.25951577418072,0.91876064135996,4.93805568773743,4.67828945568261,5.87634171968828,2.14720165497331,3.76906505648256,0.0967654141650501,3.30372527787581,4.59665642663072,5.07921391277838,3.12111922917806,1.65161137983195,6.16286459321318,2.01965539697113,6.05987780538866,0.252951522229082,0.6710348307456,4.15132489228193,0.212855996638072,3.18192539427319,4.43948902676623,2.94157226068042,4.76431461977599,2.21226002699564,5.21633829335924,3.2943790848665
-2.04201937519683,3.51530328537193,6.21023065927424,1.68627695874103,1.71930562594617,5.56447796560827,1.19629727433187,6.19125926551954,5.71778125169405,5.16216334281224,1.83086422133516,5.30938184058502,6.10250438406533,3.6012233943922,2.00629273165391,6.0303248486751,3.99829016577131,0.508359664271953,5.86984353852152,5.94222748014037,5.61196158152576,2.66266092505234,2.265373150639,4.91702678601641,2.5028553791842,2.83873195045442,0.109277202439824,2.06805857100905,1.84058749171983,3.21643698203649,0.417456325234433,2.54856415362955,4.62146803366517,4.3121910259621,2.20568616761373,3.30944613459531,3.71210101165573,5.1373751058941,2.70425153536534,3.5198932771578,5.37879148688396,0.62169254522421,0.428750441942585,5.9087104118828,2.72044319897884,3.31280906141757,0.0953661125413779,1.93867210689204,6.11618011970319,0.915766008552912,4.61646132088691
-0.11546817196013,6.07639139436592,5.74473379983873,0.564370439494135,0.746183623165873,5.57070797487316,2.19765270073616,3.80829354563802,2.84573553763337,2.75935532332215,3.92263077836842,0.197114717224887,0.0842379200017769,2.62703312640581,0.189392018034896,4.46028313891303,2.9440119998825,5.75083647963984,4.93153035481112,6.17918280070345,2.14076462963394,3.69293783372959,2.11739971399142,4.86860026088011,5.36580618274821,4.99191551987848,2.83577090917231,1.65071930262764,4.51090647985267,4.75783514055396,3.76806367003937,3.3342552444286,4.89825052944138,4.08871018739672,2.07243554144172,2.68766808180937,1.26666928227133,1.88820589944622,0.904124653609465,2.04427217257579,3.58592308822732,3.49599915967761,1.29325029164849,2.44286588810682,1.00023130844883,4.01435329593944,3.72120353225225,0.651574933534199,2.49892444077055,0.0574569940915737,2.49559284380188
8.39121895648646,1.508272744151,4.38242000147511,0.665894220001385,1.96235448892403,4.30247249835785,1.80690139790738,0.658220199410482,1.95875234573745,0.372104941675844,4.47232354426139,0.73608706582659,0.756501432235464,2.65078254812169,1.91597340560574,2.10759592020691,0.18394959851342,5.27680167626754,3.75332804586433,1.26480590060829,0.176966414652925,5.24579892531281,5.49400029694762,4.09097843748987,4.67606910737905,2.57281203542259,2.1529182063249,2.04132347539643,2.86836463327746,5.53693655782666,2.78561425958082,5.24642187532975,5.914039136337,2.82480142422638,5.99368593518015,5.08753657369062,4.39530642405205,1.91955747736528,2.95318455914498,0.718878554188721,4.91416460434934,1.91257645130896,1.18685330865565,6.11017523743859,4.69457548482681,1.55283232329919,1.10907303967525,0.17073084776225,2.90909103643848,2.66059769415049,5.08271186986519
8.75045450413203,2.01289247444541,1.75200387262224,4.61333724469946,1.62310246093819,3.07099098945567,1.41028699151967,5.49828483436438,2.04080764316709,1.96063215158176,2.09290052042738,1.95565050297896,3.72516101677737,0.959493497452628,0.275248961178342,1.83293516766696,2.26797282628593,1.72248900151796,4.53793236846941,2.40804907857838,2.99865933838064,3.02721604349346,4.99619352390309,5.04663512067807,4.42669795865261,2.41499451037492,5.16275229461301,4.17777017797137,3.38726993124025,6.07527958979194,1.10940135799102,0.713756149460004,1.60088103374941,0.797507418059368,4.32948138201483,4.38337232457176,6.22125151166269,2.77419675889894,3.46825251911866,4.61052709171388,4.10737663148904,0.979943755093659,5.11124729537163,1.04836782324217,3.80227574141804,2.97846370016838,5.12090272000454,3.42630566630958,3.78983088457122,5.26778623294386,2.08055298713163
-2.36514677776269,2.10106885079684,5.16652827781787,5.56738449709983,2.45897225774462,4.41889686168275,5.45191385688418,6.17347265985888,3.24734920762048,1.35429073137067,4.73175844438918,1.90925092691323,0.0826735119807605,5.13526599495545,3.55407500468967,5.44619452598823,2.53653487523611,1.49062897195993,5.59084067396089,4.82438528671468,4.04987870202377,0.572727966132951,2.66949296899439,1.82441011642722,4.74015796994314,5.56488619436121,3.72285035961493,5.66779602099142,5.71638218267436,2.20913382518822,3.83546070386492,2.25161784396098,0.869935538341297,3.46072949654314,0.852710702000582,5.21420177465037,5.07107381526493,4.37632326551016,4.83804319815865,6.11708534415227,2.17242706155275,0.292571359525764,0.0415807107463608,6.13013184507712,4.35290926165149,5.74364820344214,3.58278623198753,0.68026891741666,2.41533931285161,3.72986907482974,1.57098568691108
5.84863526979625,5.02383426967396,4.5222590737852,4.22589904755483,0.916554177611888,1.80861714187786,3.79275630672394,0.375491703822367,2.18655145661049,3.96111444911635,6.21565570225477,3.15460084215306,2.9641702181132,3.51787135321084,0.440291825453249,5.26046907658921,2.74091951265378,3.87163536177034,4.48941984423091,0.645634544013131,5.62378525117191,2.87361104957176,0.171962539935744,3.52581305416313,3.31269635381999,0.901813914523622,0.619663747025193,5.1336773902694,0.0791717015677295,5.45866896303861,5.61617348652279,2.92757254281598,1.11606138471072,3.96811032817993,3.07376016025417,2.21167099180853,5.07539417808253,4.02364534635064,2.17826139097598,1.26347325830981,3.58630634204281,6.06036727437129,4.5398726250146,1.2745520905305,5.8369094723769,2.55368959245037,1.10020888109889,0.935337612725927,3.07251989684365,1.14338144713527,3.02788739708089
-0.207881938590368,4.33722410709041,3.36148193464382,2.01014236839531,3.86266115810731,3.80245112188905,6.06621786120315,0.0517462783201967,1.07069224425249,2.44203441959853,1.29308094425163,2.07124393614943,5.17479175491629,4.83062215706536,4.7937858710519,0.681616054307462,5.6612151381398,0.150037846661408,2.25428028318226,2.6396521231691,5.44404816330361,0.248747492120067,3.77003519792142,4.15961495352769,3.73535803416407,3.13867817113847,4.51160089926945,1.02952633076124,0.37924008030015,0.718151497069588,1.71450286589193,4.44467107759087,4.39099430331491,3.07668921336956,2.62482641103583,4.93041554394049,0.712457986677742,5.70832703681377,3.827856650257,0.144659959382245,3.67619126334486,5.70554930209283,1.18562463155632,0.0271376848163579,1.67132621392536,4.02588423567794,5.72157989403704,4.99160256659129,5.05205945853208,1.35650424053221,0.602164244889259
-2.45189043000712,3.41223735075349,1.02286390485589,6.23709873999193,5.40912756705204,4.44145872161192,2.01872764650946,2.18183049269483,5.66987702195917,3.38008549812834,4.16920619848154,5.77175814215106,4.42769574924317,3.30249358131356,1.26834352618173,2.68328105527782,0.0828439668066025,2.46246404863172,5.93924637347389,0.865089187717055,3.13259828652687,1.26335808130652,5.97739763851293,3.98298295317018,2.82939433307089,3.38060201646626,2.93253934133736,1.69927846615743,2.97914898366176,5.28198261381153,1.55562911252811,3.51324085176044,5.6110089994926,1.25269941378737,6.08721113648018,2.68632168076636,2.53035739643361,3.08558766567153,3.55671156927888,4.04129175618301,5.12504573911506,0.00734688138709946,4.26438838272156,0.948417270689039,5.39868425424043,0.988785239902704,1.06701631440383,5.88199554989014,3.82257949220218,1.70798469687546,0.827232895239093
7.88424753091438,1.54734387598618,3.83847185301709,1.82455685296224,5.55979652388743,2.72337094863422,3.70899628987446,0.0980634964868177,3.69379124454615,3.70944712026479,3.30764106192107,4.53281132571742,2.09155686381869,4.32442744331514,4.81918072450663,2.33847714492523,2.97886163290388,6.05968548871504,0.369704514008396,5.11460760795928,5.09745213002762,1.47133033074549,0.581096115019941,6.16599738546655,1.32951963253783,2.99331754714216,2.53170540229775,2.55292122252467,4.91773717757278,4.93063028422242,2.6767453239298,1.89017930278925,2.46480254951396,0.145388551102444,0.150523949469542,5.45180775875048,1.38689739791207,4.97220850654513,0.925056474623829,5.74804433078706,2.11960626405165,0.452725991294737,4.45262560394597,5.37806627450453,0.843886688822157,2.56890724081793,6.04947917302102,0.0483228437432624,1.64970441052474,0.18119458876192,4.26045298679653
7.6355935886647,1.07714903800386,3.17195479564345,0.140291286620918,2.53802207775549,6.07137073997837,4.36320904025575,2.56886050204822,6.21457041453389,3.282033457753,4.70300765978646,1.27846651552487,0.101399964972694,5.90663176913899,4.44658873936633,4.76271656171332,2.33016407490392,0.346370411809379,5.8296661729044,0.478642831475158,3.45922343847264,6.10840557469646,2.07655097576894,3.38422808421511,6.11276664467253,3.02493215626896,3.32086051633584,1.46989888588578,3.76869755536895,0.636019318906126,4.46491052288501,5.05379251760095,2.76804360110951,1.48291443585282,0.921234705008927,1.53601917990142,0.264461899191055,2.29985838978478,5.50926324603643,6.1259461906821,3.20429094668822,1.52470108011428,0.732555290462541,3.49688228967495,0.960132536642604,2.76873098535325,0.554760881731768,4.36927600291195,4.73099599928171,4.46760902888861,1.78268064300429
1.66783835087338,6.24185709316787,0.921987752330657,0.359617973269202,2.297882571164,1.93427118849041,4.92865109942715,5.19534459676179,2.13779399892382,2.57517004578033,4.80552784696376,3.47236190135378,5.19153201427243,6.06566449781048,1.14424033658003,5.27501576782015,3.30060692023512,5.57903304374856,4.61995194582831,2.68602050543263,5.10444376077711,4.85619909993341,5.30374974203122,0.236913308481675,4.42990277182594,4.84103659772576,5.00831388942782,2.54237854392837,2.60789143582042,3.64682673486867,1.8877982953593,0.509303022606614,0.606132613524884,4.66810523151451,5.1050789656588,6.09621006053292,3.52979445301009,0.616052848273909,1.95622768999254,5.4208027139402,4.7927573767367,0.664372707664289,2.00394937973533,1.38245547245376,3.70649104412664,1.11275218062909,3.48952581739692,5.9963498929104,0.317636860381628,0.173007487690584,1.83985680363803
9.24572606751324,2.96386915396124,2.29663266858626,1.04417953998336,4.65176055691035,2.08209819435285,0.101747612825051,1.6752754636846,4.16437594727076,3.82140629773392,0.118879695770786,4.61768282968766,2.5311865754751,2.70117869203194,4.12312831078685,4.37874463338699,1.5038600302409,6.14801396465918,0.0931382389872162,3.28877012236212,0.771986169945515,3.24936874408514,6.09712014625879,0.676446960548244,3.25303090348592,3.91320039588656,1.4538208149353,0.00201114077780021,3.15189444370642,5.17153802615114,2.51813874622064,3.1940936689021,2.40663192789122,3.4576283530595,2.75158723124708,4.68096229478852,2.71777522261263,4.82690855707616,5.13243017507217,2.04012072266838,0.112088895878142,3.34766774112435,3.26841966499246,2.9280579975514,4.9426845039062,1.58569543352821,0.658638343822161,0.817669935806305,5.18282119438039,2.87605871193815,3.78842384557383
-2.09692776975789,2.74660266119687,5.497990152924,5.79681400530261,4.57079236707168,4.95221894813979,0.861382050899926,3.48891508859762,2.18561144104364,6.24690104598875,3.04506914170666,4.72659936576714,3.8943053254939,4.90928671906298,4.92063726783604,0.396023937540887,6.14798581957825,3.39077366392763,4.39005997264772,6.23025763619821,5.29583244547833,1.66609959530143,1.34154223124733,5.55675118633976,1.89786658473254,4.72799763164481,0.483896900293928,0.0269706868659372,2.65186890523568,3.49018674915595,4.92580383513573,0.357507890952947,4.18401326864973,5.39790926022167,3.49161960426869,1.88391186330238,0.193102899922307,4.12043068545993,4.51012425316693,1.59614635205092,5.62920176972879,2.66145352170772,4.68892007174759,1.01022956793361,5.5890770179604,4.90237133121503,3.12216050061977,2.74280511896828,4.18521191935549,5.1502654739611,6.02951386248284
8.64015212349981,0.935779500298032,0.717003798337615,1.92214250773932,1.40397277669013,0.313995647041905,1.45730677024219,1.07118760879498,4.38336810697894,3.94818037052006,1.80845516758813,2.71016310247441,4.7435266665143,4.95258366239446,3.30671621242595,0.61810200151508,3.24333220866206,5.77138968867778,3.56280239798063,5.29990331639501,2.57656924061098,2.66674815139315,5.62330853737201,2.45840515901411,1.06011875806435,5.40747360796372,1.05293183360295,6.12017034726075,3.49457181391436,3.99338036107538,3.82801739862138,3.35241686036138,3.80999975577138,5.18825748573803,3.35619041658514,3.16688743905914,0.321609898651762,1.18190142312117,2.58786931432155,2.76593511922563,3.92391505805811,1.15924041099334,5.72061776938926,3.73829865310979,4.36792761668911,0.127486089644494,4.72650339834114,4.22750173575323,3.04910882613573,2.14372213504305,0.123371724710394
-2.31795110680408,2.98112123568826,0.14511279982201,1.89334315425636,3.8048817076127,3.35582982044486,4.39787964721427,0.262446795368178,0.365760036287923,4.88199274924529,4.3233197524668,2.64458425199492,2.09580608346717,1.99474626304001,3.55002149714766,5.81701165502723,1.06491185993342,6.10940867860548,4.3445725815953,3.37275910783478,0.398391127709574,3.89842455901936,2.09254894317706,4.90333510457149,4.18723906591999,1.07955529247402,3.69971653528972,2.2944710988682,3.19858714174185,3.80505914494654,0.400055385741172,3.62685984437896,6.15059555863864,6.17110950880701,6.16543184035504,0.648265327150095,6.02911070127813,3.45600780555719,2.11277786716437,4.06503117446507,1.02183137288679,4.61609584006317,5.29785075162888,0.238917683263358,0.0819624416303977,6.22623999648168,2.28703271195524,3.5883392159316,1.72725761267547,0.843532478319296,5.12220378375335
3.32986674744769,2.09170056772453,0.120455227820878,3.32491586422879,4.65799998590476,0.476038227257224,5.4589401631809,3.06130669998614,1.82109315741685,4.9619063433844,3.34457079036393,4.30624982744734,0.896810667398296,3.10234399371985,1.91168010530969,2.54797493850352,4.77070448502525,2.48896929201864,2.79445136002438,0.517266775586035,0.729942792338651,5.41786893998817,0.165999483961956,3.36565713795208,5.47016405689541,0.182770621129994,5.98366298163819,2.219740336752,1.60247046059542,6.18909486212917,3.80544680068252,2.41557798208457,2.32769712542557,5.63043311811654,1.58784086140818,1.69914452430393,1.35837794893397,1.76254535601448,1.43276589375332,3.01966477196983,0.443275037258852,2.71410450221525,5.93820713695123,0.439769840190467,3.18181830574395,4.17249585212596,6.00347493593704,2.14462262987799,5.40821568193693,2.29558176529192,2.2378902464143
4.67811318008641,3.17181251808273,3.72143908985846,6.13147063163152,3.68445306393916,5.55953736356094,4.39720063232486,2.79882292936351,4.17955689102372,3.68372419133869,2.8531828307916,2.62959821281767,1.05224266898791,5.66383636403295,1.91430842489261,1.89920124293213,2.17999899972008,2.24367706757292,1.73168041486865,4.8182866065316,3.5767324165761,0.188748051736829,2.38876686300813,3.747898124052,3.32421957666562,2.10763599977353,3.38778755554423,5.26166740399007,5.60030207030603,2.69154606405147,6.03345178779324,1.73515153618622,1.18685013119758,0.502033390608691,3.34419504570694,1.22412959068814,2.56815290905413,1.14737980998027,5.50163580183134,2.80529646328646,0.598406254113859,4.09366434923173,2.24948589101944,3.97332392537004,0.887448582709891,0.315298160542535,3.05655078549464,1.09994101640982,6.26667160702055,5.37938416912584,0.139425663364235
3.19164252392954,1.37186218128066,5.83581159478303,6.18838318759364,3.53517244561935,6.25051985034934,1.70312019143785,2.43434185944681,2.27268758742894,2.91711821861999,2.65387673542987,3.23084207303778,6.26682512271795,2.62840377385306,1.52116101878223,2.4714162865798,3.25964688027934,1.69056095780393,0.228917792624917,4.11797379208046,4.82233251128834,3.01659193156227,5.40559293460898,3.19199594239194,4.8003995232685,0.250005607519909,4.65513418351544,6.14460250114089,3.29894280264366,1.26958793257626,0.995756281543141,0.241120012804938,3.57931585675818,3.08162441578627,1.48405758637248,5.50159085074752,3.24899104350668,4.66188389589091,3.4498785299054,5.78188867722565,4.05342508023609,2.6014593668475,5.0995292645029,2.53443500993972,3.80792880651374,0.323465458091832,0.361805005076427,1.1609202417879,3.90290465054744,4.57426970579108,5.38328659380321
1.49773337686248,6.17378035102974,1.1034037961685,3.58241650284968,4.83746059395942,4.04726984217714,4.36187488822582,3.06571308092388,2.68158389182986,5.31648191745172,5.60901354704829,2.9770395479553,4.16943013759236,2.36926831696399,5.78362701304003,2.38340348202464,6.21843528610416,2.44249612678477,4.18398048026682,5.72593856629038,5.9325962360804,1.10769950881646,2.9333902988403,5.2302904576086,3.67423934441675,1.72972193767879,3.91009472467146,6.26357137639778,2.80959220372987,5.76651963731773,3.51705476404233,1.86750800049565,4.47167115886978,5.67611809381058,3.25285544255441,3.11010041902325,1.5512542179762,2.83728283500724,5.68586746996837,4.72247995083983,5.71318850669636,6.2102888512296,5.70213597335398,5.28172686208416,0.235438242330677,1.85494370662809,1.51486713119941,0.810254983378059,4.64384333496628,5.74022188399075,0.761058874094067
4.22697103200372,4.05692370733938,0.220169497160439,3.26505226895547,4.57326080433771,4.33281599552059,4.88348606822517,2.52943475594478,2.65354862045971,2.39506215060355,3.86970944328525,1.97696824031972,0.311092412967696,5.43167504210774,3.54482787902977,2.5404214989353,2.33913324612876,3.38697428573685,4.60599781395414,1.53445859741118,1.42799997143924,3.76742962817755,4.85912071849912,3.43283841037888,5.71096555732445,5.8059234250208,0.99673850814825,3.9114692707954,5.38046408647445,2.93804590250202,6.03332664392907,5.73667729639016,1.34861616723087,0.432078149012084,0.728002304652407,3.58782281023837,1.43103474964422,4.73316519519172,0.141776969168417,5.33523610883335,3.79393402892366,2.51768511287927,0.745001867701014,4.18354336912224,5.67561065141643,5.4467566288535,2.18619251064181,5.33013015022968,0.18685194167052,4.63302109418794,4.4195181615281
1.98884409249889,1.09811620458194,4.86769698357499,4.67730342695342,4.61628306870771,6.03885547363273,1.20737031193405,2.08448592242846,5.12655753475027,1.49266173320402,0.966445879572964,4.90830168950683,4.31965875023422,0.236589892404382,0.448249577542708,4.85034630409526,1.31539462451741,5.50429206168665,3.23555920118224,1.63833853622188,5.71919546191587,3.15399273636587,5.80636513850565,2.71876833479117,5.89510267267728,6.00655665479442,5.20124044627902,6.20640006533748,4.4814577107018,3.66295106914048,4.77787607810517,0.404504102065207,3.54140825242859,2.44714936637088,5.97948181547583,3.06289436109002,1.07697656727691,0.606550073290902,3.26402429836494,3.55286892236007,1.96595480785176,0.895434337977223,0.686349692945368,4.0427100830563,1.5869661270977,0.0921410394155657,2.47456207247155,5.15606976821325,3.53904855240047,4.24875808173679,0.143848668903026
-2.23259945262895,3.9125034134373,1.42419486446126,2.78855216481351,3.26994461664996,0.332294272567393,0.773929662465494,1.0576895723533,4.57010724888804,1.92609395187568,1.27593912266024,2.67959613287172,4.35454234489882,2.56278142789323,3.97693085961333,0.515062718338203,5.05698473797545,4.1719581302534,3.44034284804312,5.42196329366586,1.49496244106059,1.04473580873133,2.55567902644971,5.7348303550005,3.7703572213007,3.53082747066799,5.73808854127703,0.894631317373906,5.52437346501485,0.496250254540718,1.67927603114715,1.81242107559554,1.81986079815271,1.98727090526135,3.99571140692708,3.87254806465665,6.09835502466786,3.31931753421301,4.06539463646186,4.5197215033995,3.84814498042167,4.3933718831278,4.43182070570416,0.601072618344346,4.1276865089741,6.17037435151047,1.98439867042124,2.98125344690968,4.08575820889211,1.76465404709565,3.52946803063614
6.66805111359599,0.417427292162232,5.3618736614572,0.745451578959007,2.47276749769745,3.00992761995551,1.84050313986338,0.343416309147717,4.60539155144373,5.75759925587375,4.28376226766449,3.48378527711466,5.25238253065497,0.802034445851103,5.67506834914736,5.75150079512838,3.6143680673606,0.0749391679628587,4.95904094037172,1.62058742534258,1.32442778524196,0.173615243840353,1.37502061556213,6.2675073531013,6.28194223642927,0.677680728602493,5.50691643431659,5.02508512314845,3.95116156642455,1.97581541259696,0.266080859427247,5.65063785275341,0.658023434002985,0.0578065452003519,0.890393606501953,1.53113494116185,4.6883213608203,4.83809318168067,4.0590124895684,0.206475378494001,6.06221410750502,2.49309811204628,6.04712045899969,1.2005271015383,5.1663885120875,0.482654173329362,3.68164067561476,2.09122187898523,5.06540260852212,0.204330083739578,5.69257171777578
3.31756690251758,3.31998555966181,2.09206073961857,2.72890941896803,4.34425375469202,3.30783647559227,0.207604501092204,3.35071535058381,5.48075637083923,3.70441239699407,1.49959649155025,0.25697132999021,1.79203515123997,4.85187106557341,1.69843155801174,3.47539638697515,1.12341944864362,5.65445492640128,1.3614071314773,1.06051698338346,1.08931179743162,5.64456050484176,4.16217057924833,3.53004819615094,5.75792254175134,2.69836873800322,2.38436676676646,1.38331418049668,3.17425698104729,0.638890513611481,2.76139456968209,1.72534526860724,5.31073642372884,0.734298859134889,0.782041882612025,2.30615875224302,5.31513079557207,5.91061211761077,2.20208330759729,5.93315570130437,2.43888076613335,4.1734223781252,1.15746142653721,2.47658100328812,1.61709799267942,3.39615073489851,1.89929297374737,5.76365383492842,1.25783806129552,3.35559887688228,5.2006794318248
2.71328343751158,0.873392036329741,0.304105675679186,1.14809602980228,5.79563421599965,2.34231241581108,3.56042830722736,4.53469686766353,0.0404650806416032,4.71390266025839,0.67381974985723,6.24719264067198,5.34850687363683,4.13142749625267,6.22070482210231,4.07432611267655,3.86951055079486,2.44272138837354,4.13090030885319,5.76404219579092,2.06001082751394,2.65186692590752,1.32015814325709,3.68214724610974,1.26049427872621,0.113743122680471,5.68008005193918,2.2115872807102,1.06121664736156,0.835726591755646,0.24435555896128,5.26874565119319,5.05799078234981,0.689122089478241,6.20418888221569,5.35734362590589,2.36446219073526,0.30313273128929,1.36587548308779,1.89829001466724,3.86791468710931,0.97417207074841,4.25202686685481,5.33167033525314,3.39423542988408,4.76097068748208,5.08610178167434,5.1210868194673,5.42597895405423,4.50801820996749,2.63100799771229
0.490126729576108,4.72026644606704,1.96233072089399,1.6988124389741,0.967671502099347,4.1403356155173,0.0766791378567317,3.94632713711973,4.8993218462946,3.55587771767704,3.253453344488,6.0969929382172,6.07118537655438,4.97366357753182,2.97711588448359,1.7727292656552,4.23869358424721,1.70934596409199,0.997877401576304,0.0036391608656573,5.9201481842205,4.31107273919811,4.73054791917738,3.37447816238887,2.96668495088477,4.8132535685425,4.92251899888054,3.06406047210894,0.738850272308088,4.26380402594647,2.11082107818197,2.9875822982346,1.72653834852095,2.26628756075071,5.63751976246944,2.14313233474979,2.68099254669511,4.26356403716141,4.05799947146356,5.39220695622925,4.89334269090735,3.12949399191769,3.98008294483033,0.284730171285943,6.27467205144831,2.12130478216175,0.806949996889249,5.82127418137856,4.3319935254214,5.68802698867528,0.663766530003128
-2.14913410470489,3.04418762530796,5.94729073616531,2.04743504827654,2.46987537448605,4.5139088471076,0.352401904553833,3.19699789190893,4.5080456089602,1.71909416698948,4.12006927154844,6.16242432216555,3.52993847875791,1.79762377333137,1.92972347942579,1.9126614907369,0.824694524637197,4.55633550925123,2.88989649354873,0.553577942766183,3.71369937254245,4.42983676935096,0.714661725009431,1.36665057512206,2.06975541700378,1.72553565861775,3.37422872169009,5.18794603779354,4.08118908416972,4.72021381905206,0.362551524857687,5.25891674641986,1.57209837069882,0.0372267037387781,2.04531100533306,0.44014417898318,1.31806522974741,1.8345273477248,5.7915591157868,5.57006955449754,5.62669288862954,5.52153254832498,1.19392623815155,0.6503907715691,5.72040004768028,2.08407949452767,5.26482962576644,1.83067659477691,2.28306475147376,0.540777953778121,3.58480533689135
0.216668350214904,0.0462198419505108,5.44832130458853,3.36081155682275,4.25784587952576,3.26877162699023,0.10923662548106,3.31674674973524,4.48622695383992,2.72945882224145,3.54613405275143,2.95832356214222,5.39567622110377,6.10434793733672,6.21052098707041,0.776434903824566,4.43218540825549,1.7100930792809,5.50813806892829,4.41938054775022,1.20120269758815,1.52290774296887,3.77961074576428,2.79911446699293,0.861008232906049,1.68413632923236,4.98428638307717,3.58316262325431,2.11416260397565,2.57519345978418,0.215923456432943,2.0409493297089,0.00180540914539479,3.48339735073883,2.54011427443531,5.61286629980519,1.44990360454491,0.378878306510819,1.26331100899148,1.09765319978736,4.023495727867,5.06634369494501,6.03088224825875,5.26704925724015,1.84352732800438,0.933516126110841,3.45704050283604,5.91882184563604,4.83744862582661,5.27043316669641,2.2270478115148
9.11215769229695,2.01943297344344,4.0061341028342,0.514297231824046,2.30718400473176,0.912036670491012,0.0760883588712728,1.51433534584841,5.43133786874883,5.53034268279958,2.47158535748514,3.54085376551484,0.766820876847467,1.62606498123048,6.07562982262055,1.71980624236456,4.42931566330195,2.76679724903394,5.72093462281605,2.63690297825618,4.55939978134761,2.28025170044747,1.8054833797098,1.21223912127664,5.31724882299641,5.17968104072324,2.59142432813929,4.50223683525289,1.64688459642817,3.72223114589077,5.368661690583,3.01192697253943,0.83615557785321,1.96676813471295,4.30406032038272,3.65450177218764,2.39724393638655,1.71254814254986,3.77570352417853,1.00227040559113,3.74119982446951,0.255260772064321,3.38611230075743,5.4064122682118,1.45365414906728,0.686162575482604,3.69998092847419,2.6704797350343,4.41657557934631,4.68640436906133,2.01900969857806
-2.42282638775562,2.37767696088634,5.96664326543012,1.02186686181647,1.41372781287798,0.620882439708635,4.84517865423618,0.0878429378223821,4.5116565735428,0.584805851442497,3.48946385696459,1.51426332785429,1.59649852470889,3.96831511330434,2.13188694052827,5.76633778489713,0.736745400906031,0.126351421123853,4.91613125486251,0.0963865622700623,4.51762022492424,1.53670103724066,2.23559389951652,2.56473965199827,2.38376946316637,2.09320796875384,4.57499529706629,0.209681208395399,0.70838826268883,3.58481602643376,1.3280901114154,2.68419822884178,5.23922388681892,1.3334101710058,4.54863032411649,0.448668033555937,6.2724546202034,4.95393788566043,4.52855825859439,4.35081972455674,4.25061433460003,2.29153421914109,5.83181419600104,2.13738785336622,3.95703118143186,1.47790870908135,4.11772786823674,2.25740736712929,4.02661097388093,5.55752277614814,3.24848231813337
1.32168484552077,0.650288165420857,2.80777596460193,3.20589987423223,3.18497870765023,4.57449723343994,0.334304000166329,5.90009404822239,5.06985796942007,0.639269975543308,2.40233844034166,1.53016322562314,0.333730451430008,5.1958133654536,5.9128335236041,1.8239571340844,0.37408300733879,4.10300193881981,1.20994521745206,1.47611803737268,1.90001185608027,5.77533493004149,1.42126279773463,0.53287066943656,0.555688646822622,1.52197844620279,3.54495741018526,1.37372222749048,0.165452348211556,2.83082888370569,1.03887055468282,1.77644916058089,0.18898031485152,4.55284222179893,4.27756538032784,1.51992336082881,5.19469804256164,4.49463740007734,4.83561586011314,2.03501202987082,3.53008581070059,5.35167483297791,5.69185607726934,0.85142049017808,3.80897291747944,6.15410450955482,0.482418903918018,0.450593941800603,5.56500223009742,1.85629519423726,2.24536298264376
-1.22744023719336,4.72286147109739,6.11181291863744,3.28406011570287,6.02885392989686,4.97758283308169,5.09552827133119,1.05036595282658,5.25317373234313,5.00265888450274,2.95885606871183,4.99741128470772,6.01152404140887,3.03442717193447,5.26637315063188,0.5969131223875,5.10678785439516,4.91458834149683,2.07410017105451,1.18090853330618,5.20431984641125,1.18702166126821,1.56719274263401,1.40879836119224,4.18097500431097,4.14347628704745,5.13497423788831,2.15103738814128,3.43307991182124,2.02989964027927,1.07854994152283,3.43770281633806,4.48895026947123,1.67160839765658,5.98929633244986,3.02729386342068,2.33038950326535,2.87437861050376,3.93422487374331,2.58109224976675,3.43934016106575,1.4614064986809,0.227207871068392,4.05437995466187,4.0496748751107,3.68429205810119,1.97438992473967,4.2011387187249,4.49385911010415,3.98541920184971,3.61389782112152
6.63743755369704,5.52900714977499,0.803272329093909,3.35524190146425,3.71973110081671,4.73260007432645,1.29353178488238,2.40131774923149,3.31889549843924,2.5591451416616,5.64205857114047,1.8978696158988,2.38488354257796,3.34463918470997,4.07382570545544,0.587201341761427,4.06546535977349,4.33703875536977,4.49204212781383,3.2151695083497,5.05595914755264,6.0271029559332,0.187671363048423,0.158851803740956,1.50841597992306,6.1606493168466,2.66450024902757,1.33967280480678,3.459697786734,3.54823011446081,0.342971902430679,5.26390205524369,5.30886091154909,3.55682886458756,5.82570812661875,4.21235604101139,0.15363464141949,3.0315132600212,3.65437921915138,1.9090667572304,4.89589443696924,4.51614330818187,5.24911763251029,1.39766278676801,0.17992145211924,6.12539294724872,0.0740090241672075,2.19460265405518,1.84258503759992,0.99249748961852,4.15380558587564
6.75788897324906,5.30885870400571,2.73158394774432,5.80484409283942,1.47852830023838,1.9532519756421,3.91966907877317,3.85620497731861,6.05791170200685,0.33097745757962,4.89172533988105,5.44583547176361,1.55666722991844,3.73163863370468,4.04584046880943,0.851413165347258,5.78219505615899,2.88799202583143,1.85561605792565,1.21028976391808,3.48715523179537,4.38080874789136,4.64775256221271,5.84157194736484,1.78334026106289,6.12674022311674,6.04026216591854,1.74637641298168,1.19837232853764,1.48837792724631,1.21022594411688,3.39311009331787,0.475942084281054,1.98003572937295,1.48473531389398,4.4238314847839,4.20791965854969,2.16045692015974,2.51315624473659,0.858952576994015,0.60137238342505,2.44475267792204,2.06520655808555,2.30602911868326,5.08649883812191,5.98955941485973,5.60174313531503,1.57896582896174,5.07837946138013,5.42577891463607,4.57902178597429
4.40939222683185,4.42670778799919,0.608600449531588,4.78262367737031,3.87048833451776,0.703143255184643,3.12146702185931,5.99194612181851,3.2648855986987,5.62392647982037,1.06029952061098,0.788549841923224,4.22220455034991,2.76799807509888,1.25315283500562,0.171622608976255,1.00792732840181,3.48488558607838,6.16180564240648,4.16714760064125,0.234844933959859,1.12150048925983,1.6438336763851,4.8664974404892,2.09365422752516,1.33809741319683,5.98670162340981,4.55646084475767,3.533523808627,4.1171492446376,2.50715394452241,2.5757782554347,5.73073920218756,6.08385588997784,6.20654240287784,4.52112680591313,1.2819153814697,3.65554801316206,3.97765965906789,0.693821507536437,0.855720079558951,2.00976313028995,4.86292543634089,0.526515277851848,0.724344918753318,4.26242471656127,1.75057523071357,2.80603482583651,0.632922618304687,0.807665850981731,2.117179642836
1.17016450308987,5.89396646955557,1.53488283633958,1.81965416097401,5.60156255563316,0.26086104776114,1.95875892740589,3.43486328942036,0.169831180938944,3.32899063089632,1.55504130180344,4.78917006900237,4.30340110170076,1.64796907808118,5.47531735699104,5.36610358082746,6.12144384670711,2.51863318034723,6.16873678149339,0.216374541371012,1.73584483939651,2.61671650083694,1.81516501837177,5.92105035702248,0.509657490583057,5.72097920524451,3.88359491602521,4.23253837837247,2.19456473668149,4.84056324863744,2.38583710330331,3.90577519718009,3.59414090911541,0.441219431086032,1.16536938528401,4.71118621741621,1.46462878348486,4.78120359060656,5.59692627711926,3.09506159483585,3.91328798518072,1.33534864864261,5.07285545052862,5.8293672490016,1.4756889122979,5.86078498446496,5.80648749843672,0.297380225800061,3.32140859274257,3.20857560406426,0.0326610256513881
7.14541859653813,6.09702757719148,2.85969235396222,4.1907910266277,1.93345351822545,3.18733562667109,4.86745523051071,0.520723629063572,5.74663102172278,3.90879633659982,1.74828958213571,0.144406584896753,1.78317273499904,2.98654462264553,5.49958865571377,3.22342120018007,0.349222571024687,2.94520333599786,2.59997112126753,3.89214129075888,6.06844509253627,5.07662862054201,3.53395299075559,3.28878717267234,6.25164641869257,3.96570423463076,6.04044275876667,2.59457515085798,4.17401872790271,2.88576806850897,0.0713054491524563,1.95562708166051,4.37519270340056,6.27211981677178,3.95378406651934,3.52938195692511,1.51483478315484,4.22591321006476,1.39611078575523,0.488782443956432,4.31087024061466,3.20720187717445,2.20407343794563,0.184297955881046,3.18659120910311,2.15499164254327,4.95401640339959,1.98447620800528,0.438373495124233,2.68912773758132,0.442618086099913
1.46238955372559,0.242631685555033,1.94185773243185,5.27728080534519,0.758819605870986,3.07152437816487,5.86714651006517,3.68029069919996,0.21887363993707,1.19966893184923,1.67316186012453,1.43644001397232,3.49890058851091,3.09751298032876,6.03143738617104,1.86941926493034,6.2525022140656,5.66483784556582,1.85419199056182,0.647450094106652,1.89291668437789,2.87405563037605,2.84518219179572,0.113197139709517,5.6525047176244,6.22884068593083,2.80831643237173,2.54958608236841,5.58248825436909,1.20978908166837,5.50814276489532,5.91853119160913,4.64979933089742,0.848366433638652,0.405349155230777,4.91717731297217,2.03424940628734,0.225887388544995,0.539311107763811,4.21563791339455,0.142384557082606,3.86110952136112,2.6898453471755,4.40116835581361,3.93056574404587,6.0603503557237,3.63123554207291,6.18167910655889,0.148885716750573,2.4211326132744,5.38510037669169
7.31882857762974,0.729149170983993,5.17065827988332,5.12778732220442,0.373595383095854,0.861076309798868,2.7633145662748,5.84808386240653,1.87146967335523,2.73719173698839,0.0599650486421129,4.13152620226131,4.27155597179471,2.6883866583924,0.531471170318948,0.613069731557981,5.93173763775633,1.85029583448842,2.38390098096461,5.08455031608957,2.81381193094987,1.84840809523936,0.936005841520338,1.06790881292854,4.90087101802382,5.03344771002091,5.71752543120953,1.80916785885172,1.83384850692264,3.72346994492029,4.04890045894459,0.518120797902349,0.582251141508574,4.62497755219356,5.50857900560364,5.39568137642708,4.73363530537941,2.61076562219325,2.17833741590273,5.89369017114377,0.311874967347084,5.5967733231824,2.5051929306326,1.75816999186586,1.32142997936559,1.41414238191787,5.33178633295348,2.36399739240311,5.64917542767753,1.92887584274689,1.55764014943873
0.249455459029222,6.21392981879908,4.85939479912711,5.62717363276875,5.44250287562189,0.134523108890305,4.86076117046482,4.18355486034376,2.83955216619685,0.496107217725517,4.19888021020324,2.76224691988304,1.55584996195595,0.439344517239773,1.09057977875098,2.44060736056722,0.464779649217972,0.802297058664267,4.91708891761015,3.46524279338579,4.57324294357088,3.96620179940205,5.01289787300914,1.71854710877374,2.92937795635013,3.76007893881469,2.3641363901015,1.31892654617327,2.33441807390577,5.34950429410911,1.35419411440904,2.82617948866829,2.74559514512693,3.7298416655966,5.52870389124591,2.62690920554115,0.809255697685228,6.11955416177701,3.48555915159794,2.52753753552365,4.91128202521549,4.65301790135237,0.931637704187028,5.59532192119426,0.218502171389628,3.86589160745706,5.22981905859008,1.65191530691459,5.14086721716027,3.99265338441674,2.06999343377528
9.33106298035111,2.89905710223342,1.97100247502165,5.83736301062859,4.50910921623514,5.32823435469076,4.74401025164042,5.53983887465123,4.94981138289503,0.83817035983411,5.30576864797819,3.34496014162197,0.853446175287425,3.77015107712539,3.12677469931109,5.29657216269052,5.68232281214772,5.87429163456829,0.374025911109074,2.9141403245216,3.73148220972614,0.9648393585292,5.78266393310674,0.500918490500055,0.119348720473262,3.56452623335101,3.66151062148291,6.15896100112719,5.46922222145847,1.49748682909149,2.23582370054008,1.31519781229653,4.50847326672815,2.51012384523641,3.2117279760132,2.4731923964019,4.24593976127957,2.87841820423191,2.26400858015345,4.30827031334583,6.08099865589972,6.24034523901593,3.34067912106028,4.89090007414541,3.97834270429661,6.03434618811146,5.79523712736789,0.889155692537867,2.32979527325614,5.18817606995816,3.98383486888446
6.36105339860027,0.007651241493491,4.55213084716161,5.07123064447178,1.70892045388778,0.487625221627762,3.2878614073905,0.57325474391536,5.67710753406474,2.12851110784271,1.53408676606006,0.146758164266615,1.07991585057843,4.8024893880569,5.19496752084935,3.74703973785106,3.44938840114671,4.70947755396924,5.90527231447796,2.38565627638828,6.21660253940862,6.19153771003216,2.69706390724035,3.37937423759863,5.29519906778132,4.04940329607263,4.40453972074735,4.25900471106432,4.24017482976418,4.07398882667295,4.02549648485227,0.0870221222835488,1.31395049030628,5.52981241303172,5.72257891201586,0.503573919417899,1.93673339079959,6.00373568206673,4.2268152424266,4.99323466236892,4.25904192916317,1.35263555952326,1.85454327815435,0.434856539120328,5.89242229076575,1.45051496239899,3.16883367016176,2.23137503395526,1.97470270832836,2.57142536024486,5.71885133969609
8.70786247813984,1.13898813737057,0.754598145093058,0.758729298475035,5.51057091632329,2.59647862671682,2.76837496229489,5.67876703468674,1.18772592173492,1.78824295890279,3.20182478864856,1.61463664617731,5.35508447370028,1.85262237894119,2.87167728838285,2.47666669371461,3.44624763745273,1.03148330553424,5.50872858605141,3.36200302898949,5.25851625504064,2.67735328049935,4.4140155297614,5.44053596909805,6.21487183563786,4.07435021717775,4.29899561168013,4.34373686330999,5.42521002529384,0.146450279990571,3.99308371639894,0.586587669570945,2.27967785035002,1.89205634225548,4.95178716933161,0.940604920953314,1.25783302154274,1.78600236966468,5.66313646598796,1.24324465031281,3.13574693827514,6.0151804676337,5.18948164534633,2.16682777771438,1.89033451986038,0.730337882624319,0.419329923917339,1.61375047038453,3.27482493915784,2.3139165439119,3.04154821973184
7.19190229716057,6.00180655979104,2.66123996931526,4.19951374004373,5.67713748292366,5.49088199343491,1.47501224100326,5.31637323141594,2.5801527359808,2.35710006281594,6.05282942658396,5.90977811386545,5.40213606650226,1.11461784590725,4.18887753709461,6.27818936733007,0.996651702978181,4.52412289286075,4.16201334773901,2.56317153547992,3.81126386182076,3.89314662708088,3.21928923780439,4.9978832557272,3.62164376315396,3.57917643335064,1.45079697058004,3.04105626378847,2.38062278928334,3.55449649333208,5.64763217052611,2.24808801135214,1.29869131993487,3.74424164077337,1.19452309117288,1.53308256203664,4.4117323301084,5.82282646619745,3.47171625708868,1.38135060064856,3.09178771144833,3.36357574492228,5.19723006848783,3.99086064414191,5.21853615953776,5.06821743699388,5.09922700368395,2.66480263126872,1.08018081137511,2.48918942461662,4.77545483750221
2.95429377209576,0.834377014717488,5.79867097938447,6.08928978653859,4.61754659105277,4.39614790477167,2.21613973548107,2.93130738291278,2.09891230035072,3.65258130746114,3.10862543040691,3.29003882051135,3.38955038938477,2.77211719012799,3.19810066735253,3.35408060198289,0.131766301212486,0.543330799954411,1.72456122644016,1.11748618938527,4.22965296117755,1.05591126669116,0.835386798310456,3.09393084108399,0.178773808978154,1.50719157454452,4.52914593326769,4.89943008467745,2.82593382961275,2.35502660172796,4.00905028958508,2.77029524123079,3.09907625897702,2.66395289969113,5.76321337662727,0.837998690786262,0.404066666152817,4.04258420919601,5.95254499662635,5.35875360244279,4.25714180923841,2.56540490375439,3.55929370307512,4.78482323321921,2.41408403112409,1.91701056917348,3.99984773172447,6.2302824765472,1.86694476679471,0.676176981942551,3.8181210050483
7.25507685509717,6.012628664518,2.50015604809479,1.10904487118763,1.95380871983844,5.87381383382026,4.81178330661448,0.467761635098224,3.22069263852452,0.19527569022203,4.88465559808364,2.38471079974824,4.28678363383652,1.71027346293175,3.14119768326341,5.93853162681039,3.01709587465638,0.213036955215724,2.37272528601206,2.37194683511788,1.93459937953231,2.41687509595457,4.34282918847312,3.35296830879427,0.944030127124043,1.15943720712212,2.51593901189573,4.50495884449835,3.7102757024357,2.64193855001939,0.949701777131031,4.26845616395527,0.395284995675278,2.49793669750136,0.282987828538945,1.98483134307236,1.79842952666566,3.37301025722187,5.87980796509988,4.48039738182627,4.2491547373448,0.877208059602427,2.98755536737567,5.9371186571431,4.82675196778787,0.0928495862322418,5.02408567653463,4.22441715835391,3.96666390742785,1.55781310439157,5.18589799929595
-1.44412053629919,3.21620518998142,3.51298813558808,1.35500017349321,3.1574062099336,3.60624410437064,1.5086949437716,4.22673057750568,1.57304205526422,0.817712837341898,4.21842528874564,4.27616178942835,1.00473282880094,0.572580985290609,6.12141689829318,4.77292808100694,0.744771317663394,6.08345613444642,3.52545767186289,0.0392921860715507,1.57234473488088,0.332169427138508,1.93694747130548,0.0875965955840963,4.57183006021576,5.59993447410274,0.988195296243468,2.19521569572797,3.82133753326961,2.06792976692384,1.7515533479818,1.18887272954978,3.58588867307951,4.68344543145541,0.53416491891296,3.29734908652184,0.29501428057466,3.72370442143004,5.20903475384607,4.37312034096407,0.0691505547295969,6.12843279300192,1.33540970499156,2.37980713491949,4.17171334455995,5.69336220994866,1.37798140083358,3.38225560982506,2.98689924276545,3.39440361572398,2.04730673134306
0.477806996477048,4.62796444323813,1.95926124080926,3.65757576244881,5.47502820245517,5.90476476236495,5.12349931182015,2.80128114229508,1.91161219665245,0.896918835561077,2.2585787695229,1.43004598672113,4.02614114603643,0.163753116197436,6.02552313753313,3.85102030201893,4.22413725823781,3.6714240960875,0.806329542610552,1.58788812243965,1.21516919843469,4.39260044838873,0.98339839663906,5.09341832945507,5.04660138725008,5.48229071150496,0.563139740642016,1.56800988332263,0.74325764071553,3.81769189606561,1.99725428248051,0.260239151045216,6.05230114053301,6.01424273421905,0.554154847436578,1.6718126254092,2.32044594375047,3.95133159700414,6.00455384826092,1.52339288610275,0.566560558058507,1.81927369401746,1.59299833082034,4.97641379183786,5.88946602444825,3.73596391192702,5.81903744692959,1.91632312348718,2.92250089695586,3.02018454237464,0.218953889771226
-2.09038999316103,2.59674827616595,5.00835422061635,2.91279576675537,3.08606639683547,3.040304783252,0.32805291317775,1.2223887737647,4.41551175263366,5.34377396499505,5.96008891844955,5.43067946783807,3.66314936476029,4.77128144821236,3.55434501401664,4.36692559972823,1.58361185928755,1.88484835323666,1.5172945321504,5.61524959816485,1.47604525280949,5.23399602471462,3.53086845431798,0.387041041218627,0.172415162400715,0.092154887398104,3.67550111418595,4.2989152506642,3.89567463729694,2.71910894747048,6.18485415958974,0.311127793641443,2.37969022874702,6.21477544542854,1.48125486062199,0.918265983406899,2.95324000227726,2.29931269939744,1.56603157335236,5.94564699117102,5.50147752726142,0.252111295230254,0.257912934286094,4.16028638757561,5.73596457733112,2.96234620796443,2.45546445521913,4.68897820079747,0.277274874502907,5.98722151816266,1.84769161501794
-2.52107693056565,1.68643010432016,5.04165621650958,0.5936037105715,3.1297151792796,1.87665229032917,0.491854402224396,0.776036549768664,2.90146204154023,2.81398974864241,0.235023016440566,2.06395224773563,1.67192923168347,0.800397128918852,4.79653836751015,5.83461478735406,4.42995785361746,5.78742596844748,0.81893370831036,6.1302309987387,1.05527519137321,3.13633870911906,5.33146780594841,0.550876588461076,1.23266735907474,4.29588210361288,6.12873467053633,1.18042030048933,1.4096433968028,4.62996367439985,2.47924617085162,3.70257855310997,4.24725744962944,4.46555614666926,2.17312318088034,0.792660634411374,0.390526921916693,4.87143241322777,3.14507590834991,4.49185834141553,6.06649612431392,5.63252736434459,2.53162537482714,1.3174937861502,4.70170697347051,4.36423138592627,3.05384105013185,0.687776297009154,1.21626489628062,3.09910059169343,3.1671376229203
1.17928924702774,0.605497453993654,3.57664137333236,4.1745096744326,4.45863244066911,1.34219322832968,1.31055222816074,1.85089822611759,1.27170642813438,2.88833214697027,0.330155082570115,4.37117933247899,0.138566553018841,5.20491335812768,1.78706423167836,5.32750370903358,3.70432864200819,2.58369209072342,1.38192098948183,4.17732755455147,2.94971909932038,6.13156602998239,1.9701327526685,1.23320604793616,2.72549154201688,6.13251667218617,4.1582621127193,5.63901265281431,4.85049679447807,3.38324996987272,5.56133287899136,1.36379398180205,3.0173820550798,0.99993662847137,1.08484708848714,3.49491428596255,3.71158361995572,4.97234186762016,3.55155347081195,0.3587019129859,0.516251326111345,2.81538289576972,1.48699587050095,0.666409230070765,2.97388210553229,3.84448031796805,2.14929987594978,4.02171492792953,5.22208264308017,2.22171034319924,5.25645967749022
0.710628680172608,4.98688691891992,2.22491097388979,3.97729511743756,2.62200832025675,0.140521807400177,5.79174529551908,1.93387370633368,5.67588193494505,4.86575613747381,5.9700871676939,4.20063490729341,2.70928127008541,4.74882153465538,5.36583197253103,1.03379045169328,3.96588304710759,2.60491786464496,0.0962741677369502,1.24988746580131,0.645870310816622,0.781204828682512,2.66394620245216,3.6322961518287,4.89489833751199,1.82935014354775,4.8822644526314,2.42355658807125,5.49137271467542,3.05463938939732,1.14048079803731,2.40711900646571,6.08792909278595,5.38070258747183,0.766077901716714,6.10667418481713,2.32578179407862,3.91611298971064,0.69210441329257,5.72205379757131,3.79464572394004,1.37098183082767,0.669167110067537,0.738407934157215,1.60511088436253,4.00458898485098,3.0222132952232,4.16587676224287,5.48031596959189,1.50346652868426,1.08395930055864
5.84517338535183,5.46969282611247,0.452926433015368,5.25173850437726,5.99687784541602,4.54558783340739,0.746133053013709,0.779046916259654,3.72530824192703,1.14005917041768,4.54752531918574,0.127598346663306,5.69396009286432,3.33134768889439,5.84320040340229,0.755788443999499,4.94523988824536,4.02956760153919,2.61812154295116,6.23696905084129,1.64330763006173,2.13819514422741,5.46771687436615,1.18958195223461,0.99682158872889,0.699359246411204,2.14533982692927,3.94817002330048,2.24296299531465,5.7992283292289,4.61181595618883,3.94509279413868,0.185395609648445,4.34273915756869,6.22217703410013,2.66960801140923,1.71441618360698,0.0826702072488195,4.93774625715697,3.95568233000107,5.69675828064292,5.10173752471437,0.9695029307057,6.04518065010743,5.35899890747216,5.87618062022355,1.15863319466034,0.48472473198787,1.81280108612165,6.11519151477525,1.55877057695986
1.39621356771574,0.589114664521857,5.49560656198072,6.19214566513878,1.76775004257057,5.71754353043201,0.972870256522622,1.46780133931454,2.70637329030495,4.00595578043493,2.84602069547705,4.38715660105921,1.2260495916696,6.22754641889942,5.22726357623541,3.20019717817776,5.98785755690766,0.11796949593731,3.305456259601,5.39162860473288,1.34870289779212,1.04931955239408,4.16538179707701,2.45280187702064,3.02465763237679,1.80533654808511,4.23719209925862,2.1542507696258,0.828240121651259,0.245432942535773,0.835312637141346,0.93744218276686,1.87509941010262,4.44906218420095,1.11381260166846,6.03886220451881,3.18666403901677,4.27697858194247,0.741725577813247,1.86100445773413,1.98766110062313,0.332140456971785,4.9499482915464,3.43243437581208,5.08787214076547,4.44237215303144,3.54716456443066,3.08718904309533,1.85831983043434,4.29114980939669,5.21268619444609
6.22750993770088,4.19400428669002,2.82409109411256,0.547717615825758,3.05311583921534,5.92484877846484,2.48854524765835,0.166711979194528,4.51812517158015,3.67974296365315,5.52931808569815,4.35250948563921,1.9072346132571,5.79074067602693,3.88601037663884,2.78396030634417,2.1971007944099,5.67971643194724,2.18082128402866,1.00697576602256,2.78349030441242,5.72932836399192,3.43030090143573,3.10585787174412,5.81042093405153,4.4962093538298,0.276052549393874,5.47893265327407,3.80744330057619,3.68212277295319,2.11266743147857,2.96198526950132,4.38675703131838,1.55103828249019,0.783767609535478,2.56806310343908,1.45221080483192,4.36595193558264,0.0891994651843346,5.6770493435723,1.55258590937792,1.23804502545328,4.22768378420485,3.92516215329606,3.28948068654283,2.48407194845891,0.371592638004911,2.05237694354346,5.41099147975434,2.20167800029175,1.69301148017517
6.77329322844306,5.92587387881009,0.328056753337708,2.24802951218399,3.84697188543184,2.44496914005856,0.162510790072424,3.98255794474687,3.64192806883099,0.35610426640635,3.99815777607389,1.75852446276814,1.3067373254833,2.02924316456871,3.31775104884832,4.75766760571261,2.59628033255993,4.76230945648147,1.27360740386623,2.35091410786608,5.11494915690617,5.87328614025113,4.14215737130932,1.39296003764535,0.78587588953666,2.73002367392979,2.38476222131873,4.76355898162635,3.22850468104745,3.71353164313299,4.61198287514167,3.46284979734218,0.720623145440807,1.77807744399401,2.54422842432045,1.13498642151733,5.44692614594886,3.56206083895458,3.48932923485418,0.464981185201326,0.813502055865947,5.10491874687076,3.23698324952815,6.1255638263208,1.13676055786294,0.628601082226792,3.53205766188754,0.708302995045662,0.228158785374933,2.96139860277858,5.90046814709653
2.1943479257641,1.18443168330524,1.53242778623689,5.46712052458864,3.2298852646343,2.02558920336084,1.38358177893466,1.11304598431862,2.3262478578349,0.334226039798967,5.0266472109814,4.58100616559167,1.72264236507189,5.75071298302142,5.1495459611105,4.09269686884086,0.601107374352073,0.250186169646761,1.85112251632875,2.85991127818987,0.484189498538962,3.96296340348129,3.59037967358771,4.2743235553271,4.97998940646799,0.0276932689186658,2.160066938384,3.32088546494076,4.86734292667852,2.63865946888392,4.74200927668035,0.734490011325717,2.97160856113861,3.24055772015634,1.0441360342626,2.97029489288763,2.17373539746733,3.3590730293661,0.698796518879915,2.31835326430768,1.02757070772455,5.48075182408984,2.35793800619964,4.16728022440556,5.43016774494562,3.06953645535991,4.77238022842668,5.29318871990512,3.14308497632245,1.1702133528147,1.7876336959474
5.77574776502722,4.43840773720046,3.9005556620055,3.66663827223586,1.39162435540311,2.98654747094703,3.0292831496653,1.4045222560353,2.7565454395135,0.560448163018433,0.78178962140719,1.42719753307732,4.79136526242955,4.59229923923923,5.93145691401735,3.12600481965394,0.0607588879715645,0.374973767916829,1.22541158237395,4.75829717689677,0.110828802613057,2.76551449663073,1.9118302065563,2.0689197821048,0.168614748463934,5.90725646734304,3.45212903626517,0.759727826376302,3.02916391013849,4.67713637926378,4.48958739955312,3.55562460944264,5.14465554300496,3.96186249325824,0.293662762244211,2.0347778386301,1.92519495506886,6.02615618461066,3.76860318544949,2.29415983086264,1.63882949152929,5.77062657794258,2.44758266661386,2.05261267084816,1.02542333562645,1.26386863240159,4.98164842578994,3.04169584864689,0.482847505268127,4.75719929491415,1.6661307057173
2.43639724066846,2.15731681770472,3.48142651627995,0.890882030961077,5.78840778543553,5.82812285869917,5.29339197042846,4.59074231258127,5.56932861867458,0.859774226396154,0.549126868218205,4.58717964038739,0.897206265316538,2.0291326147753,3.78034451621448,4.52745841922738,1.5543708537623,2.92301334399276,4.85953209691468,5.85773595304913,5.00312373988869,6.06764361677445,1.62995431717979,2.6912368426683,5.95435711763989,5.73826086571218,2.2874450120092,3.22360986687308,1.71222084681382,1.24490094421838,1.49409217889068,0.250339989631124,1.77384223324905,5.41259682168613,0.978895641584095,4.31153633793743,2.43699989528467,0.712824076075406,5.64614251908186,1.44063383145022,3.49670914307984,0.392035361617833,3.81866965784474,6.11475021968497,6.27626624887018,5.31263548011216,0.61788505515268,5.35484775014836,0.360787958095195,0.293274939735561,2.50265394121635
8.89217519908024,0.819395852909109,0.16648870863727,3.46319473294442,0.0266778604056826,0.220905015797743,0.261535877241925,1.22098394669944,4.24198260298519,2.24051174441021,5.73345797545824,3.04218009062323,0.161932191342893,2.77703478047393,0.00897280803918512,4.02370292534332,0.232111326699859,0.679891616214836,5.17065004804329,5.26446820307745,4.7669494113085,5.75681673367856,1.99952486885383,2.22971448003224,5.40529821952149,4.37418854472761,0.367192828495184,0.936651706686072,1.73102123861132,3.5078162856912,0.183181380731209,3.23501181234702,1.76663049330828,0.131010314888335,6.12311797504699,4.24065696074973,0.0695503526856436,2.90090867668464,3.70024772230722,2.18863729691126,4.46024199287914,3.27557858627598,1.12258243713873,1.91449137303885,0.707838833082882,3.90352152945436,4.31780067457506,4.2602771118592,1.62237354445018,1.76299267101266,6.26264017491236
5.98376616154011,4.28498566070373,3.12897736971258,5.57569139214393,1.11529958328721,4.8880737515263,1.5616052118795,2.42138625986265,3.95730384010347,1.09808903673029,4.3409487755178,4.37304291602472,5.41221378877128,5.27268158547208,3.1220751437386,5.24889640418667,4.6895160821281,1.9048673162954,5.72985996062648,4.08099741556881,1.59545111925168,4.54389302525755,5.36501240047256,4.25499404946702,1.88293311697938,1.47767270967388,2.57152524243964,0.850004881406579,3.25049353790874,3.07607400072634,3.72032144092675,3.4404718686402,3.49295188961515,1.14354207554037,2.29340975326461,5.88017964430753,0.798154904138333,3.5932264185432,1.68821829491976,1.9993190860193,3.21454919889989,3.11313879746962,5.77484193250045,5.25314227667858,2.39464656044684,1.21637670272066,1.08975796550202,0.169379683457976,3.81527013173798,1.65456819035498,0.38939554496173
2.83672833578385,2.70725892189221,2.84753061272545,2.71525636148624,1.63594223983509,0.552240238771156,5.38875372054812,0.707779713637463,1.86080843695194,5.16509932284473,2.40746222167629,1.66873901696965,4.2352214798487,4.06063953681573,5.43613351463244,1.76495105603869,1.56953845131362,5.93133439901696,5.82307217060345,2.12646998455888,2.2488439172158,2.39647550648121,2.27143471073874,2.34853961481035,5.8658728233653,3.17295192499503,4.61798865271213,4.3950280175753,2.3119183499591,0.926587808992909,1.08425828736692,0.748665604127485,3.36228365910172,5.62762073125505,1.1291835536103,2.96380709697632,6.2306131106623,5.80567000664776,5.952805868567,3.43655560036905,4.27510621796242,3.41256974475903,2.76925478463445,4.07146276067502,0.0824661886934849,5.13999964968546,1.22561188511736,3.81053886010152,3.69415238196612,4.91217872231509,2.07363044561427
-2.03804869311991,2.38182616082574,4.55004921421324,1.19495360016816,4.44865089502339,2.22439232554315,5.30327721363995,6.03394196921698,5.56097628393203,4.58354387056584,2.10692206502957,3.32119184094827,5.9230031419981,1.47465019072241,2.66859980337903,1.26684866967496,1.15237914379974,0.12051227284846,4.40644148499203,4.11136547073735,3.47921084346257,2.3373515889213,4.51935614399795,2.84073241339316,3.21005350242466,1.04187914372834,2.02223891761371,4.46149334959745,2.3644371499665,3.34782963787943,6.04750805475604,4.77594381933312,5.92915141949282,4.24747027348869,6.05847741827977,4.91339633829083,5.25010115672373,3.91691773363146,6.0397000411095,5.72156491083007,1.2924873915735,4.39812659802647,3.17047708161073,2.29050301989036,3.10281328028467,1.40612010782652,4.261580747418,1.77475361658325,3.78482555278764,0.128968401628738,2.15862125640555
-0.315298275119477,5.00718339022371,4.35414189594422,5.40926350725164,4.95468304785372,2.03079458187718,2.02417999339302,2.4437400723601,2.35119121673449,2.71255338187915,3.90872635206182,2.9578373788736,4.67287714155229,5.3789263942634,2.86414237520918,4.42340100065822,3.88997301209851,1.71386079407278,2.26939976389504,3.40537013240914,0.983455441666643,1.73110394907368,2.17550126686288,2.35598985282266,4.49368474489828,3.78911697908562,1.12435275234232,1.76594294082896,2.37778875123428,4.08187236346533,2.9272081591808,3.8245283038923,1.4013851247669,5.01497542587898,0.217025756428162,2.30079183538653,1.54464663101796,2.10466206872022,0.55767213405997,2.44578545273554,0.25740156834565,0.0240633376031706,2.36079940666846,0.382886166619994,4.20448259250209,4.31842776026141,3.8044167834696,4.9574892363313,3.12067855729088,4.25937896793362,3.68435427747002
6.07811898679529,5.86114107042879,5.08115529577049,0.709341726861583,0.138589804638792,3.39858158833617,5.7985939333409,0.942361974804517,3.95217269590215,5.6270506759671,5.26925295022138,1.26404257628705,5.01071513486648,6.21564789758682,4.01879869290235,6.10676774281705,4.03763988987383,1.45063680153122,0.0178591620086398,1.3999131731685,0.547826873862508,2.99621346662597,4.56109090148098,0.0613253693506449,3.51089205193492,3.36790129963614,0.626990494270767,0.786174392119062,2.81840799238285,3.95232813972558,1.93102863495647,3.63700073691356,1.15627768589252,3.4818865572025,3.7807816229703,0.92473004786113,3.82829028258238,2.78897525827705,0.0951448959211035,3.17569331497922,1.80437751458323,5.3570611539798,1.17437221240218,5.66596946829102,4.29802160082296,4.89766419626397,0.855730169304943,4.54718650735858,5.30063050810261,3.72570406367173,0.33873441684811
5.95348877498454,5.36134568261905,4.69902680953378,3.36028488437044,3.75637990656372,6.08922615984257,4.18131158811389,5.64046893948593,3.90518439186211,1.44437585740062,3.65247145840549,4.89791948278339,2.742835035643,3.76492774421547,5.64276861452234,1.35866348567344,0.735473273676826,1.30134865942373,2.28508623361947,5.26578947265078,4.87894361835104,2.13732543357762,4.10529297678788,2.58359889113842,2.89225788324723,1.87285886914081,3.35440064749693,1.9011559501821,4.62147438272963,5.65255585246294,4.34767907497036,1.68123377541506,5.48655907197359,3.91840636249597,5.22525762589095,0.659305083365968,6.26827101535661,0.677874549155897,5.61077307323104,4.27334550681602,1.93989873736898,5.84119424386055,3.35216765958116,5.67024121834084,1.45301458907847,0.841433095785873,4.19113459586445,2.09641192465718,0.742016619513445,6.08385019191192,4.8234411910693
-2.83032980845557,1.66668841105082,6.16737218906407,1.19600104658708,1.49300082883729,3.77048381345377,1.80819618866347,1.22709493880107,4.28060594437382,3.95756932608774,4.33383766093419,4.94760242633455,3.29083435682577,1.77433879006978,3.1263041195267,1.06796666841274,0.94859244049985,2.77973032260551,3.81485054488907,1.74931383106264,1.21160228816713,6.27276421170484,2.31503414017855,2.54383847034016,5.71629978527646,1.157071292618,1.12774196487663,0.830406571664026,5.84845480137762,3.14714111126533,3.58238386368442,2.34918237858975,3.35037536842219,4.79953508497546,4.01133764685127,2.44100598965172,2.80483512036682,6.18739676680239,5.56247445394825,0.0364099960739113,3.17435722750867,3.68224970157742,1.0911038062474,5.48307924483054,5.85458518884715,3.00619084588101,4.79532569766044,2.17649202081747,3.20363767330534,3.29346240723177,4.52899438226926
8.12644186557659,1.20183761281207,1.96072373025353,2.266337735915,0.11587397258178,0.972741115966257,1.20778814474418,3.98372356129948,0.730296555188579,0.0826839645304369,6.09958732102652,4.21258360962197,0.0893747681206913,2.83749607433522,0.0835523804977334,2.80676979880537,4.95591690660889,5.97407518624517,5.37496395629766,1.93214340340248,2.53933152548782,1.39244608526574,5.03468870489047,4.17579341723135,1.94061645375618,2.59807125735342,0.0296005132544764,0.964623547391228,6.24128972672335,5.93323135757576,1.19878179784511,1.27082493953113,4.57302876797532,2.79965152177485,5.51698825517407,0.673082838521916,2.66879252966971,3.55784819518391,3.71919449222481,4.88843829608248,0.662443444948468,0.698722653220256,1.32609135423914,4.77745295977202,1.94978689032453,1.53310256597846,5.89817629135726,3.83531261998235,2.96267511583619,0.539289895451662,1.13107277186954
8.24123914681171,0.464917021614369,0.759630570119474,0.538822193227129,4.4233447777906,2.69473987315501,4.88569722940319,5.58236007933866,2.7762953997329,3.33614853545177,0.857324156066604,5.70508057582564,2.88952197774293,5.1518425684077,1.16273276071515,3.0933544864708,2.1985126405561,3.72625270330192,4.09902340290354,6.18611891078599,5.58486626720573,2.8490124477984,4.89700726119713,2.70941185015317,3.56736425053724,1.15208080652708,5.21229135431941,5.17316338519101,3.87266545066625,1.63801455838405,1.07735692305168,5.50472007933245,5.29862148124143,2.66212056407557,2.34136165657386,0.901831870380127,2.04346574337335,0.253624771758341,2.48663478197693,2.59011879371282,4.6958845331825,1.18663162390159,0.0108215210226443,1.67037965472594,3.90019579000967,5.9614277254848,2.15573694810253,0.081547271331174,0.859042743949831,2.13082207953253,1.90025302397731
-0.570360577228509,4.15232934500142,3.74055532713218,4.36304162976243,2.12779689660723,3.30730653205513,5.69640354348956,6.1972481478491,2.27239329366185,4.36082581357908,0.335163916579585,3.84286693144974,3.98804734588246,0.964082298423179,2.6563777899174,1.87325562715309,1.7331542711864,1.50509407039791,5.16436965002807,3.96596895258304,0.520170575809541,2.45410490254259,2.41697559403786,0.889503549587509,2.7029594831919,0.94768298968043,3.31325006392424,3.5541509155088,4.49354372691003,2.11281450594767,5.37648080777776,5.76199622439657,1.03610976933074,1.25271563754887,5.48380698220658,1.09844258453126,2.92322126415062,1.10806636039444,4.09341999802495,5.18018692072089,5.71112366073295,6.07033265769808,5.7668821016044,3.87016681584522,2.14388651144427,2.29928466110953,2.80499872288438,2.54508489117288,5.04871822532202,6.05486795172529,4.1039017577866
3.68650553336722,3.33212287748125,1.21759443280401,2.96203452156429,2.64550021718855,2.14302903517837,4.76384694242107,4.80526818046761,5.21495810914903,6.16987663020695,2.19406633219523,2.92162214839817,5.42929701610484,4.0105148461326,2.04623135928092,2.95205932937178,4.17336537552224,2.59613452205205,1.02870305605712,0.0599866734971606,1.53798393447276,3.06630823988606,2.40733588260804,0.678567717777724,4.22086808105774,1.33864919810088,2.78248143514325,2.24892364332528,3.84272360497676,3.557175135834,0.931537427004367,0.716224809089586,2.72358972510714,3.66036143935201,5.49211445510331,0.358156010475441,5.69203284604961,1.81115376136682,3.71299989728078,0.585209861139694,4.66837216139893,1.5688301034538,3.78567398968272,2.30394268151192,3.43527833244572,0.962078140153371,1.06416576000965,0.373850671078195,1.44488512405362,6.03288449888338,2.82722988286714
-0.801108925517361,4.3363149722613,1.66626557506086,0.240196222462505,4.14428002594354,2.93917444285883,1.31955366843257,0.195564799407445,5.28423901865699,0.176590380338158,1.44476513258692,0.147623244780691,2.06927167973418,6.08108424392194,2.50354822303821,5.33365409751909,1.68543535659921,2.31033535848972,5.25186713730105,5.78458005589237,2.51947325081382,1.64502577175494,3.27761371013277,1.65352253162195,1.01496679657249,4.44571919110044,5.57318993242809,3.30085006453449,1.7190141336672,2.7439848804758,2.27182157796189,4.67424387423076,2.233138167694,2.44379111210897,1.30597493304088,4.34651097438285,1.50613198444262,5.01240915889223,1.39497461189188,2.90126909581183,4.81694956523846,3.92125858754259,2.05149444406381,5.43444639265418,4.55568650173747,4.60439471467576,1.99486914523283,3.41565626637647,4.85325108008512,3.66080913032014,4.44832307263684
-1.70582335361042,3.58569924420618,5.43880400868067,5.31220429378581,5.49932310828694,3.024760542812,4.54548897818111,0.358389536088434,4.31915549324869,0.151124437842293,4.74384110466334,3.08429943756595,2.8663669601235,2.55430018373537,0.728970778364653,6.02642793773598,1.12238878774674,4.72881343668922,1.06072972093055,3.05032276140958,3.20835167665678,3.63262636316047,4.26691931292211,1.4842412528115,3.61348473255473,0.679367537516283,5.442915940782,4.17187035663156,0.455235179606787,0.418512089805551,5.03502895915485,1.93507940684166,4.21369289651393,1.96106330572392,5.01065719453303,0.96342651320995,3.30932652933899,0.947373968717038,0.374906382984262,2.16869065028193,5.38661812055181,0.141898123654987,2.21571048459534,4.40778126925657,4.48152185234498,2.43526609744217,1.85008703365388,5.76816061885977,2.23507284320672,2.0466669007144,1.96858576507598
-2.23846558780436,3.16785181367493,0.108909555034406,6.20666434002558,0.878710649094168,0.60892402506695,4.76248830114249,2.11094325524828,4.04868545972615,2.52927363453629,4.53471160802609,6.20005861975082,1.83815803098018,0.972552755023125,4.54375757806134,6.01303943728548,5.00544437122659,0.593655810935975,2.595785975968,0.249710671531784,0.527967030940334,3.70854209623548,1.42937712009444,0.960449660709237,2.98002245839978,2.47306784355663,2.48508156527922,0.301345724190414,0.665295971356214,5.85524154313552,4.90421260379714,2.21483142882485,5.11783621110642,1.29422567325991,1.00131544777901,5.22634186177373,4.74716114019043,3.94482958884369,1.30216335703915,3.59313284445118,5.31062431300184,5.38526959681467,5.06535324381446,6.07227965975853,4.44978178921538,1.86619949049381,3.79386387907592,4.79131814476406,5.04334207160078,6.24059617189115,4.28423950665199
0.447584951522188,0.396621745847717,5.20704786093544,2.5609460113722,0.996250739076425,2.91195078088403,3.44032859044352,2.43894315520067,1.9616237262334,3.61535189000933,0.0647214283415619,0.52918944528737,0.463659165151027,0.301355023960644,4.05371725130904,0.400294849338649,1.31623620325254,3.05312560711935,2.09045081875319,0.586998379432945,3.48704274802426,3.79862973994744,3.59625147126879,2.57966282373399,2.79404333607997,1.60272880168779,1.82331842258807,1.34860880582709,2.87966121061383,0.752013016703512,1.06976032740012,2.77509638183471,3.09461504055507,3.12092153481758,4.0043155932574,4.08869714694496,5.74384021436588,4.91912123997882,5.70009497441819,4.74387890939235,1.47271867511274,6.1478912638682,2.2170461931701,0.167645901707578,3.63611303529722,1.58241117951442,0.917951817360622,5.96639400467027,3.17760757693305,3.38152234700744,0.162191407260276
3.03111530899051,2.96741685172566,2.65535852661528,6.27894885149134,3.27277407430252,5.45967526049779,1.724662982633,4.47008846729861,3.48161906409462,0.703503952266268,4.22114603695572,5.26793398620694,6.15832134458578,5.65100392167022,0.696822745418613,3.47143827924693,3.88975159652138,3.91424424645284,2.4988179988511,1.73480140137312,4.16087985979325,5.23053659357543,2.48732699238741,4.03533262814426,1.96748439695957,4.46737344933864,3.54965836577036,2.87212985964568,4.39760438454847,1.88587391732695,1.11707936795953,6.19287462990309,2.35921950195623,2.17803044009881,5.12435165324359,0.761109192624322,5.92572966434584,3.48956941089277,3.2027198545945,1.00830325007189,0.229364592675933,2.81958311644006,3.30082461853742,5.88703960365237,0.631444617540023,5.76195358618623,4.54617346438413,0.929751186474565,1.04698884155062,1.83917291284266,3.75322143132055
2.73496750965711,2.1804415280503,3.73280152922966,2.99263188036425,2.57962553102631,5.98926412777126,3.47209405860848,5.56233386752084,1.69759169089076,2.76554639702236,5.11483700521746,0.162064412804733,1.23713260344724,2.14625625440501,5.91070107765917,2.32038438123185,0.232687556965019,0.125384280129977,1.35935698491475,0.0514669180208618,1.51747457933009,2.15178269370053,3.46238982517678,1.46360990785603,5.44770269066077,1.28944322436028,5.79502059062255,4.85686952603078,4.15806259995164,2.05753917036521,0.483342913698163,2.71468776619053,5.93288286854551,3.95370114247094,1.98915205113863,4.3045374130784,1.12642393274102,4.52627106078628,2.89186646634886,0.394887889488497,5.06446335952435,1.16933491585856,3.61865725100517,5.97813345265968,4.35598850232565,5.41803409466181,4.9105070853247,3.3813706248476,4.82024140448249,0.920536217216964,2.78958480211271
7.32198116929615,0.548045628391655,3.4231303675085,0.314929827028537,3.75596703158296,0.759374546289339,4.03075936921539,0.100254701999323,1.39252294551871,4.13427138705499,0.762276273557927,0.00169309507277713,3.95293542920448,0.987489474843174,0.560586796450215,1.80324227991329,5.58544438463521,2.45236852996428,1.44493524508993,4.98220286735323,6.11298466189097,3.68232539588467,2.26209579720979,1.41919820485605,5.50556458244082,4.03104408086906,5.43073232014244,5.42654517649681,3.17793023960754,5.9643754059361,4.96349074656972,1.08694788273651,4.6158093889999,4.13855402121532,4.98740303056662,4.29739948759516,2.94925256304156,3.31927988309041,2.28461494139397,2.33674763635854,5.0992804294522,2.99696337452551,3.21513635862602,4.06189974272551,3.77217704604085,0.697875965975191,5.43754432649556,4.69453113646524,3.69734700445211,2.85098263418458,2.5561013635846
6.2904093230496,4.54150399957361,2.98295497277934,2.10532147026694,0.779040397496693,6.02356994586629,4.76932100632352,2.18443225007418,1.58090331766592,4.44453536414358,5.87451545664566,5.45159855853931,5.4161520154428,2.87540455787858,5.51420586983655,6.27790085501523,5.65894047461379,6.08555014660757,1.09661664479354,4.6022825199058,6.25237407560812,4.37455779695416,1.40429929415376,3.54180430824019,3.19095328849265,4.75824994073491,2.37370095142958,0.855462616217426,1.32417895750585,6.13912269528498,4.03530466739102,1.52551875330508,1.96827055889494,4.19165924363814,2.83838507794865,6.2087477650486,1.74091093933419,3.44386276938197,3.64077759055467,5.32999323718956,0.120291737948011,0.796107364495803,2.34766448258615,4.87035167810795,3.77067174429899,5.18942913682771,5.79755909727583,6.0191781911835,0.631669440253362,1.61877563787436,1.5238311763593
8.03383818307315,1.48363216979503,2.61720472195045,1.2387783687314,1.23559841785082,3.70044866142,3.54740335069707,1.73165679751918,2.53996615983146,3.12334296559989,4.16153625504332,0.023711545303895,4.57507588629745,4.07865264315677,0.991894566950085,1.18323200124223,4.01857519705571,2.67505828241204,4.10368629336021,4.61642284906726,5.67115057553351,2.63898428497382,4.24521438797915,6.09394872711645,5.87380170476646,3.20097529113786,3.62949088206367,0.635441140034083,5.96460638899747,2.17958754084402,1.69022130479888,5.55097483821167,0.132982422085944,4.75447821608458,1.84142436132167,4.32908110275874,3.58375249961931,3.54674228434958,2.9097114029421,3.01235680274072,0.559923524022256,3.18793416643696,0.885518481742009,3.9263822781763,1.15640313696949,2.23426223591024,6.1390381956738,5.54598721066268,4.83334414582998,0.955678730826572,3.76049266960252
5.02211194527155,4.06565425468172,4.55432074189951,4.43743950194386,5.06239291497345,2.80442693696434,2.08822182752961,1.26426525728832,1.75325600029839,2.88159782888175,5.87972478942957,5.31592178806294,0.601688129422853,1.70664367205639,5.67904499789931,2.5009705745488,4.62332372037911,2.14343317507528,4.0174536318923,1.08114344950714,0.300523520342324,5.74583327055038,0.243345620298995,6.08009557755145,4.48158750810838,1.73329675940732,1.61420750354751,1.20144793678621,5.22432182937984,5.87891005962995,2.72253860237509,0.471101738935527,4.25219510243393,1.60580513993249,1.16170537529186,2.10895574791205,4.94245110117833,4.86673135670132,1.80755115150937,3.66957114210452,5.46467367853054,5.85245176713586,2.02822489897672,1.0183383941102,5.11995667136353,0.218726306531471,0.74317475909175,3.07516976228404,2.76652083212578,3.57781861569494,5.9993065805483
5.90655279264937,4.11435118266995,3.27218341673926,2.31463349373002,5.24093328757661,4.75408989472087,4.39589641891342,4.91483249082092,0.88319760170804,3.12662983677413,2.69154257352893,2.08743142166889,2.08878258304733,4.90750106955208,2.8504694527628,4.43742589826864,1.25904019374631,4.80147632460159,4.03983259780321,4.85262913070415,2.71705923393168,5.28230811601,2.61467421599615,1.4365185668215,2.6824373011835,4.71221496042749,4.92189413390384,3.08826914477162,3.91832622823234,3.14418931855131,4.62443864682027,5.29740699883622,4.04270112122015,4.25602486689613,3.19618955067256,5.17922565626894,4.64430481540022,4.00211980149672,0.985217539659383,4.37446169640262,5.68376091035885,2.56949734978691,5.09788921191384,0.0122443844049011,5.8523712744573,5.86610438574223,4.93873218494482,2.60234920725007,4.91744793965057,5.97075109112041,0.738552701604503
0.750375212564687,0.354303973085479,4.46485580682301,4.1693944482429,1.23893351850829,1.49016988339704,1.31185044945972,4.16992881125555,0.37304278188351,4.19430347830684,3.85542448565371,0.309080847943653,3.20609751739057,1.81751393815657,1.08379221337021,5.50895890933673,6.09259990640694,0.699452163653008,2.08710267618104,3.88586647962781,2.84540149345623,3.75831125686364,4.59082886320359,2.69748462346202,3.69430020983803,4.60576177358496,4.42626708392781,4.08122975768108,3.12574589339434,4.02874407960191,2.0963980415646,1.14961799856981,2.92137468995339,5.44380322254085,5.05141141654425,2.59932129598255,4.30109509222907,3.61687100462369,6.23452191805124,2.08007691408985,3.63853930980129,3.52516962621892,5.58034298594719,4.92432599675497,0.467148068237845,3.57225116349107,4.1050486899495,0.27434898714224,1.24129567185003,5.06417521440194,0.681041632209047
0.944404622250678,0.417202226604491,3.60735909664312,6.05190023222214,2.60204424881018,1.0123447177981,4.65024865594504,3.80089122111864,4.11036646446187,5.92543959694908,5.52506534188001,1.89027251700342,5.57638481970225,3.34516698799795,4.70314526917559,5.54971411589181,3.65521323460005,1.01280527951948,4.22853762511932,4.84205986942342,5.3659872905435,6.02715067632094,6.09335449271849,3.69260024197611,3.00037204825902,0.224136320954573,6.27154765927055,1.16615514199107,2.19840193569337,5.17973855388461,3.96444527073844,0.275367698924246,5.14749360700457,5.36441651444009,4.5060733891179,0.0501840646762993,5.44941296624347,4.18407640234236,2.82432754556171,4.10725933032869,0.867176316848646,3.26418026298721,6.14897684856144,4.93384913555764,3.3578128454001,3.59855943812488,5.80398817019252,0.492401128357734,4.39573910109193,5.25413948502774,5.6288859110863
0.49988570106288,5.79605992223489,0.390879900642531,6.20993887880041,0.452064407074241,3.99128159881922,4.97266301910026,5.52439455444188,1.30949421801037,3.20979101249661,5.71978280450676,5.13409591503978,0.952550872995881,4.53526276387538,1.74120979155401,5.95721633836077,3.62863436547203,4.10998139077629,1.14429754106569,2.20478007126546,0.227960796967921,3.75067663558245,1.20283860280446,5.46448303397228,3.99217169523245,1.92001409505953,5.41203985512624,0.323807687295624,5.14034909107538,2.91515171439862,5.99701100314543,2.32004496960828,0.0674579672893932,4.50254768340096,2.70296130159907,3.66793199945051,3.83087615998598,4.92046966862629,2.34026475182052,5.68628862213962,2.7805350562859,1.42750009379447,1.86205269412881,2.03450615718776,4.29067748142519,3.66044407666847,6.2413555082977,1.26714105872271,5.84198462192582,1.82966906846654,5.07637773594309
4.36736832716923,3.12434480262185,4.76836744852401,1.10299135421149,5.38149812817501,1.49116844348251,0.637808229261422,1.20630990552387,2.04432217657866,4.15469021243817,5.64375880964222,3.38415125029467,5.1377129419549,5.95214917195581,3.86772279175609,3.75662711484951,3.81064877645141,5.82494535820638,6.17232494357189,5.93293048652899,3.76660352565278,3.35684289121476,4.36828914763404,3.28897199481664,5.17890417124351,3.08916178812522,0.503590166586087,5.53716358662046,1.67781141169416,3.46624179088376,4.28278638134634,4.45210794599486,0.0508801635230389,1.59343836926399,2.6781320049592,2.46574024489273,1.96513536014133,2.44619452851805,5.35849814183611,5.25762813356682,6.27319060404865,0.485869705303461,1.48004725685759,3.95553846078548,0.592108195751591,2.908276447079,0.17087458531521,0.244788639766548,1.29616075546385,0.798286743778555,5.23016393274976
-0.728846028632467,4.14456464250754,4.01355907917712,5.5881609094008,3.80934523013062,0.268247287496244,0.014612946790746,4.28327909947003,0.352170182718831,3.12371006733687,3.10493200698385,0.128173867413198,0.0346464424776825,4.75426041245219,0.39023884701436,0.411081588021041,1.38482197797678,5.05818001226628,1.85030394783209,5.64732700727769,0.507106468665612,2.18241409021543,4.54109954661223,2.72033085125911,5.6581879480909,4.90013214637828,2.34638272789306,4.65535963674647,1.23975141991431,3.20576638588333,3.71547348255554,2.8043197591971,4.4674924021335,0.766032318652282,5.35858958299358,4.52906769787172,1.31941685048212,4.88510692440319,1.22253510507141,6.14008772967682,5.73792317155443,3.37440628190905,1.39402988719173,1.6678768271817,0.0454995786229378,0.0776110956708012,0.914942692887081,2.57477824120866,2.52218784306463,3.29506659345828,1.77789328016284
-1.61581208308204,3.62175530773167,2.54606250373436,0.244209969354031,3.66462969010179,5.51596364490637,2.67868028471154,3.73948783288391,5.51444669248493,4.49869597516756,3.6881563576705,4.80302872499102,5.31104048686286,1.02150598187009,5.56180895788482,4.88191281686436,0.602224227456345,1.0026143976112,2.41077197874095,3.04747416293687,2.45790732360298,2.26387090347009,5.51145785575931,0.346626678483914,4.2804078667288,3.05778756862305,0.660339577108213,2.00391009307031,2.55881609042387,4.118387653068,5.50239860535374,1.25983398333655,4.63525215105184,5.01314978165072,1.91798291376696,5.09792306237527,5.87136398585426,3.16748962441686,5.4254932316048,5.32591068633493,1.39207443677938,2.46191363448191,5.85811687789904,0.71342724305116,5.22067952324032,4.12205648044939,2.74550509666747,0.455453711772386,2.8461076366985,2.81726431813851,1.25175225771738
2.57495585949903,1.33489133898811,1.31901162656292,2.94450211693784,0.58910745672448,1.02330943216817,1.2463844514067,2.78549704912139,2.07140043034804,5.79065363386413,1.3879495871114,3.17294959456653,3.3908238215369,2.37903792235299,1.56265911561882,3.58107676539853,1.43930772839556,0.812574220555025,5.58828950575164,0.685994816814782,1.08484973783178,4.54742026411263,3.96301148082105,5.26926855077977,4.29322874618704,2.29809235800532,2.91115543182312,0.599255956433085,3.68020793753546,1.02442382757007,2.63164153340446,1.19901434769174,0.62639767305167,3.84982088035534,6.05429176534767,2.16692914623393,4.11806205870569,0.786850710850452,1.05236358794467,5.90981295033367,2.50287772525786,0.356352585046961,2.15530633377714,5.06535964261813,2.23079591296398,3.47236821823405,4.62160323509114,4.19064008712903,4.81757990445462,2.24791119575849,2.87266125878631
7.18364886261688,0.269022811091343,3.36235060515886,4.41204201231076,3.04869414298823,3.24558600512459,4.83107573481584,1.37572628043019,3.54339504000913,2.41786766246466,4.58151875160579,4.2016076732073,2.19610579360412,2.63997064724834,4.50271572002322,4.49146269522099,1.22292846179915,4.13789822429875,0.532736446702788,0.93403061099263,0.550149265090853,0.917752108561949,5.87162892031841,6.0506387096861,1.01894754734673,1.6375142374751,5.17855084873192,4.9798147486785,0.698570467315388,2.94279328525528,5.70993808412607,1.38201354391995,5.76695452336391,4.01020510102476,2.03155659542382,5.28049165890728,4.75045490902341,5.22832471849339,1.5679976869746,0.864270905952335,0.716221467784693,4.22541609294641,5.10041409294812,4.8636002760621,4.76396602541564,5.79079433878791,3.16203043839128,0.433592320426259,0.859481279976616,3.91989661081079,2.62245963341004
-2.83023394672753,3.03072189448622,1.45552810031345,0.82822989146513,5.265017300601,2.70304060931399,5.79200958922512,2.01476519391455,4.34618789623964,3.69572725716599,4.86058922199961,1.22080195091287,3.45281070196214,3.21340411879128,5.49377743747035,0.500614554639906,5.63468714637675,1.62858232677374,5.74124408922113,0.839445974660016,0.140869478659223,2.69485551390334,2.00187633704192,5.3439380444239,2.71666144895091,5.77571086634074,4.12812013398489,1.77195094642365,5.45496335058212,2.35350364256488,4.04055699680019,3.32914460741291,4.88333973838137,5.2616902898805,3.19242457446333,1.32375301720373,4.60382641488951,5.65981837029024,1.30535646394202,1.71550820513978,0.865295523534627,0.773631111606795,3.67086446555378,1.29426937208585,2.24367128612067,0.331196067279878,1.08220417190763,3.70391095256404,1.47375700608911,5.44729631396212,0.498279103941867
3.56417013630201,1.89491892183626,5.96831341024407,3.55716508119804,0.946263902089736,4.76193781823553,0.614787116922546,4.98547341089878,1.9231131129232,4.57711966477759,3.71664910107905,1.3100810866158,0.338246507336149,0.151141922639176,3.86346043949201,0.347696852798113,2.37581573410163,5.99169150677849,2.16638048758581,3.93022469834281,6.18775595854131,0.690450395687526,3.54681380202572,3.93551415222408,0.300682937451258,5.75266395105278,1.57707887383677,4.0614378921733,0.672243525846888,0.474931873516007,4.16223679384643,4.77534671030113,4.5266702092067,3.51833520064623,5.90699089650952,4.73362679119619,3.76387833309757,3.47912626924257,3.6122142949959,0.689335028908023,0.141674810673105,0.336457760827677,2.75571901514675,5.80094626026191,2.43240103236357,4.64478818401446,2.5813605986817,2.34651792639319,1.32244720482283,4.19622377479775,1.61877772838429
-1.02647377774676,5.10584747163587,0.149103303871093,3.29080097742396,2.56929817787917,1.16979451205401,1.24322600249605,3.3009759559498,0.232550847270512,4.19833418334474,6.05546707519547,1.84637808281834,5.5414577193169,2.4135035744886,6.0114962079295,3.20208057548596,2.2242739403605,6.20816156060797,0.387136433717822,6.22259843496745,0.536154123234162,2.35530559190902,1.8621011459756,5.51382423400846,3.69609521324712,4.38263424143907,3.42606314082457,3.86916501100746,0.64953823850339,0.0217299291387705,2.63724324422391,4.88690413389275,6.15453815212063,0.830050825097183,3.64404736606823,1.06585216223222,3.14681586946627,0.0260117191953702,5.29671581685715,4.57621190509147,2.82081171454181,3.46247341485291,3.21595064516147,2.25464053261096,5.71784442927423,0.389818203938602,2.79758294829617,5.77374384717221,4.34256370980344,5.26715361303841,0.417453408175783
7.83568634880255,1.47992408500699,3.65758134640712,4.38475132674417,2.28403849754277,4.38746242262076,3.82024815522978,1.22725850474568,4.36435703888593,5.8906057751463,3.88698082821633,4.97618361777018,4.93669946466244,0.658242947786615,4.66994920025464,3.96291640870091,2.01913859921586,6.09468605684633,3.66554760390229,3.24773176508696,2.17019991360595,2.62010496143135,3.59377173588643,3.70624651736969,0.458280552264497,4.6766655420058,0.565342185754124,0.122449514319487,4.62803251281636,3.2080369517758,5.11083597986155,0.056121058764505,2.58297699881126,2.52622208543845,3.28978930959251,2.89235002806829,4.26272099111944,5.85416217876994,1.8268739615934,0.108698341847957,3.40657670335337,2.27813737420586,0.536927843051269,1.13111332542161,0.311044179095704,3.87051277256428,5.4781714297032,1.89974019365587,5.45612588476633,2.27215154498634,0.0768766259457605
4.39882487397655,4.30118958064489,1.14048694521908,4.62809000695979,5.48784044923381,5.77723332811167,4.65020889236872,5.89120557448464,2.59163430369704,4.51984545644835,2.63870712490327,5.78317393707045,3.98575076199195,2.31171676569945,3.51613202407508,1.00408647355765,0.719537197943877,2.89244300528974,1.4968058816873,1.83332804748341,4.30383594971107,3.74328659664909,6.03649581017756,5.58117664444384,1.02760611034207,3.43888933945294,1.07458552715478,1.79687199435961,5.74290699844226,5.94011398776208,2.77477376889944,1.41809732974304,3.41402559548106,5.67142207118525,2.75147456168537,4.22023057208008,3.93824749762174,1.36407296759436,4.54952730941095,3.89985598632406,3.03702242810588,3.32459124855867,1.86895971408535,5.39858420527299,3.96834975959321,5.21023146618537,1.72000997565087,3.32383604489569,0.179639313738472,1.16236638458555,1.93185862445458
1.50792329871157,1.22237238469345,3.28055047428936,6.04834215212811,6.15264082344356,3.17932831384294,2.6163218903884,0.459421240693034,1.58340264152136,3.50221895484848,1.65969981000468,5.27120737220232,4.59943414233372,3.32008207129334,3.02015704829226,0.610660369849823,6.14187840723715,2.2111579274202,3.95988717495545,0.50844504748565,1.82014130099106,3.31326719469494,1.16949471040036,5.50074224269101,0.144448874932588,0.253414414378969,3.68602716525537,2.92661538916383,3.1290672777319,1.66096688577776,6.03914929487728,4.03669811441653,1.24355502740126,0.000207959656640144,0.082358373093961,4.265749812322,4.72727309805936,1.5889505330476,6.05392438419334,3.83060824848354,3.29017126872549,3.32708389273016,4.27978101218351,2.73435855035765,5.73171232212763,6.22840056702669,3.79789565204402,0.416687054151205,1.92085843285816,6.10267062276127,6.04074939078484
3.99737750516472,3.57465651534077,0.54456136860682,3.59672666509681,1.25755411621093,1.90331541329812,3.40697702942285,5.2840326491923,2.06420378040726,5.38380212028267,1.17972818955727,4.75866588930655,1.63584770460589,3.22738493575414,1.07360371162965,3.67506042620667,5.01464819012259,0.14173653850146,5.92807184154121,4.19350172020182,3.19762069563406,1.06389510699872,4.5207635194665,4.58324217882202,0.651960320284247,1.86408878351154,5.6486223744235,0.238985967890544,3.09478219357481,4.60270410363788,2.43274237650192,4.74988019873013,5.05801847246322,4.74399197833069,4.02291727542928,4.57072127217886,0.117682222714084,6.13423320466949,2.52746336996579,2.45478911810578,3.95535373226794,3.53915948108967,3.88487542431209,0.362176991496869,6.0691199176283,1.49579462054707,5.45726582564373,0.941766937264529,4.57849616097133,1.31473668442585,5.69361566782049
-1.31545959704039,4.77046077896534,0.418389700616122,1.95463057112328,1.70154460818563,0.858030932752404,2.09817797106581,3.15975791072567,4.28157431275596,2.95555974562389,0.998512985353777,4.68562961057238,4.96928972018882,0.421505416226755,1.84226321610334,1.53775315621992,1.25727180374291,3.6537763974243,4.97982746728828,1.06408007543483,2.16088508556026,5.57302696481698,5.86144230720509,5.64626538225675,2.24223990562935,1.89478034253245,3.41424192302911,2.33542628778764,2.90093749324497,1.3052592574244,5.61195748974389,4.26072387533727,3.96446322659494,4.95839975215508,0.886751835790442,5.00476668612971,1.09928233023004,0.254705290366278,5.9205668640602,0.562652969280321,2.27423322328516,2.49050403791268,5.29200846832004,2.30453618737668,3.90779971049205,5.7871311977691,4.8961723021663,6.03296982358035,3.06743813197918,2.98957526371818,3.43155763876675
9.11375694657797,2.16046075300511,3.84787825095703,1.3350657305265,5.83382771402072,3.75045432177361,2.34072331373289,0.43151060409156,2.80074229836436,0.745111286658753,4.20200111917305,2.62373028601782,0.254932368899296,0.875956063588911,5.32275502428323,2.86931189175172,2.2518130733045,2.44161548667401,3.38977780585186,4.07601901464415,1.91617763628419,0.227093462097085,0.27958712185729,1.03749591785796,5.20638034604505,0.725190220614962,5.79170179418707,3.79066964865197,0.692840663388913,0.295020225873734,0.536841767877322,0.326010384029641,4.83794081583688,5.07451325855441,2.8142683292064,1.67421928218183,0.369174533898312,5.52081256587768,2.22986079670978,2.19283695728397,1.91186922989606,6.06913584734327,5.42924069375878,1.30470318909621,0.920189378358305,0.841317276561537,1.25982850470834,3.81031700711189,1.38774370918719,2.36254936536698,0.817746333777159
-0.228800097433513,4.30900719103403,3.39165610927931,1.04668719369435,1.06993973528461,4.05328547688962,3.44344536374392,2.76574689140805,5.1350498136992,3.82254294704564,5.40699796355693,2.35127942630592,5.75879811870263,5.73128242755794,4.67209740036437,0.33625905997956,5.26248173587598,3.94381867148921,2.85758212242832,4.31081948613482,2.93829681489639,5.09516898011384,4.5307181093837,5.96357372536574,3.4094961948362,5.61286974936602,6.10362788759519,2.39278045044158,2.72433865724031,4.09895380457592,3.24458235993588,1.78933907514329,1.25429693934787,6.05465088832944,3.03466240623578,5.39937386943424,3.90161185813745,4.9356554882852,2.1597607247604,3.5818421641376,1.65530425758656,5.92092945708365,1.96852214569454,4.22642313064214,3.5952543975081,2.90227683717116,4.40933036198821,5.26872678540164,1.77480563063556,6.22765469824397,0.345775426934442
7.30182770525922,5.89038929545477,0.902053100166664,5.34455083154894,1.06274429517708,1.44545552459024,3.16647094628197,4.61732605761524,2.91760699125361,0.30460998157698,6.01790066578659,0.20443982746513,2.95750059611381,3.6582395951744,0.178941841211656,1.92373519250389,0.504268915224407,2.0754708697039,0.890554281720435,5.15622426113993,3.86028254547426,4.75396835548684,0.387327278695853,0.382626247039015,0.830016288527167,0.79946387057061,1.11462950243851,5.72221273045436,3.500098376095,5.62122861311196,0.673280175930382,0.10462691648532,2.61337330731666,0.937038186235925,5.50157720172184,4.61489643888044,4.85502874645206,3.60317810456802,5.36375188442415,4.98670807133306,2.49524221891123,5.29904146892989,5.68649075499355,4.03762719759658,3.32832191787602,5.28590164699785,2.86526790780642,0.392474098064396,6.05750817068386,2.36084371699416,1.09407941380483
4.1107334858202,3.80693269681606,0.720620465374885,2.67143330453716,0.573672257809347,0.090258044409837,5.79963491073608,3.02549341795633,4.45171700893362,4.74510445584699,1.36264449245835,0.0209944222048116,1.08926991847576,2.04501729527028,1.84987874484068,5.52144721046174,5.32789764361396,5.40666614008944,2.15013637543334,4.14422604572934,5.37684402839307,1.04911857670835,0.360216078548402,0.083086389887354,2.98595091489807,1.97101486593778,0.138670016437079,0.432904814760317,4.9742365645076,2.55758427536526,4.12332705552251,1.96238551741649,5.97628021340769,5.724819357888,2.08367864034477,3.40683012318933,5.93784380661706,0.764360589498053,4.31451681701206,2.48578817519236,0.922882692465648,5.44007113126712,2.75942408778647,3.58421500848466,0.0139877351024553,3.15872204330334,4.7968557768458,4.95386570820824,6.07113578216858,5.97171659364603,4.51620377204901
9.33438876452257,2.14100962159884,0.951103719321836,0.676329747162979,0.896480763279323,1.4515176288955,2.19341862082688,2.80049747609796,1.93611148091741,3.82128159274517,0.623912559982449,0.30645524353669,5.59086278011599,4.47356806915228,1.05887419074884,4.56720006932377,4.93202631915002,2.67804242463354,6.04315816878868,3.59243440639843,1.64222464643683,3.26481883258048,3.06605206683829,3.26770302385005,0.381411505697305,4.28161965736475,0.045870244028354,4.90066606027508,3.66517783087691,2.30076389657706,0.034852083409167,2.07030332663784,4.38247101196562,2.13712933233493,4.37668383970666,0.85356707522625,4.2060224981082,4.98192555221337,5.61221765070635,3.81909077198012,3.62026817543235,2.60202944115338,3.3101264105201,2.78956100482431,2.45737452737559,5.87879991945359,1.11836919649749,2.86015297566325,2.8172559502471,4.02143549594721,5.4625517026903
5.24677036274113,3.80594369251149,3.82859859256759,4.1404270596006,3.13627822477107,0.680794649212642,3.73883604875162,1.21502989059767,3.29986537876409,3.35243510002399,0.843030621346367,5.52126450662282,6.20240547828404,4.31860162076054,0.914139584508679,3.58923079574376,6.15228598534884,1.37489695948564,3.46542625794211,2.58828646541185,4.09124988632823,2.67912131355074,5.12741590047036,1.74036220168849,4.34690374448045,2.06983185886217,3.7430036390342,3.27296253911283,4.41029679346682,4.23193505340156,2.17012487176016,6.24627863578858,0.953341619716513,2.67863404040814,2.96221419277403,1.17211362195711,0.534401929196819,0.0392033884070573,2.57853054415857,0.719821637494784,2.22548783028389,1.76652343111156,1.02478886074088,1.77173217726532,2.00845225913833,1.1551020746836,4.76284442221637,5.77142239660019,1.79915252565004,6.27465787869796,3.17146598936271
0.527040757714966,4.95864814979327,1.43554079187611,0.268805589700343,2.29751427422296,6.17686372591039,3.41952192938543,3.74749403974599,5.2777888504616,2.27196675795207,1.64115236259476,5.78113278160242,3.29535229111873,1.92427752842007,4.01796264546048,4.70159367924278,6.17305859552572,3.32373630167813,2.89461537719489,2.29848437908886,3.96375185342054,1.4456001603749,2.14667240339643,4.69852561526274,4.46555482126548,1.30685200655737,4.47813339760224,0.0866008135800645,2.09966587286004,2.32215468180626,4.51247372886059,6.06522032077158,4.25771531993886,6.15288392678122,0.00818141470876205,3.0399492502712,4.08259089177206,0.897984751320747,5.66113250960085,0.811783677180006,6.27498498279173,2.13009092770569,0.0918898417521747,1.49864243489568,3.73166544167848,4.99341854093106,2.88607026057077,3.80196652149778,2.10469914784186,4.47478856415079,5.55096580030378
1.40400632174026,0.218452505320837,2.08521612921021,3.73334896926702,4.10817627860327,5.07020697778624,0.859557348790902,2.71843812638523,4.91566712508393,4.40576011626743,5.48573879332569,3.92716619160658,5.40604594328433,4.02734917112123,3.39353850156279,5.46433635010231,1.70029426526954,1.84423997830627,3.28429896194892,0.864283915682814,1.36122917334463,0.240369418796827,5.25956625278869,4.84964380790776,5.27040582475751,5.46208427256853,3.47432630043603,2.35501453557964,3.76918339777766,2.34677700040752,5.35202284802271,5.88078122986884,0.00590727929617966,4.23601570831436,2.63461608327211,1.9802998709355,1.76478761151628,5.06470277630844,4.98210689992723,4.32796262288956,6.0460745603481,0.878686341247363,2.74109505258287,2.4975782957382,4.06806558840345,3.3120958054676,1.92579419849832,0.131217974646769,5.77319880778342,2.58552346959056,3.31165879233853
6.98754561475961,5.6668653944328,2.53139074324808,5.80938211884928,3.89286951382372,5.8407404583757,2.7768920889074,3.97764072013044,0.268730762903506,0.27251702310787,5.6878530023652,0.851971543623097,0.151090319666848,3.94616213897833,5.29610120547326,2.06348680133077,0.596951153868807,5.49893959846079,2.41285101062098,3.46773308225917,2.28012681844563,1.78610274925161,2.14933765142042,2.15816906989016,3.61019026152107,0.492793581002104,3.57069231309583,3.6727063218402,1.51831450350487,6.14747597360969,3.5200877530985,2.69808086205775,2.38869658734944,0.36487764213838,0.245066660032922,3.78065153005426,1.99870156489135,5.04139817531541,3.47300346992912,4.47424768968977,2.46968566765829,0.370732276864559,1.71343375511918,2.64364098143535,4.67743088954274,5.71740096906518,5.53628477223146,1.24387154289397,4.98595156713591,0.237749474419914,3.01495036485299
-0.333790139187857,4.93355174186715,4.36316852035079,3.5885660340652,4.22335161417544,6.12092646232169,0.747765318489832,5.17551167592103,0.040452934032791,4.7868771219262,1.42333292336938,1.45671485310646,0.937110656271736,1.50260544339946,5.45219249011323,4.3301188588083,3.78527423122546,1.25925940178006,5.61935813044456,2.17380991851429,5.96665668477766,4.80614481364576,0.71754836374095,4.79453370014485,1.09419624244264,5.04392634352662,6.00467717371792,5.01263592436078,3.35595208236042,5.85603349676356,5.54002357391041,0.448245086384204,4.9668352903634,4.39512025894896,4.72237783769498,0.697677129075693,3.87165061708007,3.95454117197583,1.72662254091933,2.66619361474019,0.313848370690111,3.45191792255715,0.651181524141405,2.11288729928837,3.00418377347839,3.61302526070731,4.27709441140723,1.55181884437515,4.18835936712218,0.320807596341222,5.68814653395197
1.20183978721627,0.130199995786721,2.60474360184335,3.27925684947898,0.843572866561629,3.91663139374997,3.61138108268927,4.82985693095062,0.959562156586843,0.301230706645186,2.4025605522678,5.66193730326088,1.72573903641496,3.56912338612087,2.38521861372359,1.14591091441774,1.86942878998996,2.74017376383035,2.13107727096228,0.435601282919039,5.06702863904139,3.57589329554334,2.97740030647948,0.632605227986963,5.59178007656507,1.79879868380253,2.23933851775776,1.31982883308285,0.69302634719196,1.38769081299528,6.22430978433202,5.5248980294022,0.0286094155141345,0.831749588977517,3.03864978110309,5.92414214953376,1.41420479731772,6.14280987643659,3.01945937388275,1.83537702224858e-05,5.39950594167844,4.46613031568285,4.75759977166419,0.360140230634746,0.711959356902096,5.76056600253637,5.30875330514685,3.29744357640058,4.53681100811453,0.498211988186227,3.5089780255109
-0.308495122632262,5.47763597389074,5.01080580945487,4.4999611944976,1.26158778512086,1.4268952020383,1.51674203773107,5.13729204286848,4.57805859193339,4.92853354225613,5.1910672817716,5.50365923989851,4.1680630582023,5.10483995849176,3.97804560172681,0.247673926761761,2.99630091986875,2.60424545044192,1.89311545983483,3.01538353197043,1.49237493250333,2.90206400307148,2.69235703854038,5.75741815685597,5.25207080475605,2.0133369338275,1.54440193748835,3.99741878300615,2.15485591007804,3.83369122252464,2.89300496771487,6.08363892898626,3.069627081672,1.59842349229723,2.26082948215412,4.98498036361853,0.764028820158528,0.540455026315467,4.51577623570326,0.524941675390704,3.17541597789559,4.70192938383194,5.54525209286493,4.49645506408748,6.00980503951983,0.299996719153226,4.65999434701219,2.40312505578163,0.855312289681437,1.42903809614416,1.01519377416416
-2.41508976348408,3.10780776599362,0.777277196463722,3.97533583417983,5.9687501615108,6.10007041022341,0.992495361072714,2.03870436927158,2.58883090500423,3.32164587512919,6.05196513897148,4.24023055816549,3.34308423299141,0.163974199692166,0.40917611820486,0.568578767656466,0.718424274237566,0.32280914183934,0.903556280677309,0.972348222983544,5.88955659224362,2.00947077050056,5.60404350377461,3.24956244760509,0.113580525187633,5.31087781914996,1.62385172369085,5.87435495697735,1.73365499586073,2.36294229492264,1.89570324927236,2.36511176586124,1.36389211434681,2.9476882164631,1.57391569238614,3.35638466869938,2.52653742474502,0.240154460540096,0.861960939287237,2.96996523161306,1.40633279124564,3.01240825356957,5.15236611167823,5.54988067496681,0.437419252679062,5.28693020860729,3.6411989109615,5.23328794749465,3.04369465117361,6.20079831063049,1.9608585761904
6.30923021651662,4.87847680411778,1.35294388998932,3.16559102885274,2.8986417944199,3.83485848924884,6.2104541404917,0.636378800302826,0.20542581669554,6.15824892428918,3.15522453240655,3.08321798415336,4.25250260196252,1.95088756648068,3.53943630615197,2.95767294249273,4.99201836594529,0.783544157576378,2.63067890551285,5.0918069778558,0.335425929596336,0.694710761308855,1.78159220415787,4.18755500356006,5.29866991699612,1.17536118598547,4.84791196452381,1.11937383354466,2.85221450922283,2.45191704418665,0.903214766840458,5.73900497167861,3.88870360882277,2.09958775888628,5.50845949543699,1.13633195066116,5.90305640613077,2.26308353462731,1.13789501133463,6.25025537524146,4.97001031413588,0.75108463279831,1.25140829056691,3.34473374627169,3.39068518517928,5.93221011494548,2.75107030036626,0.820822116112982,0.643823904935603,4.09460292967594,2.95121604194834
4.83549837166296,4.74359755367275,0.173719922943515,2.72551948960386,1.04703568565044,0.947424737826061,4.43394840886868,5.22733059982721,0.543769052175089,3.59466360389346,3.99086897692329,3.64901896296091,3.16390771777607,0.200322090504858,5.37611579362488,2.13695909840972,2.48411017158249,0.535111630255859,2.76779854916497,1.94998689609557,3.24514176518021,0.683848487777276,4.09505705309486,0.827355350259836,0.358177231565099,0.90353260773695,3.17902690883107,6.20299186558943,3.60496369117344,0.191884161888405,4.73883039226706,4.95222063342141,5.75849985311296,0.447975041947198,0.0838907241911063,2.39817149374303,3.54637109375657,3.09634940600979,3.20360058979494,0.999610264614148,2.40121671572018,1.97323770412791,0.368101373768313,1.94554849480691,3.59823288847706,1.76757503221783,3.84204602813583,4.83841333691356,2.45814339323051,5.42785553123835,2.42905967480547
